{"type":"Topology","arcs":[[[1001,1449],[70,34]],[[1071,1483],[66,-54],[-20,-49],[-20,-89],[23,-30],[-6,-35]],[[1114,1226],[-139,50],[39,74],[10,49],[-23,50]],[[1071,1483],[39,-14],[80,14],[56,35]],[[1246,1518],[-3,-223],[33,0],[33,-34],[-7,-40]],[[1302,1221],[-188,0]],[[1114,1221],[0,5]],[[1715,900],[20,5],[49,69],[100,0],[26,-59],[73,0]],[[1983,915],[86,-55],[-10,-69],[-27,-59],[0,-322],[0,-405],[-310,-5]],[[1722,0],[-7,366],[0,445]],[[1715,811],[0,89]],[[1712,1177],[29,34],[43,-19],[106,0],[0,34],[80,0]],[[1970,1226],[128,0]],[[2098,1226],[-39,-118],[-30,-15],[-26,-79],[-24,-25],[4,-74]],[[1715,900],[-73,0],[23,79],[30,49],[-20,25],[37,124]],[[291,1083],[119,0]],[[410,1083],[-30,-64],[23,-109]],[[403,910],[-158,0]],[[245,910],[16,59],[30,0],[0,114]],[[486,1320],[33,5],[0,40]],[[519,1365],[26,10],[218,0]],[[763,1375],[33,-35],[0,-45]],[[796,1295],[0,-9],[0,-5],[10,-60],[-39,-24],[19,-50]],[[786,1147],[-178,0],[-102,99],[-17,49]],[[489,1295],[-3,25]],[[354,1647],[0,-144]],[[354,1503],[-185,0]],[[169,1503],[13,119],[-37,69],[73,-10],[106,15],[30,-49]],[[354,1647],[66,14],[56,-39],[33,-84],[3,-55]],[[512,1483],[-43,-5]],[[469,1478],[-16,5],[0,5],[-10,15],[-89,0]],[[40,381],[23,99],[-4,49],[27,30],[23,84]],[[109,643],[109,0],[30,-69],[16,-70],[0,-69],[-29,-34],[0,-85]],[[235,316],[-50,-39],[-36,-5],[-4,74],[-26,35],[-79,0]],[[952,949],[33,35],[43,0],[0,35],[115,0]],[[1143,1019],[0,-50],[96,0],[33,-20],[0,-29],[66,0]],[[1338,920],[-3,-139]],[[1335,781],[-30,0],[0,-104],[-33,0]],[[1272,677],[-96,0],[-29,35],[0,35],[-99,0],[0,34],[-63,0],[0,69],[-33,0],[0,99]],[[235,316],[26,0]],[[261,316],[-46,-113],[-30,0],[-7,-55],[37,-5],[20,-39],[-4,-104]],[[231,0],[-132,5],[-40,79],[-3,74],[-20,35],[23,54],[-59,69],[40,65]],[[714,643],[6,99],[33,39],[24,60],[-7,59]],[[770,900],[-13,54]],[[757,954],[195,-5]],[[1272,677],[0,-34]],[[1272,643],[-380,0]],[[892,643],[-178,0]],[[109,643],[17,99]],[[126,742],[76,0],[29,34],[56,-10],[24,-39],[46,-20],[56,0],[10,-94],[96,5],[0,-44],[162,0]],[[681,574],[39,-70],[-29,-74],[-50,-5],[0,-24]],[[641,401],[-73,-25],[-62,-64],[-96,-10],[-20,-20]],[[390,282],[-56,0],[-73,34]],[[1332,1192],[135,0]],[[1467,1192],[172,0]],[[1639,1192],[73,-15]],[[1715,811],[-155,5],[0,-35],[-225,0]],[[1338,920],[0,202],[-6,70]],[[1722,0],[-308,0]],[[1414,0],[0,302],[-155,0],[3,168],[10,0],[0,173]],[[737,1449],[13,20],[89,14],[23,-14]],[[862,1469],[-9,-70],[0,-104],[-57,0]],[[763,1375],[-26,34],[0,40]],[[641,401],[-3,-396]],[[638,5],[-248,0]],[[390,5],[0,277]],[[770,1068],[10,54]],[[780,1122],[367,0]],[[1147,1122],[-4,-103]],[[757,954],[10,84],[3,30]],[[390,5],[-159,-5]],[[681,574],[0,49],[33,20]],[[892,643],[-3,-99],[0,-242],[122,-5],[0,-297]],[[1011,0],[-373,5]],[[1414,0],[-403,0]],[[126,742],[9,163]],[[135,905],[110,5]],[[403,910],[0,-5],[3,-30],[70,0],[10,35],[132,-30],[10,15],[142,5]],[[159,1211],[99,0]],[[258,1211],[0,-123],[33,-5]],[[135,905],[10,74],[0,124],[14,108]],[[410,1083],[3,10]],[[413,1093],[36,-25],[57,45],[46,-5],[125,-25],[30,-15],[63,0]],[[433,1221],[7,60],[49,14]],[[786,1147],[-6,-25]],[[413,1093],[3,64],[24,15],[-7,49]],[[1246,1518],[86,15],[26,25],[37,0]],[[1395,1558],[0,-124],[49,0],[27,-35],[-4,-207]],[[1332,1192],[-30,29]],[[512,1483],[23,-44],[109,-30],[93,40]],[[519,1365],[0,34],[-50,45],[0,34]],[[258,1211],[0,10]],[[258,1221],[175,0]],[[159,1211],[16,89],[-10,30],[17,143],[-13,30]],[[354,1503],[-33,-30],[33,-49],[-27,-59]],[[327,1365],[0,-84],[-86,0],[17,-60]],[[1395,1558],[82,4],[36,25],[268,5]],[[1781,1592],[0,-59]],[[1781,1533],[-36,-69],[0,-84],[-23,-15],[-60,0],[0,-30],[-73,-5],[14,-59],[26,0],[10,-79]],[[1781,1533],[63,0],[-13,-64],[39,-144],[33,-25],[10,-39],[57,0],[0,-35]],[[1781,1592],[281,-5],[36,-69],[50,-15],[33,-69],[-53,-114],[-30,-94]],[[862,1469],[139,-20]],[[1114,1221],[10,-79],[23,-20]],[[486,1320],[-73,45],[-86,0]]],"transform":{"scale":[0.30261348005502064,0.20224056603773585],"translate":[-9999,3366.9999999999995]},"objects":{"oregon":{"type":"GeometryCollection","geometries":[{"arcs":[[0,1,2]],"type":"Polygon","properties":{"name":"Sherman County","stateAbbrev":"OR","state":"Oregon","fips":"055","incits":"41055","id":"US.OR.055","population":1731}},{"arcs":[[3,4,5,6,-2]],"type":"Polygon","properties":{"name":"Gilliam County","stateAbbrev":"OR","state":"Oregon","fips":"021","incits":"41021","id":"US.OR.021","population":1947}},{"arcs":[[7,8,9,10]],"type":"Polygon","properties":{"name":"Malheur County","stateAbbrev":"OR","state":"Oregon","fips":"045","incits":"41045","id":"US.OR.045","population":30479}},{"arcs":[[11,12,13,-8,14]],"type":"Polygon","properties":{"name":"Baker County","stateAbbrev":"OR","state":"Oregon","fips":"001","incits":"41001","id":"US.OR.001","population":16018}},{"arcs":[[15,16,17,18]],"type":"Polygon","properties":{"name":"Benton County","stateAbbrev":"OR","state":"Oregon","fips":"003","incits":"41003","id":"US.OR.003","population":86591}},{"arcs":[[19,20,21,22,23,24]],"type":"Polygon","properties":{"name":"Clackamas County","stateAbbrev":"OR","state":"Oregon","fips":"005","incits":"41005","id":"US.OR.005","population":388263}},{"arcs":[[25,26,27]],"type":"Polygon","properties":{"name":"Clatsop County","stateAbbrev":"OR","state":"Oregon","fips":"007","incits":"41007","id":"US.OR.007","population":37244}},{"arcs":[[28,29,30,-26]],"type":"Polygon","properties":{"name":"Columbia County","stateAbbrev":"OR","state":"Oregon","fips":"009","incits":"41009","id":"US.OR.009","population":49344}},{"arcs":[[31,32,33]],"type":"Polygon","properties":{"name":"Coos County","stateAbbrev":"OR","state":"Oregon","fips":"011","incits":"41011","id":"US.OR.011","population":62282}},{"arcs":[[34,35,36,37,38]],"type":"Polygon","properties":{"name":"Crook County","stateAbbrev":"OR","state":"Oregon","fips":"013","incits":"41013","id":"US.OR.013","population":20815}},{"arcs":[[-34,39,40,41]],"type":"Polygon","properties":{"name":"Curry County","stateAbbrev":"OR","state":"Oregon","fips":"015","incits":"41015","id":"US.OR.015","population":22339}},{"arcs":[[42,43,44,-39,45,46,47]],"type":"Polygon","properties":{"name":"Deschutes County","stateAbbrev":"OR","state":"Oregon","fips":"017","incits":"41017","id":"US.OR.017","population":165954}},{"arcs":[[48,49,50,51,52,-40,-33]],"type":"Polygon","properties":{"name":"Douglas County","stateAbbrev":"OR","state":"Oregon","fips":"019","incits":"41019","id":"US.OR.019","population":106940}},{"arcs":[[53,54,55,-15,-11,56,-37,57]],"type":"Polygon","properties":{"name":"Grant County","stateAbbrev":"OR","state":"Oregon","fips":"023","incits":"41023","id":"US.OR.023","population":7283}},{"arcs":[[-46,-38,-57,-10,58,59]],"type":"Polygon","properties":{"name":"Harney County","stateAbbrev":"OR","state":"Oregon","fips":"025","incits":"41025","id":"US.OR.025","population":7146}},{"arcs":[[60,61,-22,62]],"type":"Polygon","properties":{"name":"Hood River County","stateAbbrev":"OR","state":"Oregon","fips":"027","incits":"41027","id":"US.OR.027","population":22675}},{"arcs":[[-52,63,64,65]],"type":"Polygon","properties":{"name":"Jackson County","stateAbbrev":"OR","state":"Oregon","fips":"029","incits":"41029","id":"US.OR.029","population":208545}},{"arcs":[[66,67,68,-35,-45,69]],"type":"Polygon","properties":{"name":"Jefferson County","stateAbbrev":"OR","state":"Oregon","fips":"031","incits":"41031","id":"US.OR.031","population":21145}},{"arcs":[[-53,-66,70,-41]],"type":"Polygon","properties":{"name":"Josephine County","stateAbbrev":"OR","state":"Oregon","fips":"033","incits":"41033","id":"US.OR.033","population":83306}},{"arcs":[[-51,71,-48,72,73,-64]],"type":"Polygon","properties":{"name":"Klamath County","stateAbbrev":"OR","state":"Oregon","fips":"035","incits":"41035","id":"US.OR.035","population":65910}},{"arcs":[[-47,-60,74,-73]],"type":"Polygon","properties":{"name":"Lake County","stateAbbrev":"OR","state":"Oregon","fips":"037","incits":"41037","id":"US.OR.037","population":7820}},{"arcs":[[75,76,-18,77,-43,-72,-50]],"type":"Polygon","properties":{"name":"Lane County","stateAbbrev":"OR","state":"Oregon","fips":"039","incits":"41039","id":"US.OR.039","population":356212}},{"arcs":[[78,79,-19,-77,80]],"type":"Polygon","properties":{"name":"Lincoln County","stateAbbrev":"OR","state":"Oregon","fips":"041","incits":"41041","id":"US.OR.041","population":46350}},{"arcs":[[81,82,-70,-44,-78,-17]],"type":"Polygon","properties":{"name":"Linn County","stateAbbrev":"OR","state":"Oregon","fips":"043","incits":"41043","id":"US.OR.043","population":118765}},{"arcs":[[83,-24,84,-67,-83,85]],"type":"Polygon","properties":{"name":"Marion County","stateAbbrev":"OR","state":"Oregon","fips":"047","incits":"41047","id":"US.OR.047","population":323614}},{"arcs":[[86,87,-54,88,-5]],"type":"Polygon","properties":{"name":"Morrow County","stateAbbrev":"OR","state":"Oregon","fips":"049","incits":"41049","id":"US.OR.049","population":11336}},{"arcs":[[-30,89,-63,-21,90]],"type":"Polygon","properties":{"name":"Multnomah County","stateAbbrev":"OR","state":"Oregon","fips":"051","incits":"41051","id":"US.OR.051","population":766135}},{"arcs":[[91,92,-86,-82,-16,-80]],"type":"Polygon","properties":{"name":"Polk County","stateAbbrev":"OR","state":"Oregon","fips":"053","incits":"41053","id":"US.OR.053","population":76794}},{"arcs":[[93,-27,94,95,-92,-79]],"type":"Polygon","properties":{"name":"Tillamook County","stateAbbrev":"OR","state":"Oregon","fips":"057","incits":"41057","id":"US.OR.057","population":25317}},{"arcs":[[96,97,98,-55,-88]],"type":"Polygon","properties":{"name":"Umatilla County","stateAbbrev":"OR","state":"Oregon","fips":"059","incits":"41059","id":"US.OR.059","population":76720}},{"arcs":[[99,-12,-56,-99]],"type":"Polygon","properties":{"name":"Union County","stateAbbrev":"OR","state":"Oregon","fips":"061","incits":"41061","id":"US.OR.061","population":25652}},{"arcs":[[100,-13,-100,-98]],"type":"Polygon","properties":{"name":"Wallowa County","stateAbbrev":"OR","state":"Oregon","fips":"063","incits":"41063","id":"US.OR.063","population":6814}},{"arcs":[[-62,101,-3,-7,102,-68,-85,-23]],"type":"Polygon","properties":{"name":"Wasco County","stateAbbrev":"OR","state":"Oregon","fips":"065","incits":"41065","id":"US.OR.065","population":25477}},{"arcs":[[-31,-91,-20,103,-95]],"type":"Polygon","properties":{"name":"Washington County","stateAbbrev":"OR","state":"Oregon","fips":"067","incits":"41067","id":"US.OR.067","population":554996}},{"arcs":[[-6,-89,-58,-36,-69,-103]],"type":"Polygon","properties":{"name":"Wheeler County","stateAbbrev":"OR","state":"Oregon","fips":"069","incits":"41069","id":"US.OR.069","population":1381}},{"arcs":[[-104,-25,-84,-93,-96]],"type":"Polygon","properties":{"name":"Yamhill County","stateAbbrev":"OR","state":"Oregon","fips":"071","incits":"41071","id":"US.OR.071","population":100725}}]}},"crs":{"type":"name","properties":{"name":"urn:ogc:def:crs:EPSG:4326"}},"ac-tx":{"default":{"crs":"wsg84","scale":80.18426075278775,"xoffset":0,"yoffset":0}}}