{"type":"Topology","arcs":[[[1631,1989],[-59,-40],[36,-38],[7,-25],[-20,-20],[-116,-15],[-4,-14],[25,-81],[60,-25],[15,-79],[-52,-65],[69,-62],[-16,-29],[-60,-58],[-119,-6],[-97,-28]],[[1300,1404],[-18,65],[41,138],[-12,29],[-57,40],[-63,-4],[-25,66],[-83,4],[-20,22],[34,56],[-19,90],[29,57],[44,31],[7,39],[61,0],[38,29],[47,71],[8,36],[-73,80],[-24,82]],[[1215,2335],[109,13],[25,-59],[86,-18],[138,-65],[4,-21],[-30,-21],[7,-131],[77,-44]],[[1092,194],[-38,24],[-37,-10],[-1,-85],[-52,-36]],[[964,87],[-6,20],[-67,36],[-54,80],[-100,29],[-58,94],[-95,95],[19,105]],[[603,546],[55,-12],[40,-99],[48,-33],[127,-2],[11,-38],[26,-7],[26,8],[35,72],[-11,23],[58,13],[55,72]],[[1073,543],[68,-13],[44,43],[38,-16],[26,-49],[-37,-21],[64,-95],[-22,-21],[-32,8],[-37,-40],[3,-28],[-72,-38],[-24,-79]],[[2515,1562],[-111,4],[-21,21],[6,72],[-29,10],[11,35],[-17,10],[20,61],[-16,85],[23,54],[-60,69]],[[2321,1983],[-138,170],[0,52],[32,24],[8,42],[-40,108],[24,121],[-7,204],[-27,46],[-42,4],[-53,83]],[[2078,2837],[22,50],[-16,35],[18,40],[-10,32],[40,114],[28,23],[145,3],[127,30],[48,33],[51,-28],[80,-5],[19,-29],[94,9],[39,-32],[26,36],[52,0],[36,21],[60,-57],[-5,-128],[-34,-23],[-52,-128],[-63,-78],[-62,-125],[-1,-223],[-80,-196],[30,-234],[-35,-50],[-54,-160],[13,-120],[-79,-85]],[[2321,1983],[-278,-129],[-82,29],[-20,66],[-80,52],[-83,4],[-53,-37],[-94,21]],[[1215,2335],[-167,29],[-98,-55],[-65,4],[-75,-27],[-14,13],[40,30],[-48,93],[24,87],[-11,26],[47,53],[5,42],[400,3],[45,-13],[50,28],[79,-53],[37,19],[14,-41],[34,10],[36,-19],[54,22],[49,-44],[57,21],[88,-17],[71,-50],[49,-9],[22,-43],[34,30],[-36,89],[8,63],[48,27],[86,184]],[[1982,762],[16,-137],[-105,-184]],[[1893,441],[-59,103],[-51,11],[-37,-52],[-56,51],[-63,22],[-23,-107],[-48,-45],[3,-89],[-57,-95],[47,-56]],[[1549,184],[-95,-109],[-78,-32],[-44,22],[-47,-16],[4,68],[-23,52],[46,47],[-32,56],[-188,-78]],[[1073,543],[89,105],[32,77],[37,22]],[[1231,747],[101,-37],[146,133],[18,-65],[68,0],[51,-45],[90,5],[136,66],[71,-43],[70,1]],[[2515,1562],[-94,-95],[-118,-34],[-67,-59],[-69,-118]],[[2167,1256],[-44,23],[-40,-5],[-39,25],[-31,60],[-201,93],[-15,35],[-51,8],[-54,-15],[-83,-64],[-81,-139],[-101,-47],[-78,-106],[-60,-26],[-17,37]],[[1272,1135],[32,86],[-33,28],[38,23],[-9,16],[19,34],[-24,29],[5,53]],[[284,480],[146,-87],[67,-17],[65,-65],[15,-54],[76,-30]],[[653,227],[-62,-58],[-93,-17],[-25,-63],[-35,-10],[-16,15],[-24,-54],[-48,-40],[-48,61]],[[302,61],[5,41],[-22,0]],[[285,102],[-26,27],[12,33],[-159,131],[-17,40],[-95,64],[39,87],[105,69],[34,-13],[38,-54],[68,-6]],[[1167,931],[21,-28],[-10,-11],[24,-10],[-19,-23],[63,-10],[-7,-21],[23,-43],[-31,-38]],[[603,546],[-21,38],[30,37],[94,11],[74,57],[8,55],[-51,44],[30,20],[-10,160],[-22,6]],[[735,974],[182,-29],[57,44],[54,81],[64,-96],[-24,-39],[99,-4]],[[964,87],[-25,10],[-48,-48],[-13,34],[-70,39],[-27,40],[-15,-21],[-18,8],[-61,74],[-34,4]],[[284,480],[26,24],[-31,35],[50,78],[-105,60],[8,45],[28,16],[-55,63],[-42,-12],[37,86],[-23,110],[74,-31],[72,32],[48,-32],[155,31],[16,86],[-23,19],[-6,59],[24,-15],[57,36],[67,-34],[40,-102],[15,5],[25,-34],[-6,-31]],[[2167,1256],[-56,-108],[-124,-108],[11,-167],[-16,-111]],[[1167,931],[18,32],[35,13],[-34,48],[34,33],[2,56],[50,22]],[[1893,441],[-29,-47],[-136,-41],[-29,-58],[-100,-45],[-50,-66]],[[302,61],[-26,25],[9,16]]],"transform":{"scale":[1.3731699012597889,1.46574913981858],"translate":[5966,-2695]},"objects":{"republic_of_the_congo":{"type":"GeometryCollection","geometries":[{"arcs":[[0,1,2]],"type":"Polygon","properties":{"labelrank":6,"code_hasc":"CG.CO","name":"Cuvette-Ouest","admin":"Republic of the Congo","type_en":"Region","region":"","woe_id":55998384,"longitude":14,"woe_name":"Cuvette-Ouest","fips":"CF10","woe_label":"","latitude":0,"iso_a2":"CG","postal":"CO","type":"Région","id":"CG.CO"}},{"arcs":[[3,4,5,6]],"type":"Polygon","properties":{"labelrank":6,"code_hasc":"CG.BO","name":"Bouenza","admin":"Republic of the Congo","type_en":"Region","region":"","woe_id":2344967,"longitude":13,"woe_name":"Bouenza","fips":"CF01","woe_label":"Bouenza, CG, Congo","latitude":-4,"iso_a2":"CG","postal":"BO","type":"Région","id":"CG.BO"}},{"arcs":[[7,8,9]],"type":"Polygon","properties":{"labelrank":6,"code_hasc":"CG.LI","name":"Likouala","admin":"Republic of the Congo","type_en":"Region","region":"","woe_id":2344971,"longitude":17,"woe_name":"Likouala","fips":"CF06","woe_label":"Likuoala, CG, Congo","latitude":1,"iso_a2":"CG","postal":"LI","type":"Région","id":"CG.LI"}},{"arcs":[[10,-3,11,-9]],"type":"Polygon","properties":{"labelrank":6,"code_hasc":"CG.SA","name":"Sangha","admin":"Republic of the Congo","type_en":"Region","region":"","woe_id":2344974,"longitude":15,"woe_name":"Sangha","fips":"CF10","woe_label":"Sangha, CG, Congo","latitude":1,"iso_a2":"CG","postal":"SA","type":"Région","id":"CG.SA"}},{"arcs":[[12,13,14,-7,15,16]],"type":"Polygon","properties":{"labelrank":6,"code_hasc":"CG.PO","name":"Pool","admin":"Republic of the Congo","type_en":"Region","region":"","woe_id":2344975,"longitude":15,"woe_name":"Pool","fips":"CF11","woe_label":"Pool, CG, Congo","latitude":-3,"iso_a2":"CG","postal":"PO","type":"Région","id":"CG.PO"}},{"arcs":[[-8,17,18,19,-1,-11]],"type":"Polygon","properties":{"labelrank":6,"code_hasc":"CG.CU","name":"Cuvette","admin":"Republic of the Congo","type_en":"Region","region":"","woe_id":2344968,"longitude":15,"woe_name":"Cuvette","fips":"CF13","woe_label":"","latitude":0,"iso_a2":"CG","postal":"CU","type":"Région","id":"CG.CU"}},{"arcs":[[20,21,22,23]],"type":"Polygon","properties":{"labelrank":6,"code_hasc":"CG.KO","name":"Kouilou","admin":"Republic of the Congo","type_en":"Region","region":"","woe_id":2344969,"longitude":11,"woe_name":"Kouilou","fips":"CF04","woe_label":"Kouilou, CG, Congo","latitude":-4,"iso_a2":"CG","postal":"KO","type":"Région","id":"CG.KO"}},{"arcs":[[24,-16,-6,25,26]],"type":"Polygon","properties":{"labelrank":6,"code_hasc":"CG.LE","name":"Lékoumou","admin":"Republic of the Congo","type_en":"Region","region":"","woe_id":2344970,"longitude":13,"woe_name":"Lékoumou","fips":"CF05","woe_label":"LÃ©koumou, CG, Congo","latitude":-3,"iso_a2":"CG","postal":"LE","type":"Région","id":"CG.LE"}},{"arcs":[[-26,-5,27,-21,28]],"type":"Polygon","properties":{"labelrank":6,"code_hasc":"CG.NI","name":"Niari","admin":"Republic of the Congo","type_en":"Region","region":"","woe_id":2344972,"longitude":12,"woe_name":"Niari","fips":"CF07","woe_label":"Niari, CG, Congo","latitude":-2,"iso_a2":"CG","postal":"NI","type":"Région","id":"CG.NI"}},{"arcs":[[29,-17,-25,30,-19]],"type":"Polygon","properties":{"labelrank":6,"code_hasc":"CG.PL","name":"Plateaux","admin":"Republic of the Congo","type_en":"Region","region":"","woe_id":2344973,"longitude":15,"woe_name":"Plateaux","fips":"CF08","woe_label":"","latitude":-2,"iso_a2":"CG","postal":"PL","type":"Région","id":"CG.PL"}},{"arcs":[[31,-14]],"type":"Polygon","properties":{"labelrank":6,"code_hasc":"CG.BR","name":"Brazzaville","admin":"Republic of the Congo","type_en":"Region","region":"","woe_id":2344976,"longitude":15,"woe_name":"Brazzaville","fips":"CF12","woe_label":"Brazzaville, CG, Congo","latitude":-4,"iso_a2":"CG","postal":"BR","type":"Région","id":"CG.BR"}},{"arcs":[[32,-23]],"type":"Polygon","properties":{"labelrank":6,"code_hasc":"CG.KO","name":"Pointe Noire","admin":"Republic of the Congo","type_en":"Region","region":"","woe_id":2344969,"longitude":11,"woe_name":"Kouilou","fips":"CF04","woe_label":"Kouilou, CG, Congo","latitude":-4,"iso_a2":"CG","postal":"KO","type":"Région","id":"CG.7280"}}]}},"crs":{"type":"name","properties":{"name":null}},"ac-tx":{"default":{"crs":null,"scale":536.8190788094324}}}