{"crs": {"type": "name", "properties": {"name": "urn:ogc:def:crs:EPSG:25394"}}, "type": "FeatureCollection", "features": [{"geometry": {"type": "MultiPolygon", "coordinates": [[[[858, 2523], [875, 2496], [855, 2485], [858, 2523]]], [[[3369, 2627], [3354, 2588], [3350, 2625], [3369, 2627]]], [[[1099, 2638], [1085, 2653], [1110, 2672], [1099, 2638]]], [[[1412, 2884], [1393, 2886], [1403, 2903], [1412, 2884]]], [[[1540, 2898], [1557, 2893], [1522, 2877], [1540, 2898]]], [[[2900, 5160], [2879, 5154], [2906, 5188], [2900, 5160]]], [[[2277, 5523], [2276, 5500], [2255, 5504], [2277, 5523]]], [[[3036, 5611], [3062, 5603], [3055, 5578], [3036, 5611]]], [[[3119, 6047], [3141, 6032], [3116, 6033], [3105, 6066], [3119, 6047]]], [[[1725, 6135], [1706, 6141], [1734, 6157], [1725, 6135]]], [[[1733, 6192], [1714, 6215], [1742, 6217], [1733, 6192]]], [[[938, 6559], [955, 6543], [906, 6567], [938, 6559]]], [[[905, 6639], [901, 6616], [883, 6630], [905, 6639]]], [[[1604, 6671], [1582, 6663], [1581, 6688], [1604, 6671]]]]}, "type": "Feature", "properties": {"labelrank": 20, "code_hasc": "-99", "name": "", "admin": "Philippines", "type_en": "", "region": "", "woe_id": -99, "longitude": 120, "woe_name": "", "fips": "", "woe_label": "", "latitude": 4, "iso_a2": "PH", "postal": "", "type": "", "id": "PH.4218"}}, {"geometry": {"type": "MultiPolygon", "coordinates": [[[[467, 2242], [458, 2357], [486, 2298], [467, 2242]]], [[[633, 2430], [603, 2423], [628, 2460], [633, 2430]]], [[[832, 2530], [830, 2456], [813, 2499], [784, 2505], [703, 2437], [638, 2430], [640, 2464], [821, 2569], [832, 2530]]]]}, "type": "Feature", "properties": {"labelrank": 7, "code_hasc": "PH.TT", "name": "Tawi-Tawi", "admin": "Philippines", "type_en": "Province", "region": "Autonomous Region in Muslim Mindanao (ARMM)", "woe_id": 2346725, "longitude": 119, "woe_name": "Tawitawi", "fips": "RP72", "woe_label": "", "latitude": 4, "iso_a2": "PH", "postal": "TT", "type": "Lalawigan|Probinsya", "id": "PH.TT"}}, {"geometry": {"type": "MultiPolygon", "coordinates": [[[[2543, 4582], [2515, 4600], [2578, 4619], [2543, 4582]]], [[[2933, 4865], [2896, 4831], [2892, 4851], [2933, 4865]]], [[[2810, 4870], [2924, 4809], [2906, 4731], [2942, 4703], [2928, 4672], [2882, 4686], [2785, 4608], [2584, 4626], [2585, 4663], [2550, 4680], [2590, 4756], [2668, 4787], [2723, 4863], [2810, 4870]]]]}, "type": "Feature", "properties": {"labelrank": 7, "code_hasc": "PH.BO", "name": "Bohol", "admin": "Philippines", "type_en": "Province", "region": "Central Visayas (Region VII)", "woe_id": 2346666, "longitude": 124, "woe_name": "Bohol", "fips": "RP11", "woe_label": "", "latitude": 9, "iso_a2": "PH", "postal": "BO", "type": "Lalawigan|Probinsya", "id": "PH.BO"}}, {"geometry": {"type": "MultiPolygon", "coordinates": [[[[2642, 5314], [2669, 5307], [2675, 5218], [2653, 4979], [2599, 5006], [2583, 4993], [2566, 4966], [2571, 4946], [2581, 4916], [2576, 4913], [2553, 4910], [2546, 4905], [2479, 4827], [2397, 4580], [2325, 4512], [2353, 4783], [2572, 5158], [2617, 5323], [2630, 5313], [2623, 5361], [2678, 5406], [2642, 5314]]], [[[2524, 5344], [2503, 5392], [2522, 5416], [2556, 5350], [2524, 5344]]]]}, "type": "Feature", "properties": {"labelrank": 9, "code_hasc": "PH.CB", "name": "Cebu", "admin": "Philippines", "type_en": "Province", "region": "Central Visayas (Region VII)", "woe_id": 2346676, "longitude": 123, "woe_name": "Cebu", "fips": "RP21", "woe_label": "", "latitude": 10, "iso_a2": "PH", "postal": "CB", "type": "Lalawigan|Probinsya", "id": "PH.CB"}}, {"geometry": {"type": "Polygon", "coordinates": [[[2342, 4984], [2307, 4841], [2243, 4732], [2233, 4613], [2253, 4599], [2233, 4581], [2325, 4461], [2278, 4368], [2164, 4340], [2095, 4483], [1977, 4526], [2175, 4779], [2252, 4926], [2237, 4998], [2342, 4984]]]}, "type": "Feature", "properties": {"labelrank": 7, "code_hasc": "PH.NR", "name": "Negros Oriental", "admin": "Philippines", "type_en": "Province", "region": "Central Visayas (Region VII)", "woe_id": 2346700, "longitude": 123, "woe_name": "Negros Oriental", "fips": "RP46", "woe_label": "", "latitude": 9, "iso_a2": "PH", "postal": "NR", "type": "Lalawigan|Probinsya", "id": "PH.NR"}}, {"geometry": {"type": "Polygon", "coordinates": [[[2501, 4396], [2470, 4364], [2393, 4405], [2475, 4457], [2501, 4396]]]}, "type": "Feature", "properties": {"labelrank": 7, "code_hasc": "PH.SQ", "name": "Siquijor", "admin": "Philippines", "type_en": "Province", "region": "Central Visayas (Region VII)", "woe_id": 2346722, "longitude": 123, "woe_name": "Siquijor", "fips": "RP69", "woe_label": "", "latitude": 9, "iso_a2": "PH", "postal": "SQ", "type": "Lalawigan|Probinsya", "id": "PH.SQ"}}, {"geometry": {"type": "Polygon", "coordinates": [[[2342, 4984], [2237, 4998], [2252, 4926], [2175, 4779], [1977, 4526], [1884, 4652], [1881, 4721], [1919, 4784], [2030, 4789], [2108, 4844], [2081, 5043], [2131, 5093], [2180, 5080], [2201, 5123], [2157, 5152], [2146, 5203], [2166, 5231], [2270, 5274], [2416, 5237], [2439, 5170], [2342, 4984]]]}, "type": "Feature", "properties": {"labelrank": 7, "code_hasc": "PH.ND", "name": "Negros Occidental", "admin": "Philippines", "type_en": "Province", "region": "Western Visayas (Region VI)", "woe_id": 2346788, "longitude": 122, "woe_name": "Negros Occidental", "fips": "RPH3", "woe_label": "", "latitude": 10, "iso_a2": "PH", "postal": "ND", "type": "Lalawigan|Probinsya", "id": "PH.ND"}}, {"geometry": {"type": "MultiPolygon", "coordinates": [[[[1508, 3150], [1489, 3181], [1505, 3201], [1508, 3150]]], [[[1651, 3202], [1672, 3156], [1737, 3159], [1713, 3233], [1850, 3167], [1802, 3152], [1779, 3094], [1668, 3073], [1596, 3175], [1651, 3202]]]]}, "type": "Feature", "properties": {"labelrank": 7, "code_hasc": "PH.BS", "name": "Basilan", "admin": "Philippines", "type_en": "Province", "region": "Autonomous Region in Muslim Mindanao (ARMM)", "woe_id": 2346677, "longitude": 122, "woe_name": "Basilan", "fips": "RP22", "woe_label": "", "latitude": 6, "iso_a2": "PH", "postal": "BS", "type": "Lalawigan|Probinsya", "id": "PH.BS"}}, {"geometry": {"type": "Polygon", "coordinates": [[[2431, 4134], [2434, 3948], [2253, 3945], [2257, 3831], [2200, 3837], [2161, 3803], [2143, 3796], [2128, 3797], [2089, 3808], [2069, 3810], [2050, 3810], [2032, 3805], [1964, 3780], [1900, 3718], [1875, 3706], [1875, 3706], [1868, 3700], [1864, 3693], [1858, 3667], [1853, 3661], [1836, 3645], [1830, 3634], [1815, 3583], [1748, 3430], [1644, 3432], [1714, 3505], [1712, 3575], [1760, 3640], [1736, 3715], [1811, 3827], [1996, 3889], [2015, 3915], [2042, 3892], [2143, 3914], [2175, 3948], [2149, 3985], [2189, 4072], [2321, 4093], [2377, 4148], [2358, 4184], [2414, 4172], [2431, 4134]]]}, "type": "Feature", "properties": {"labelrank": 7, "code_hasc": "PH.ZN", "name": "Zamboanga del Norte", "admin": "Philippines", "type_en": "Province", "region": "Zamboanga Peninsula (Region IX)", "woe_id": 2346718, "longitude": 122, "woe_name": "Zamboanga del Norte", "fips": "RP65", "woe_label": "", "latitude": 8, "iso_a2": "PH", "postal": "ZN", "type": "Lalawigan|Probinsya", "id": "PH.ZN"}}, {"geometry": {"type": "MultiPolygon", "coordinates": [[[[2150, 3548], [2077, 3503], [2075, 3557], [2150, 3548]]], [[[2152, 3755], [2210, 3744], [2215, 3700], [2193, 3671], [2172, 3584], [2129, 3620], [2076, 3580], [2080, 3714], [2006, 3735], [1923, 3677], [1898, 3640], [1922, 3635], [1908, 3601], [1901, 3617], [1862, 3584], [1815, 3583], [1820, 3597], [1830, 3634], [1836, 3645], [1841, 3651], [1853, 3661], [1858, 3667], [1861, 3675], [1864, 3693], [1868, 3700], [1964, 3780], [2032, 3805], [2050, 3810], [2069, 3810], [2089, 3808], [2128, 3797], [2128, 3797], [2128, 3797], [2127, 3774], [2132, 3756], [2152, 3755]]]]}, "type": "Feature", "properties": {"labelrank": 7, "code_hasc": "PH.ZS", "name": "Zamboanga Sibugay", "admin": "Philippines", "type_en": "Province", "region": "Zamboanga Peninsula (Region IX)", "woe_id": 28350153, "longitude": 122, "woe_name": "Zamboanga Sibugay", "fips": "RP65", "woe_label": "", "latitude": 7, "iso_a2": "PH", "postal": "ZS", "type": "Lalawigan|Probinsya", "id": "PH.ZS"}}, {"geometry": {"type": "Polygon", "coordinates": [[[2493, 3842], [2498, 3822], [2505, 3794], [2463, 3757], [2381, 3741], [2401, 3675], [2338, 3631], [2385, 3574], [2375, 3534], [2303, 3607], [2257, 3588], [2236, 3603], [2230, 3632], [2258, 3657], [2231, 3709], [2225, 3713], [2220, 3708], [2215, 3700], [2210, 3744], [2132, 3756], [2127, 3774], [2128, 3797], [2143, 3796], [2161, 3803], [2200, 3837], [2257, 3831], [2253, 3945], [2434, 3948], [2434, 3871], [2493, 3842]]]}, "type": "Feature", "properties": {"labelrank": 7, "code_hasc": "PH.ZS", "name": "Zamboanga del Sur", "admin": "Philippines", "type_en": "Province", "region": "Zamboanga Peninsula (Region IX)", "woe_id": 2346719, "longitude": 123, "woe_name": "Zamboanga del Sur", "fips": "RP66", "woe_label": "", "latitude": 7, "iso_a2": "PH", "postal": "ZS", "type": "Lalawigan|Probinsya", "id": "PH.2611"}}, {"geometry": {"type": "Polygon", "coordinates": [[[2493, 3842], [2434, 3871], [2434, 3948], [2431, 4134], [2446, 4116], [2463, 4159], [2531, 4128], [2578, 4033], [2591, 3916], [2493, 3842]]]}, "type": "Feature", "properties": {"labelrank": 7, "code_hasc": "PH.MD", "name": "Misamis Occidental", "admin": "Philippines", "type_en": "Province", "region": "Northern Mindanao (Region X)", "woe_id": 2346697, "longitude": 123, "woe_name": "Misamis Occidental", "fips": "RP42", "woe_label": "", "latitude": 8, "iso_a2": "PH", "postal": "MD", "type": "Lalawigan|Probinsya", "id": "PH.MD"}}, {"geometry": {"type": "MultiPolygon", "coordinates": [[[[1158, 2639], [1123, 2665], [1146, 2674], [1158, 2639]]], [[[1121, 2720], [1127, 2739], [1151, 2728], [1121, 2720]]], [[[1319, 2783], [1273, 2793], [1294, 2805], [1319, 2783]]], [[[1615, 2898], [1661, 2894], [1620, 2879], [1581, 2915], [1615, 2898]]], [[[1229, 2926], [1294, 2909], [1313, 2878], [1338, 2891], [1414, 2864], [1348, 2811], [1317, 2851], [1171, 2826], [1149, 2869], [1229, 2926]]], [[[997, 2995], [963, 3005], [1011, 3063], [997, 2995]]]]}, "type": "Feature", "properties": {"labelrank": 7, "code_hasc": "PH.SU", "name": "Sulu", "admin": "Philippines", "type_en": "Province", "region": "Autonomous Region in Muslim Mindanao (ARMM)", "woe_id": 2346713, "longitude": 120, "woe_name": "Sulu", "fips": "RP60", "woe_label": "", "latitude": 5, "iso_a2": "PH", "postal": "SU", "type": "Lalawigan|Probinsya", "id": "PH.SU"}}, {"geometry": {"type": "Polygon", "coordinates": [[[1976, 5542], [1939, 5498], [1877, 5497], [1853, 5441], [1817, 5432], [1798, 5430], [1780, 5430], [1778, 5435], [1782, 5460], [1777, 5478], [1754, 5508], [1773, 5617], [1772, 5626], [1765, 5638], [1713, 5671], [1687, 5675], [1662, 5668], [1642, 5653], [1627, 5646], [1647, 5705], [1671, 5721], [1879, 5625], [1976, 5542]]]}, "type": "Feature", "properties": {"labelrank": 7, "code_hasc": "PH.AK", "name": "Aklan", "admin": "Philippines", "type_en": "Province", "region": "Western Visayas (Region VI)", "woe_id": 2346659, "longitude": 122, "woe_name": "Aklan", "fips": "RP04", "woe_label": "", "latitude": 11, "iso_a2": "PH", "postal": "AK", "type": "Lalawigan|Probinsya", "id": "PH.AK"}}, {"geometry": {"type": "Polygon", "coordinates": [[[1755, 5646], [1765, 5638], [1772, 5626], [1773, 5617], [1754, 5508], [1777, 5478], [1782, 5460], [1778, 5435], [1780, 5430], [1785, 5421], [1786, 5409], [1785, 5396], [1786, 5385], [1789, 5374], [1793, 5366], [1800, 5359], [1809, 5351], [1834, 5328], [1846, 5313], [1852, 5301], [1846, 5276], [1843, 5273], [1835, 5268], [1832, 5265], [1830, 5247], [1779, 5166], [1772, 5157], [1764, 5150], [1730, 5127], [1721, 5118], [1711, 5102], [1697, 5033], [1698, 5024], [1709, 5018], [1701, 5010], [1685, 5003], [1670, 5005], [1687, 5107], [1664, 5169], [1716, 5285], [1746, 5592], [1736, 5624], [1668, 5641], [1640, 5642], [1632, 5643], [1627, 5646], [1662, 5668], [1687, 5675], [1713, 5671], [1755, 5646]]]}, "type": "Feature", "properties": {"labelrank": 7, "code_hasc": "PH.AQ", "name": "Antique", "admin": "Philippines", "type_en": "Province", "region": "Western Visayas (Region VI)", "woe_id": 2346661, "longitude": 121, "woe_name": "Antique", "fips": "RP06", "woe_label": "", "latitude": 11, "iso_a2": "PH", "postal": "AQ", "type": "Lalawigan|Probinsya", "id": "PH.AQ"}}, {"geometry": {"type": "Polygon", "coordinates": [[[2209, 5529], [2111, 5371], [1973, 5389], [1934, 5364], [1844, 5380], [1831, 5373], [1809, 5351], [1800, 5359], [1793, 5366], [1789, 5374], [1786, 5385], [1785, 5396], [1785, 5421], [1780, 5430], [1798, 5430], [1817, 5432], [1853, 5441], [1877, 5497], [1939, 5498], [1976, 5542], [1990, 5520], [2038, 5569], [2088, 5566], [2142, 5526], [2110, 5499], [2122, 5486], [2209, 5529]]]}, "type": "Feature", "properties": {"labelrank": 7, "code_hasc": "PH.CP", "name": "Capiz", "admin": "Philippines", "type_en": "Province", "region": "Western Visayas (Region VI)", "woe_id": 2346673, "longitude": 122, "woe_name": "Capiz", "fips": "RP18", "woe_label": "", "latitude": 11, "iso_a2": "PH", "postal": "CP", "type": "Lalawigan|Probinsya", "id": "PH.CP"}}, {"geometry": {"type": "Polygon", "coordinates": [[[1986, 5161], [1947, 5180], [1918, 5126], [1802, 5104], [1742, 5070], [1713, 5020], [1709, 5018], [1708, 5018], [1698, 5024], [1697, 5033], [1711, 5102], [1721, 5118], [1730, 5127], [1753, 5141], [1764, 5150], [1772, 5157], [1779, 5166], [1785, 5175], [1803, 5220], [1830, 5247], [1832, 5265], [1835, 5268], [1843, 5273], [1846, 5276], [1852, 5301], [1846, 5313], [1834, 5328], [1809, 5351], [1831, 5373], [1844, 5380], [1934, 5364], [1973, 5389], [2111, 5371], [2209, 5529], [2246, 5563], [2231, 5363], [2188, 5354], [2145, 5293], [2080, 5275], [2056, 5185], [1986, 5161]]]}, "type": "Feature", "properties": {"labelrank": 7, "code_hasc": "PH.II", "name": "Iloilo", "admin": "Philippines", "type_en": "Province", "region": "Western Visayas (Region VI)", "woe_id": 2346685, "longitude": 122, "woe_name": "Iloilo", "fips": "RP30", "woe_label": "", "latitude": 10, "iso_a2": "PH", "postal": "II", "type": "Lalawigan|Probinsya", "id": "PH.II"}}, {"geometry": {"type": "Polygon", "coordinates": [[[2032, 5148], [2044, 5103], [2020, 5039], [1949, 4997], [1923, 5038], [1957, 5060], [1949, 5088], [2012, 5162], [2032, 5148]]]}, "type": "Feature", "properties": {"labelrank": 7, "code_hasc": "PH.GU", "name": "Guimaras", "admin": "Philippines", "type_en": "Province", "region": "Western Visayas (Region VI)", "woe_id": 28350150, "longitude": 122, "woe_name": "Guimaras", "fips": "RP30", "woe_label": "", "latitude": 10, "iso_a2": "PH", "postal": "GU", "type": "Lalawigan|Probinsya", "id": "PH.GU"}}, {"geometry": {"type": "MultiPolygon", "coordinates": [[[[22, 3388], [19, 3353], [-21, 3362], [-18, 3384], [22, 3388]]], [[[-667, 3871], [-664, 3795], [-702, 3761], [-723, 3888], [-707, 3871], [-668, 3891], [-667, 3871]]], [[[-686, 3895], [-707, 3907], [-682, 3923], [-686, 3895]]], [[[-550, 4012], [-531, 3961], [-565, 3944], [-574, 3985], [-550, 4012]]], [[[-590, 4012], [-576, 4001], [-612, 3983], [-590, 4012]]], [[[-42, 4647], [-37, 4645], [-32, 4647], [90, 4579], [67, 4544], [21, 4480], [-48, 4418], [-152, 4395], [-213, 4278], [-338, 4185], [-429, 4172], [-455, 4098], [-536, 4082], [-611, 4019], [-574, 4150], [-527, 4208], [-270, 4454], [-216, 4445], [-153, 4497], [-42, 4647]]], [[[345, 5089], [363, 5079], [328, 5073], [345, 5089]]], [[[739, 5070], [717, 5050], [701, 5070], [703, 5034], [651, 5018], [626, 5063], [673, 5113], [739, 5070]]], [[[1261, 5194], [1228, 5199], [1264, 5235], [1261, 5194]]], [[[415, 5293], [409, 5263], [398, 5296], [415, 5293]]], [[[579, 5299], [562, 5289], [547, 5332], [579, 5299]]], [[[522, 5449], [543, 5411], [517, 5342], [543, 5292], [517, 5291], [510, 5230], [523, 5199], [557, 5200], [550, 5127], [580, 5128], [584, 5078], [613, 5053], [535, 4984], [437, 4964], [359, 4833], [264, 4952], [283, 4975], [256, 4979], [302, 4995], [325, 5041], [340, 4998], [420, 5089], [432, 5159], [376, 5215], [381, 5263], [492, 5157], [484, 5209], [422, 5259], [426, 5297], [443, 5287], [427, 5330], [469, 5313], [457, 5376], [507, 5488], [522, 5449]]], [[[690, 5514], [669, 5465], [669, 5488], [639, 5479], [614, 5505], [640, 5495], [647, 5521], [669, 5505], [677, 5534], [690, 5514]]], [[[882, 5677], [847, 5737], [873, 5746], [882, 5677]]], [[[734, 5735], [790, 5696], [769, 5675], [781, 5639], [734, 5602], [752, 5659], [716, 5656], [682, 5742], [713, 5755], [734, 5735]]], [[[722, 5900], [844, 5816], [861, 5867], [916, 5765], [818, 5777], [802, 5747], [752, 5768], [703, 5863], [680, 5844], [716, 5896], [696, 5893], [698, 5919], [722, 5900]]]]}, "type": "Feature", "properties": {"labelrank": 7, "code_hasc": "PH.PL", "name": "Palawan", "admin": "Philippines", "type_en": "Province", "region": "MIMAROPA (Region IV-B)", "woe_id": 2346703, "longitude": 117, "woe_name": "Palawan", "fips": "RP49", "woe_label": "", "latitude": 9, "iso_a2": "PH", "postal": "PL", "type": "Lalawigan|Probinsya", "id": "PH.PL"}}, {"geometry": {"type": "MultiPolygon", "coordinates": [[[[1992, 5890], [1901, 5952], [1907, 5988], [2001, 5986], [2021, 5942], [1992, 5890]]], [[[1843, 5996], [1817, 6001], [1829, 6053], [1843, 5996]]], [[[1771, 6059], [1702, 5806], [1666, 5939], [1694, 5968], [1695, 6041], [1752, 6076], [1771, 6059]]]]}, "type": "Feature", "properties": {"labelrank": 7, "code_hasc": "PH.RO", "name": "Romblon", "admin": "Philippines", "type_en": "Province", "region": "MIMAROPA (Region IV-B)", "woe_id": 2346707, "longitude": 122, "woe_name": "Romblon", "fips": "RP54", "woe_label": "", "latitude": 12, "iso_a2": "PH", "postal": "RO", "type": "Lalawigan|Probinsya", "id": "PH.RO"}}, {"geometry": {"type": "MultiPolygon", "coordinates": [[[[2737, 6322], [2670, 6337], [2704, 6349], [2737, 6322]]], [[[2621, 6374], [2679, 6361], [2651, 6343], [2598, 6366], [2621, 6374]]], [[[2584, 6346], [2568, 6406], [2602, 6394], [2584, 6346]]], [[[2306, 6353], [2379, 6417], [2441, 6417], [2425, 6478], [2447, 6490], [2571, 6346], [2530, 6343], [2519, 6266], [2544, 6262], [2584, 6306], [2609, 6293], [2603, 6282], [2601, 6270], [2596, 6262], [2478, 6257], [2402, 6223], [2376, 6253], [2315, 6241], [2306, 6353]]]]}, "type": "Feature", "properties": {"labelrank": 7, "code_hasc": "PH.AL", "name": "Albay", "admin": "Philippines", "type_en": "Province", "region": "Bicol (Region V)", "woe_id": 2346660, "longitude": 123, "woe_name": "Albay", "fips": "RP05", "woe_label": "", "latitude": 13, "iso_a2": "PH", "postal": "AL", "type": "Lalawigan|Probinsya", "id": "PH.AL"}}, {"geometry": {"type": "Polygon", "coordinates": [[[2192, 6630], [2188, 6632], [2183, 6640], [2167, 6665], [2144, 6686], [2133, 6698], [2082, 6712], [1925, 6788], [1845, 6754], [1845, 6762], [1850, 6763], [1857, 6770], [1862, 6778], [1883, 6862], [1948, 6883], [2024, 6855], [2019, 6883], [2109, 6842], [2188, 6762], [2210, 6668], [2197, 6654], [2195, 6648], [2192, 6630]]]}, "type": "Feature", "properties": {"labelrank": 7, "code_hasc": "PH.CN", "name": "Camarines Norte", "admin": "Philippines", "type_en": "Province", "region": "Bicol (Region V)", "woe_id": 2346670, "longitude": 122, "woe_name": "Camarines Norte", "fips": "RP15", "woe_label": "", "latitude": 14, "iso_a2": "PH", "postal": "CN", "type": "Lalawigan|Probinsya", "id": "PH.CN"}}, {"geometry": {"type": "MultiPolygon", "coordinates": [[[[2474, 6704], [2482, 6686], [2451, 6675], [2474, 6704]]], [[[2447, 6490], [2425, 6478], [2441, 6417], [2379, 6417], [2306, 6353], [2248, 6451], [2103, 6526], [2082, 6549], [2104, 6569], [2059, 6619], [2006, 6632], [1962, 6683], [1988, 6698], [2054, 6705], [2082, 6712], [2126, 6701], [2133, 6698], [2137, 6695], [2144, 6686], [2167, 6665], [2174, 6656], [2183, 6640], [2188, 6632], [2192, 6630], [2192, 6607], [2219, 6582], [2269, 6585], [2313, 6620], [2300, 6670], [2326, 6707], [2305, 6684], [2271, 6712], [2324, 6763], [2364, 6670], [2377, 6697], [2488, 6660], [2502, 6684], [2623, 6591], [2572, 6592], [2543, 6566], [2436, 6582], [2416, 6526], [2447, 6490]], [[2234, 6533], [2279, 6508], [2342, 6533], [2306, 6553], [2275, 6546], [2234, 6533]]]]}, "type": "Feature", "properties": {"labelrank": 7, "code_hasc": "PH.CS", "name": "Camarines Sur", "admin": "Philippines", "type_en": "Province", "region": "Bicol (Region V)", "woe_id": 2346671, "longitude": 123, "woe_name": "Camarines Sur", "fips": "RP16", "woe_label": "", "latitude": 13, "iso_a2": "PH", "postal": "CS", "type": "Lalawigan|Probinsya", "id": "PH.CS"}}, {"geometry": {"type": "Polygon", "coordinates": [[[2834, 6656], [2830, 6557], [2805, 6553], [2795, 6504], [2756, 6524], [2726, 6487], [2660, 6527], [2650, 6557], [2698, 6629], [2701, 6754], [2738, 6758], [2782, 6672], [2834, 6656]]]}, "type": "Feature", "properties": {"labelrank": 7, "code_hasc": "PH.CT", "name": "Catanduanes", "admin": "Philippines", "type_en": "Province", "region": "Bicol (Region V)", "woe_id": 2346674, "longitude": 124, "woe_name": "Catanduanes", "fips": "RP19", "woe_label": "", "latitude": 13, "iso_a2": "PH", "postal": "CT", "type": "Lalawigan|Probinsya", "id": "PH.CT"}}, {"geometry": {"type": "MultiPolygon", "coordinates": [[[[2336, 6018], [2323, 5966], [2373, 6004], [2429, 5975], [2446, 5924], [2493, 5918], [2543, 5846], [2544, 5874], [2589, 5856], [2665, 5742], [2641, 5760], [2674, 5626], [2573, 5714], [2520, 5721], [2515, 5760], [2398, 5860], [2244, 5716], [2271, 5819], [2308, 5860], [2272, 5865], [2298, 5959], [2279, 6040], [2336, 6018]]], [[[2473, 6071], [2514, 6040], [2542, 5918], [2443, 6055], [2456, 6086], [2473, 6071]]], [[[2263, 6190], [2292, 6186], [2346, 6088], [2156, 6244], [2143, 6289], [2187, 6297], [2263, 6190]]]]}, "type": "Feature", "properties": {"labelrank": 7, "code_hasc": "PH.MB", "name": "Masbate", "admin": "Philippines", "type_en": "Province", "region": "Bicol (Region V)", "woe_id": 2346694, "longitude": 123, "woe_name": "Masbate", "fips": "RP39", "woe_label": "", "latitude": 12, "iso_a2": "PH", "postal": "MB", "type": "Lalawigan|Probinsya", "id": "PH.MB"}}, {"geometry": {"type": "Polygon", "coordinates": [[[2402, 6223], [2478, 6257], [2596, 6262], [2601, 6270], [2603, 6282], [2609, 6293], [2610, 6288], [2643, 6274], [2678, 6241], [2694, 6272], [2726, 6264], [2694, 6196], [2685, 6024], [2632, 6019], [2542, 6155], [2641, 6178], [2651, 6215], [2589, 6224], [2564, 6182], [2510, 6161], [2497, 6202], [2459, 6182], [2402, 6223]]]}, "type": "Feature", "properties": {"labelrank": 7, "code_hasc": "PH.SR", "name": "Sorsogon", "admin": "Philippines", "type_en": "Province", "region": "Bicol (Region V)", "woe_id": 2346711, "longitude": 124, "woe_name": "Sorsogon", "fips": "RP58", "woe_label": "", "latitude": 12, "iso_a2": "PH", "postal": "SR", "type": "Lalawigan|Probinsya", "id": "PH.SR"}}, {"geometry": {"type": "Polygon", "coordinates": [[[1307, 8487], [1295, 8421], [1251, 8395], [1207, 8280], [1187, 8247], [1160, 8262], [1121, 8235], [1096, 8287], [1032, 8324], [1056, 8392], [1002, 8402], [1036, 8500], [1073, 8555], [1221, 8624], [1261, 8562], [1296, 8551], [1307, 8487]]]}, "type": "Feature", "properties": {"labelrank": 7, "code_hasc": "PH.AB", "name": "Abra", "admin": "Philippines", "type_en": "Province", "region": "Cordillera Administrative Region (CAR)", "woe_id": 2346656, "longitude": 120, "woe_name": "Abra", "fips": "RP01", "woe_label": "", "latitude": 17, "iso_a2": "PH", "postal": "AB", "type": "Lalawigan|Probinsya", "id": "PH.AB"}}, {"geometry": {"type": "MultiPolygon", "coordinates": [[[[1653, 9728], [1644, 9763], [1667, 9747], [1653, 9728]]], [[[1697, 9767], [1681, 9785], [1725, 9830], [1697, 9767]]], [[[1640, 9932], [1623, 9947], [1657, 9999], [1640, 9932]]]]}, "type": "Feature", "properties": {"labelrank": 7, "code_hasc": "PH.BN", "name": "Batanes", "admin": "Philippines", "type_en": "Province", "region": "Cagayan Valley (Region II)", "woe_id": 2346663, "longitude": 121, "woe_name": "Batanes", "fips": "RP07", "woe_label": "", "latitude": 21, "iso_a2": "PH", "postal": "BN", "type": "Lalawigan|Probinsya", "id": "PH.BN"}}, {"geometry": {"type": "MultiPolygon", "coordinates": [[[[1793, 8415], [1548, 8406], [1541, 8411], [1534, 8415], [1508, 8428], [1501, 8436], [1487, 8455], [1455, 8489], [1446, 8502], [1442, 8510], [1437, 8529], [1433, 8536], [1427, 8542], [1421, 8544], [1415, 8543], [1406, 8545], [1396, 8553], [1395, 8563], [1462, 8685], [1469, 8705], [1473, 8727], [1471, 8767], [1380, 8836], [1357, 8847], [1310, 8863], [1298, 8872], [1292, 8894], [1286, 8897], [1280, 8895], [1252, 8864], [1244, 8858], [1233, 8854], [1251, 8931], [1331, 8939], [1549, 8788], [1548, 8814], [1662, 8770], [1728, 8789], [1781, 8885], [1818, 8883], [1859, 8797], [1788, 8684], [1771, 8509], [1793, 8415]]], [[[1464, 9062], [1400, 9043], [1380, 9059], [1464, 9062]]], [[[1694, 9117], [1707, 9092], [1642, 9032], [1653, 9103], [1694, 9117]]], [[[1374, 9141], [1345, 9150], [1352, 9204], [1374, 9141]]], [[[1463, 9302], [1493, 9306], [1505, 9251], [1442, 9261], [1417, 9296], [1463, 9302]]], [[[1713, 9385], [1696, 9352], [1666, 9379], [1713, 9385]]]]}, "type": "Feature", "properties": {"labelrank": 7, "code_hasc": "PH.CG", "name": "Cagayan", "admin": "Philippines", "type_en": "Province", "region": "Cagayan Valley (Region II)", "woe_id": 2346669, "longitude": 121, "woe_name": "Cagayan", "fips": "RP14", "woe_label": "", "latitude": 17, "iso_a2": "PH", "postal": "CG", "type": "Lalawigan|Probinsya", "id": "PH.CG"}}, {"geometry": {"type": "Polygon", "coordinates": [[[1446, 8502], [1307, 8487], [1296, 8551], [1261, 8562], [1221, 8624], [1243, 8721], [1209, 8756], [1233, 8854], [1244, 8858], [1252, 8864], [1280, 8895], [1286, 8897], [1292, 8894], [1298, 8872], [1310, 8863], [1357, 8847], [1380, 8836], [1471, 8767], [1473, 8727], [1469, 8705], [1462, 8685], [1415, 8588], [1395, 8563], [1396, 8553], [1406, 8545], [1415, 8543], [1421, 8544], [1427, 8542], [1433, 8536], [1437, 8529], [1442, 8510], [1446, 8502]]]}, "type": "Feature", "properties": {"labelrank": 7, "code_hasc": "PH.AP", "name": "Apayao", "admin": "Philippines", "type_en": "Province", "region": "Cordillera Administrative Region (CAR)", "woe_id": 28350146, "longitude": 121, "woe_name": "Apayao", "fips": "RP32", "woe_label": "", "latitude": 18, "iso_a2": "PH", "postal": "AP", "type": "Lalawigan|Probinsya", "id": "PH.AP"}}, {"geometry": {"type": "Polygon", "coordinates": [[[1233, 8854], [1209, 8756], [1243, 8721], [1221, 8624], [1073, 8555], [1036, 8500], [1038, 8578], [985, 8592], [1058, 8798], [1056, 8883], [1148, 8910], [1177, 8951], [1211, 8912], [1251, 8931], [1233, 8854]]]}, "type": "Feature", "properties": {"labelrank": 7, "code_hasc": "PH.IN", "name": "Ilocos Norte", "admin": "Philippines", "type_en": "Province", "region": "Ilocos (Region I)", "woe_id": 2346683, "longitude": 120, "woe_name": "Ilocos Norte", "fips": "RP28", "woe_label": "", "latitude": 18, "iso_a2": "PH", "postal": "IN", "type": "Lalawigan|Probinsya", "id": "PH.IN"}}, {"geometry": {"type": "Polygon", "coordinates": [[[1036, 8500], [1002, 8402], [1056, 8392], [1032, 8324], [1096, 8287], [1121, 8235], [1160, 8262], [1187, 8247], [1149, 8211], [1140, 8123], [1077, 8094], [1056, 7995], [1024, 8120], [966, 8124], [990, 8349], [972, 8412], [941, 8430], [985, 8592], [1038, 8578], [1036, 8500]]]}, "type": "Feature", "properties": {"labelrank": 7, "code_hasc": "PH.IS", "name": "Ilocos Sur", "admin": "Philippines", "type_en": "Province", "region": "Ilocos (Region I)", "woe_id": 2346684, "longitude": 120, "woe_name": "Ilocos Sur", "fips": "RP29", "woe_label": "", "latitude": 16, "iso_a2": "PH", "postal": "IS", "type": "Lalawigan|Probinsya", "id": "PH.IS"}}, {"geometry": {"type": "Polygon", "coordinates": [[[1390, 7213], [1377, 7285], [1409, 7424], [1363, 7571], [1448, 7641], [1646, 7811], [1723, 7919], [1819, 7920], [1800, 7789], [1704, 7691], [1768, 7801], [1728, 7763], [1590, 7713], [1508, 7644], [1497, 7595], [1538, 7550], [1515, 7521], [1531, 7514], [1419, 7379], [1419, 7325], [1429, 7309], [1443, 7298], [1444, 7297], [1441, 7296], [1432, 7297], [1427, 7294], [1425, 7288], [1422, 7280], [1421, 7279], [1419, 7279], [1417, 7278], [1416, 7275], [1416, 7273], [1418, 7273], [1421, 7275], [1424, 7263], [1425, 7259], [1420, 7247], [1402, 7224], [1402, 7211], [1399, 7211], [1396, 7212], [1393, 7212], [1390, 7213]]]}, "type": "Feature", "properties": {"labelrank": 7, "code_hasc": "PH.AU", "name": "Aurora", "admin": "Philippines", "type_en": "Province", "region": "Central Luzon (Region III)", "woe_id": 2346786, "longitude": 121, "woe_name": "Aurora", "fips": "RPG8", "woe_label": "", "latitude": 16, "iso_a2": "PH", "postal": "AU", "type": "Lalawigan|Probinsya", "id": "PH.AU"}}, {"geometry": {"type": "MultiPolygon", "coordinates": [[[[1469, 7979], [1459, 7980], [1441, 7983], [1428, 7990], [1427, 8005], [1424, 8011], [1464, 8024], [1476, 8004], [1469, 7979]]], [[[1793, 8415], [1823, 8328], [1908, 8295], [1900, 8225], [1951, 8208], [1921, 8105], [1819, 7920], [1723, 7919], [1590, 7866], [1507, 7970], [1525, 8020], [1466, 8076], [1477, 8078], [1482, 8080], [1487, 8083], [1498, 8105], [1502, 8110], [1506, 8111], [1508, 8114], [1511, 8163], [1505, 8199], [1508, 8218], [1509, 8277], [1510, 8287], [1521, 8314], [1529, 8359], [1550, 8380], [1556, 8392], [1548, 8406], [1793, 8415]]]]}, "type": "Feature", "properties": {"labelrank": 7, "code_hasc": "PH.IB", "name": "Isabela", "admin": "Philippines", "type_en": "Province", "region": "Cagayan Valley (Region II)", "woe_id": 2346686, "longitude": 121, "woe_name": "Isabela", "fips": "RP31", "woe_label": "", "latitude": 17, "iso_a2": "PH", "postal": "IB", "type": "Lalawigan|Probinsya", "id": "PH.IB"}}, {"geometry": {"type": "Polygon", "coordinates": [[[1505, 8199], [1511, 8163], [1508, 8114], [1506, 8111], [1502, 8110], [1498, 8105], [1487, 8083], [1482, 8080], [1477, 8078], [1466, 8076], [1399, 8045], [1373, 7997], [1198, 7966], [1175, 8086], [1215, 8090], [1269, 8161], [1505, 8199]]]}, "type": "Feature", "properties": {"labelrank": 7, "code_hasc": "PH.IF", "name": "Ifugao", "admin": "Philippines", "type_en": "Province", "region": "Cordillera Administrative Region (CAR)", "woe_id": 2346682, "longitude": 121, "woe_name": "Ifugao", "fips": "RP32", "woe_label": "", "latitude": 16, "iso_a2": "PH", "postal": "IF", "type": "Lalawigan|Probinsya", "id": "PH.IF"}}, {"geometry": {"type": "Polygon", "coordinates": [[[1509, 8277], [1508, 8218], [1505, 8199], [1269, 8161], [1215, 8090], [1175, 8086], [1140, 8123], [1149, 8211], [1187, 8247], [1207, 8280], [1335, 8239], [1442, 8301], [1467, 8290], [1499, 8281], [1509, 8277]]]}, "type": "Feature", "properties": {"labelrank": 7, "code_hasc": "PH.MT", "name": "Mountain Province", "admin": "Philippines", "type_en": "Province", "region": "Cordillera Administrative Region (CAR)", "woe_id": 2346699, "longitude": 121, "woe_name": "Mountain Province", "fips": "RP44", "woe_label": "", "latitude": 17, "iso_a2": "PH", "postal": "MT", "type": "Lalawigan|Probinsya", "id": "PH.MT"}}, {"geometry": {"type": "Polygon", "coordinates": [[[1424, 8011], [1427, 8005], [1428, 7990], [1408, 7886], [1442, 7871], [1437, 7844], [1375, 7803], [1390, 7729], [1448, 7641], [1363, 7571], [1318, 7717], [1247, 7744], [1215, 7743], [1199, 7738], [1188, 7728], [1182, 7749], [1178, 7758], [1170, 7764], [1128, 7777], [1138, 7820], [1192, 7867], [1198, 7966], [1373, 7997], [1399, 8045], [1424, 8011]]]}, "type": "Feature", "properties": {"labelrank": 7, "code_hasc": "PH.NV", "name": "Nueva Vizcaya", "admin": "Philippines", "type_en": "Province", "region": "Cagayan Valley (Region II)", "woe_id": 2346702, "longitude": 121, "woe_name": "Nueva Vizcaya", "fips": "RP48", "woe_label": "", "latitude": 16, "iso_a2": "PH", "postal": "NV", "type": "Lalawigan|Probinsya", "id": "PH.NV"}}, {"geometry": {"type": "Polygon", "coordinates": [[[1469, 7979], [1507, 7970], [1590, 7866], [1723, 7919], [1646, 7811], [1448, 7641], [1390, 7729], [1375, 7803], [1437, 7844], [1442, 7871], [1408, 7886], [1428, 7990], [1441, 7983], [1459, 7980], [1469, 7979]]]}, "type": "Feature", "properties": {"labelrank": 7, "code_hasc": "PH.QR", "name": "Quirino", "admin": "Philippines", "type_en": "Province", "region": "Cagayan Valley (Region II)", "woe_id": 2346721, "longitude": 121, "woe_name": "Quirino", "fips": "RP68", "woe_label": "", "latitude": 16, "iso_a2": "PH", "postal": "QR", "type": "Lalawigan|Probinsya", "id": "PH.QR"}}, {"geometry": {"type": "Polygon", "coordinates": [[[1022, 7118], [1045, 6963], [1029, 6933], [984, 6924], [944, 6952], [938, 7020], [885, 7058], [899, 7109], [981, 7160], [983, 7174], [1022, 7118]]]}, "type": "Feature", "properties": {"labelrank": 7, "code_hasc": "PH.BA", "name": "Bataan", "admin": "Philippines", "type_en": "Province", "region": "Central Luzon (Region III)", "woe_id": 2346662, "longitude": 120, "woe_name": "Bataan", "fips": "RP07", "woe_label": "", "latitude": 14, "iso_a2": "PH", "postal": "BA", "type": "Lalawigan|Probinsya", "id": "PH.BA"}}, {"geometry": {"type": "Polygon", "coordinates": [[[1066, 7594], [1081, 7517], [1128, 7494], [1132, 7325], [1030, 7323], [947, 7283], [838, 7399], [888, 7498], [916, 7512], [927, 7522], [940, 7547], [948, 7557], [958, 7564], [968, 7562], [1002, 7545], [1023, 7558], [1054, 7619], [1058, 7613], [1061, 7607], [1066, 7594]]]}, "type": "Feature", "properties": {"labelrank": 9, "code_hasc": "PH.TR", "name": "Tarlac", "admin": "Philippines", "type_en": "Province", "region": "Central Luzon (Region III)", "woe_id": 2346716, "longitude": 120, "woe_name": "Tarlac", "fips": "RP63", "woe_label": "", "latitude": 15, "iso_a2": "PH", "postal": "TR", "type": "Lalawigan|Probinsya", "id": "PH.TR"}}, {"geometry": {"type": "Polygon", "coordinates": [[[1363, 7571], [1409, 7424], [1377, 7285], [1292, 7323], [1207, 7305], [1164, 7280], [1132, 7325], [1128, 7494], [1081, 7517], [1066, 7594], [1117, 7606], [1131, 7606], [1138, 7601], [1152, 7580], [1157, 7579], [1164, 7586], [1174, 7603], [1182, 7625], [1186, 7631], [1190, 7636], [1194, 7639], [1198, 7642], [1202, 7649], [1206, 7669], [1202, 7689], [1188, 7728], [1199, 7738], [1215, 7743], [1247, 7744], [1318, 7717], [1363, 7571]]]}, "type": "Feature", "properties": {"labelrank": 7, "code_hasc": "PH.NE", "name": "Nueva Ecija", "admin": "Philippines", "type_en": "Province", "region": "Central Luzon (Region III)", "woe_id": 2346701, "longitude": 120, "woe_name": "Nueva Ecija", "fips": "RP47", "woe_label": "", "latitude": 15, "iso_a2": "PH", "postal": "NE", "type": "Lalawigan|Probinsya", "id": "PH.NE"}}, {"geometry": {"type": "Polygon", "coordinates": [[[1132, 7325], [1164, 7280], [1207, 7305], [1191, 7207], [1107, 7149], [1078, 7094], [1058, 7140], [1045, 7114], [1049, 7153], [1022, 7118], [983, 7174], [947, 7283], [1030, 7323], [1132, 7325]], [[1046, 7250], [1067, 7287], [1008, 7271], [1046, 7250]]]}, "type": "Feature", "properties": {"labelrank": 7, "code_hasc": "PH.PM", "name": "Pampanga", "admin": "Philippines", "type_en": "Province", "region": "Central Luzon (Region III)", "woe_id": 2346704, "longitude": 120, "woe_name": "Pampanga", "fips": "RP50", "woe_label": "", "latitude": 15, "iso_a2": "PH", "postal": "PM", "type": "Lalawigan|Probinsya", "id": "PH.PM"}}, {"geometry": {"type": "Polygon", "coordinates": [[[1175, 8086], [1198, 7966], [1192, 7867], [1138, 7820], [1128, 7777], [1088, 7771], [1075, 7773], [1035, 7790], [1021, 7793], [1011, 7818], [1004, 7847], [998, 7905], [1056, 7995], [1077, 8094], [1140, 8123], [1175, 8086]], [[1081, 7851], [1077, 7888], [1040, 7890], [1049, 7854], [1081, 7851]]]}, "type": "Feature", "properties": {"labelrank": 9, "code_hasc": "PH.BG", "name": "Benguet", "admin": "Philippines", "type_en": "Province", "region": "Cordillera Administrative Region (CAR)", "woe_id": 2346665, "longitude": 120, "woe_name": "Benguet", "fips": "RP10", "woe_label": "", "latitude": 16, "iso_a2": "PH", "postal": "BG", "type": "Lalawigan|Probinsya", "id": "PH.BG"}}, {"geometry": {"type": "Polygon", "coordinates": [[[888, 7498], [838, 7399], [947, 7283], [983, 7174], [981, 7160], [899, 7171], [866, 7145], [849, 7087], [805, 7110], [773, 7334], [719, 7411], [755, 7452], [728, 7492], [722, 7590], [749, 7590], [759, 7594], [778, 7614], [839, 7598], [844, 7593], [858, 7552], [881, 7516], [888, 7498]]]}, "type": "Feature", "properties": {"labelrank": 7, "code_hasc": "PH.ZM", "name": "Zambales", "admin": "Philippines", "type_en": "Province", "region": "Central Luzon (Region III)", "woe_id": 2346717, "longitude": 120, "woe_name": "Zambales", "fips": "RP64", "woe_label": "", "latitude": 15, "iso_a2": "PH", "postal": "ZM", "type": "Lalawigan|Probinsya", "id": "PH.ZM"}}, {"geometry": {"type": "Polygon", "coordinates": [[[1056, 7995], [998, 7905], [1004, 7847], [1011, 7818], [1021, 7793], [1013, 7783], [1000, 7780], [971, 7782], [963, 7783], [963, 7783], [934, 7823], [908, 7977], [929, 8076], [966, 8124], [1024, 8120], [1056, 7995]]]}, "type": "Feature", "properties": {"labelrank": 7, "code_hasc": "PH.LU", "name": "La Union", "admin": "Philippines", "type_en": "Province", "region": "Ilocos (Region I)", "woe_id": 2346691, "longitude": 120, "woe_name": "La Union", "fips": "RP36", "woe_label": "", "latitude": 16, "iso_a2": "PH", "postal": "LU", "type": "Lalawigan|Probinsya", "id": "PH.LU"}}, {"geometry": {"type": "MultiPolygon", "coordinates": [[[[780, 7796], [742, 7831], [765, 7853], [780, 7796]]], [[[739, 7868], [732, 7806], [817, 7760], [840, 7706], [896, 7708], [913, 7675], [934, 7680], [963, 7703], [946, 7735], [963, 7762], [964, 7781], [963, 7783], [1000, 7780], [1013, 7783], [1021, 7793], [1035, 7790], [1075, 7773], [1088, 7771], [1128, 7777], [1170, 7764], [1178, 7758], [1182, 7749], [1188, 7728], [1202, 7689], [1206, 7669], [1202, 7649], [1198, 7642], [1194, 7639], [1190, 7636], [1186, 7631], [1182, 7625], [1174, 7603], [1170, 7596], [1164, 7586], [1157, 7579], [1152, 7580], [1138, 7601], [1131, 7606], [1117, 7606], [1066, 7594], [1061, 7607], [1058, 7613], [1054, 7619], [1048, 7602], [1043, 7585], [1036, 7570], [1023, 7558], [1002, 7545], [968, 7562], [958, 7564], [948, 7557], [940, 7547], [927, 7522], [916, 7512], [888, 7498], [881, 7516], [858, 7552], [844, 7593], [839, 7598], [833, 7599], [813, 7600], [778, 7614], [759, 7594], [749, 7590], [722, 7590], [713, 7654], [662, 7660], [676, 7841], [739, 7868]]]]}, "type": "Feature", "properties": {"labelrank": 7, "code_hasc": "PH.PN", "name": "Pangasinan", "admin": "Philippines", "type_en": "Province", "region": "Ilocos (Region I)", "woe_id": 2346705, "longitude": 120, "woe_name": "Pangasinan", "fips": "RP51", "woe_label": "", "latitude": 15, "iso_a2": "PH", "postal": "PN", "type": "Lalawigan|Probinsya", "id": "PH.PN"}}, {"geometry": {"type": "Polygon", "coordinates": [[[1240, 6909], [1240, 6891], [1268, 6870], [1247, 6788], [1243, 6780], [1224, 6769], [1201, 6761], [1170, 6756], [1094, 6791], [1075, 6822], [1050, 6821], [1043, 6826], [1043, 6826], [1051, 6834], [1058, 6850], [1215, 6957], [1240, 6909]]]}, "type": "Feature", "properties": {"labelrank": 7, "code_hasc": "PH.CV", "name": "Cavite", "admin": "Philippines", "type_en": "Province", "region": "CALABARZON (Region IV-A)", "woe_id": 2346675, "longitude": 120, "woe_name": "Cavite", "fips": "RP07", "woe_label": "", "latitude": 14, "iso_a2": "PH", "postal": "CV", "type": "Lalawigan|Probinsya", "id": "PH.CV"}}, {"geometry": {"type": "MultiPolygon", "coordinates": [[[[1270, 6512], [1271, 6493], [1250, 6508], [1270, 6512]]], [[[1355, 6699], [1359, 6693], [1370, 6686], [1381, 6669], [1444, 6631], [1448, 6571], [1361, 6524], [1248, 6542], [1232, 6614], [1177, 6572], [1197, 6615], [1173, 6677], [1093, 6685], [1101, 6651], [1072, 6653], [1073, 6613], [1032, 6805], [1045, 6808], [1039, 6817], [1043, 6825], [1043, 6826], [1043, 6826], [1050, 6821], [1075, 6822], [1170, 6756], [1201, 6761], [1224, 6769], [1243, 6780], [1247, 6788], [1266, 6790], [1293, 6790], [1317, 6785], [1355, 6699]]]]}, "type": "Feature", "properties": {"labelrank": 9, "code_hasc": "PH.BT", "name": "Batangas", "admin": "Philippines", "type_en": "Province", "region": "CALABARZON (Region IV-A)", "woe_id": 2346664, "longitude": 121, "woe_name": "Batangas", "fips": "RP09", "woe_label": "", "latitude": 13, "iso_a2": "PH", "postal": "BT", "type": "Lalawigan|Probinsya", "id": "PH.BT"}}, {"geometry": {"type": "Polygon", "coordinates": [[[1377, 7285], [1390, 7213], [1393, 7197], [1395, 7145], [1379, 7145], [1331, 7115], [1307, 7082], [1295, 7084], [1292, 7080], [1289, 7080], [1262, 7087], [1253, 7085], [1249, 7078], [1239, 7074], [1203, 7065], [1212, 7050], [1203, 7052], [1195, 7053], [1160, 7085], [1078, 7094], [1107, 7149], [1191, 7207], [1207, 7305], [1292, 7323], [1377, 7285]]]}, "type": "Feature", "properties": {"labelrank": 7, "code_hasc": "PH.BU", "name": "Bulacan", "admin": "Philippines", "type_en": "Province", "region": "Central Luzon (Region III)", "woe_id": 2346668, "longitude": 121, "woe_name": "Bulacan", "fips": "RP13", "woe_label": "", "latitude": 14, "iso_a2": "PH", "postal": "BU", "type": "Lalawigan|Probinsya", "id": "PH.BU"}}, {"geometry": {"type": "Polygon", "coordinates": [[[1247, 6788], [1268, 6870], [1240, 6891], [1300, 6905], [1296, 6936], [1292, 6970], [1346, 6863], [1349, 6959], [1384, 6941], [1377, 6857], [1415, 6883], [1405, 6958], [1414, 6973], [1449, 6992], [1478, 6944], [1509, 6867], [1512, 6852], [1514, 6837], [1511, 6822], [1468, 6753], [1427, 6742], [1393, 6718], [1355, 6699], [1317, 6785], [1293, 6790], [1266, 6790], [1247, 6788]]]}, "type": "Feature", "properties": {"labelrank": 7, "code_hasc": "PH.LG", "name": "Laguna", "admin": "Philippines", "type_en": "Province", "region": "CALABARZON (Region IV-A)", "woe_id": 2346688, "longitude": 121, "woe_name": "Laguna", "fips": "RP33", "woe_label": "", "latitude": 14, "iso_a2": "PH", "postal": "LG", "type": "Lalawigan|Probinsya", "id": "PH.LG"}}, {"geometry": {"type": "Polygon", "coordinates": [[[1395, 7145], [1396, 7098], [1400, 7076], [1409, 7055], [1449, 6992], [1414, 6973], [1405, 6958], [1415, 6883], [1377, 6857], [1384, 6941], [1349, 6959], [1346, 6863], [1292, 6970], [1289, 7011], [1293, 7037], [1307, 7082], [1331, 7115], [1379, 7145], [1395, 7145]]]}, "type": "Feature", "properties": {"labelrank": 7, "code_hasc": "PH.RI", "name": "Rizal", "admin": "Philippines", "type_en": "Province", "region": "CALABARZON (Region IV-A)", "woe_id": 2346706, "longitude": 121, "woe_name": "Rizal", "fips": "RP53", "woe_label": "", "latitude": 14, "iso_a2": "PH", "postal": "RI", "type": "Lalawigan|Probinsya", "id": "PH.RI"}}, {"geometry": {"type": "Polygon", "coordinates": [[[1747, 6436], [1755, 6407], [1703, 6334], [1611, 6405], [1633, 6508], [1656, 6487], [1698, 6500], [1753, 6459], [1747, 6436]]]}, "type": "Feature", "properties": {"labelrank": 7, "code_hasc": "PH.MQ", "name": "Marinduque", "admin": "Philippines", "type_en": "Province", "region": "MIMAROPA (Region IV-B)", "woe_id": 2346693, "longitude": 121, "woe_name": "Marinduque", "fips": "RP38", "woe_label": "", "latitude": 13, "iso_a2": "PH", "postal": "MQ", "type": "Lalawigan|Probinsya", "id": "PH.MQ"}}, {"geometry": {"type": "MultiPolygon", "coordinates": [[[[1285, 5835], [1249, 5865], [1253, 5892], [1285, 5835]]], [[[981, 6487], [1114, 6464], [1179, 6482], [1180, 6479], [1182, 6455], [1182, 6442], [1178, 6433], [1125, 6362], [1320, 6275], [1344, 6253], [1342, 5864], [1340, 5861], [1278, 5879], [1273, 5917], [1292, 5907], [1186, 6005], [1189, 6055], [1131, 6110], [1114, 6241], [1070, 6315], [1000, 6352], [972, 6443], [908, 6439], [927, 6491], [981, 6487]]], [[[838, 6644], [889, 6603], [885, 6566], [812, 6616], [800, 6653], [838, 6644]]]]}, "type": "Feature", "properties": {"labelrank": 7, "code_hasc": "PH.MC", "name": "Mindoro Occidental", "admin": "Philippines", "type_en": "Province", "region": "MIMAROPA (Region IV-B)", "woe_id": 2346695, "longitude": 121, "woe_name": "Mindoro Occidental", "fips": "RP40", "woe_label": "", "latitude": 12, "iso_a2": "PH", "postal": "MC", "type": "Lalawigan|Probinsya", "id": "PH.MC"}}, {"geometry": {"type": "Polygon", "coordinates": [[[1474, 6095], [1483, 6051], [1420, 5970], [1434, 5929], [1406, 5935], [1412, 5897], [1392, 5913], [1354, 5887], [1342, 5864], [1344, 6253], [1125, 6362], [1178, 6433], [1182, 6442], [1182, 6455], [1179, 6482], [1190, 6487], [1219, 6494], [1242, 6441], [1286, 6417], [1322, 6450], [1431, 6345], [1433, 6308], [1484, 6300], [1454, 6233], [1474, 6095]]]}, "type": "Feature", "properties": {"labelrank": 7, "code_hasc": "PH.MR", "name": "Mindoro Oriental", "admin": "Philippines", "type_en": "Province", "region": "MIMAROPA (Region IV-B)", "woe_id": 2346696, "longitude": 121, "woe_name": "Mindoro Oriental", "fips": "RP41", "woe_label": "", "latitude": 12, "iso_a2": "PH", "postal": "MR", "type": "Lalawigan|Probinsya", "id": "PH.MR"}}, {"geometry": {"type": "MultiPolygon", "coordinates": [[[[1783, 6719], [1684, 6785], [1666, 6822], [1783, 6719]]], [[[1877, 7042], [1849, 7051], [1897, 7061], [1877, 7042]]], [[[1766, 7118], [1797, 7118], [1821, 7073], [1758, 7103], [1766, 7118]]], [[[1688, 7219], [1729, 7188], [1705, 7191], [1687, 7149], [1714, 7069], [1673, 7023], [1664, 7105], [1617, 7170], [1630, 7218], [1688, 7219]]], [[[2082, 6712], [2054, 6705], [1988, 6698], [1962, 6683], [1894, 6690], [1939, 6629], [1933, 6548], [1998, 6493], [1965, 6506], [2015, 6417], [2023, 6345], [1975, 6319], [1936, 6350], [1934, 6412], [1885, 6486], [1790, 6535], [1728, 6622], [1571, 6702], [1530, 6673], [1504, 6715], [1465, 6697], [1489, 6659], [1480, 6652], [1476, 6651], [1463, 6649], [1444, 6631], [1381, 6669], [1370, 6686], [1359, 6693], [1355, 6699], [1427, 6742], [1468, 6753], [1514, 6837], [1509, 6867], [1478, 6944], [1466, 6966], [1409, 7055], [1400, 7076], [1396, 7098], [1395, 7145], [1393, 7197], [1390, 7213], [1396, 7212], [1399, 7211], [1402, 7211], [1402, 7224], [1420, 7247], [1425, 7259], [1424, 7263], [1421, 7275], [1418, 7273], [1416, 7273], [1416, 7275], [1417, 7278], [1419, 7279], [1422, 7280], [1425, 7288], [1427, 7294], [1432, 7297], [1441, 7296], [1444, 7297], [1444, 7297], [1461, 7285], [1513, 7129], [1573, 7067], [1521, 7048], [1518, 7019], [1597, 6777], [1670, 6714], [1809, 6671], [1786, 6710], [1837, 6701], [1847, 6723], [1777, 6796], [1815, 6810], [1818, 6836], [1828, 6781], [1838, 6783], [1841, 6760], [1845, 6762], [1845, 6762], [1845, 6754], [1925, 6788], [2082, 6712]]]]}, "type": "Feature", "properties": {"labelrank": 7, "code_hasc": "PH.QZ", "name": "Quezon", "admin": "Philippines", "type_en": "Province", "region": "CALABARZON (Region IV-A)", "woe_id": 2346787, "longitude": 122, "woe_name": "Quezon", "fips": "RPH2", "woe_label": "", "latitude": 13, "iso_a2": "PH", "postal": "QZ", "type": "Lalawigan|Probinsya", "id": "PH.QZ"}}, {"geometry": {"type": "Polygon", "coordinates": [[[2581, 3695], [2463, 3757], [2505, 3794], [2498, 3822], [2632, 3918], [2758, 3940], [2790, 3941], [2785, 3878], [2675, 3791], [2644, 3694], [2585, 3712], [2581, 3695]]]}, "type": "Feature", "properties": {"labelrank": 7, "code_hasc": "PH.LN", "name": "Lanao del Norte", "admin": "Philippines", "type_en": "Province", "region": "Northern Mindanao (Region X)", "woe_id": 2346689, "longitude": 124, "woe_name": "Lanao del Norte", "fips": "RP34", "woe_label": "", "latitude": 8, "iso_a2": "PH", "postal": "LN", "type": "Lalawigan|Probinsya", "id": "PH.LN"}}, {"geometry": {"type": "Polygon", "coordinates": [[[2948, 3842], [2968, 3819], [2936, 3801], [2947, 3769], [3034, 3652], [2870, 3679], [2728, 3565], [2678, 3647], [2581, 3695], [2585, 3712], [2644, 3694], [2675, 3791], [2785, 3878], [2790, 3941], [2818, 3946], [2948, 3842]]]}, "type": "Feature", "properties": {"labelrank": 7, "code_hasc": "PH.LS", "name": "Lanao del Sur", "admin": "Philippines", "type_en": "Province", "region": "Autonomous Region in Muslim Mindanao (ARMM)", "woe_id": 2346690, "longitude": 124, "woe_name": "Lanao del Sur", "fips": "RP35", "woe_label": "", "latitude": 7, "iso_a2": "PH", "postal": "LS", "type": "Lalawigan|Probinsya", "id": "PH.LS"}}, {"geometry": {"type": "Polygon", "coordinates": [[[3078, 3229], [3084, 3186], [3049, 3187], [2981, 3252], [2989, 3285], [2956, 3291], [2897, 3230], [2666, 3242], [2632, 3272], [2642, 3365], [2662, 3413], [2736, 3466], [2782, 3437], [2794, 3465], [2753, 3512], [2766, 3552], [2728, 3565], [2870, 3679], [2883, 3566], [2804, 3442], [2883, 3467], [2862, 3405], [2975, 3335], [2994, 3357], [2967, 3396], [2994, 3455], [3030, 3394], [3025, 3349], [3047, 3347], [3050, 3247], [3078, 3229]]]}, "type": "Feature", "properties": {"labelrank": 7, "code_hasc": "PH.MG", "name": "Maguindanao", "admin": "Philippines", "type_en": "Province", "region": "Autonomous Region in Muslim Mindanao (ARMM)", "woe_id": 2346709, "longitude": 124, "woe_name": "Maguindanao", "fips": "RP56", "woe_label": "", "latitude": 6, "iso_a2": "PH", "postal": "MG", "type": "Lalawigan|Probinsya", "id": "PH.MG"}}, {"geometry": {"type": "Polygon", "coordinates": [[[3034, 3652], [3074, 3558], [3123, 3546], [3253, 3637], [3234, 3447], [3270, 3418], [3278, 3373], [3275, 3369], [3275, 3369], [3272, 3368], [3256, 3361], [3256, 3338], [3207, 3285], [3200, 3255], [3078, 3229], [3050, 3247], [3047, 3347], [3025, 3349], [3030, 3394], [2994, 3455], [2967, 3396], [2994, 3357], [2975, 3335], [2862, 3405], [2883, 3467], [2804, 3442], [2883, 3566], [2870, 3679], [3034, 3652]]]}, "type": "Feature", "properties": {"labelrank": 7, "code_hasc": "PH.NC", "name": "Cotabato", "admin": "Philippines", "type_en": "Province", "region": "SOCCSKSARGEN (Region XII)", "woe_id": 2346710, "longitude": 124, "woe_name": "Cotabato", "fips": "RP57", "woe_label": "", "latitude": 7, "iso_a2": "PH", "postal": "NC", "type": "Lalawigan|Probinsya", "id": "PH.NC"}}, {"geometry": {"type": "Polygon", "coordinates": [[[3078, 3229], [3200, 3255], [3202, 3232], [3220, 3205], [3221, 3197], [3213, 3150], [3213, 3150], [3133, 3153], [3093, 3149], [3059, 3134], [3009, 3184], [2971, 3162], [2952, 3185], [2957, 3019], [2768, 3018], [2797, 2984], [2833, 2956], [2827, 2942], [2759, 2973], [2683, 3070], [2666, 3242], [2897, 3230], [2956, 3291], [2989, 3285], [2981, 3252], [3049, 3187], [3084, 3186], [3078, 3229]]]}, "type": "Feature", "properties": {"labelrank": 7, "code_hasc": "PH.SK", "name": "Sultan Kudarat", "admin": "Philippines", "type_en": "Province", "region": "SOCCSKSARGEN (Region XII)", "woe_id": 2346724, "longitude": 124, "woe_name": "Sultan Kudarat", "fips": "RP71", "woe_label": "", "latitude": 6, "iso_a2": "PH", "postal": "SK", "type": "Lalawigan|Probinsya", "id": "PH.SK"}}, {"geometry": {"type": "Polygon", "coordinates": [[[2926, 5548], [2930, 5511], [2866, 5505], [2807, 5603], [2889, 5607], [2926, 5548]]]}, "type": "Feature", "properties": {"labelrank": 7, "code_hasc": "PH.BI", "name": "Biliran", "admin": "Philippines", "type_en": "Province", "region": "Eastern Visayas (Region VIII)", "woe_id": 28350147, "longitude": 124, "woe_name": "Biliran", "fips": "RP37", "woe_label": "", "latitude": 11, "iso_a2": "PH", "postal": "BI", "type": "Lalawigan|Probinsya", "id": "PH.BI"}}, {"geometry": {"type": "MultiPolygon", "coordinates": [[[[3479, 5157], [3513, 5148], [3483, 5138], [3442, 5163], [3444, 5188], [3479, 5157]]], [[[3262, 5905], [3349, 5880], [3367, 5849], [3330, 5821], [3361, 5788], [3324, 5735], [3348, 5660], [3327, 5641], [3351, 5617], [3336, 5574], [3362, 5502], [3418, 5458], [3379, 5383], [3400, 5372], [3414, 5395], [3445, 5374], [3486, 5307], [3478, 5293], [3451, 5337], [3384, 5356], [3367, 5324], [3267, 5352], [3231, 5325], [3281, 5479], [3248, 5549], [3229, 5744], [3210, 5767], [3171, 5758], [3189, 5911], [3211, 5940], [3241, 5896], [3262, 5905]]]]}, "type": "Feature", "properties": {"labelrank": 7, "code_hasc": "PH.ES", "name": "Eastern Samar", "admin": "Philippines", "type_en": "Province", "region": "Eastern Visayas (Region VIII)", "woe_id": 2346678, "longitude": 125, "woe_name": "Eastern Samar", "fips": "RP23", "woe_label": "", "latitude": 10, "iso_a2": "PH", "postal": "ES", "type": "Lalawigan|Probinsya", "id": "PH.ES"}}, {"geometry": {"type": "MultiPolygon", "coordinates": [[[[2823, 5099], [2778, 5087], [2805, 5139], [2823, 5099]]], [[[2885, 5105], [2837, 5125], [2864, 5140], [2885, 5105]]], [[[3198, 5098], [3076, 5035], [3073, 4931], [3008, 4887], [3020, 4955], [2993, 5000], [3023, 5124], [3012, 5192], [2971, 5249], [2951, 5264], [2945, 5275], [2938, 5279], [2960, 5309], [2929, 5353], [2879, 5330], [2874, 5309], [2903, 5270], [2902, 5262], [2910, 5245], [2899, 5224], [2831, 5246], [2834, 5422], [2810, 5435], [2784, 5537], [2869, 5462], [2880, 5490], [2941, 5424], [2995, 5436], [3042, 5486], [3104, 5467], [3104, 5439], [3078, 5434], [3084, 5392], [3109, 5371], [3135, 5374], [3124, 5161], [3198, 5098]]]]}, "type": "Feature", "properties": {"labelrank": 7, "code_hasc": "PH.LE", "name": "Leyte", "admin": "Philippines", "type_en": "Province", "region": "Eastern Visayas (Region VIII)", "woe_id": 2346692, "longitude": 124, "woe_name": "Leyte", "fips": "RP37", "woe_label": "", "latitude": 10, "iso_a2": "PH", "postal": "LE", "type": "Lalawigan|Probinsya", "id": "PH.LE"}}, {"geometry": {"type": "MultiPolygon", "coordinates": [[[[3047, 5569], [3035, 5536], [2988, 5624], [3047, 5569]]], [[[2725, 5776], [2719, 5793], [2749, 5792], [2725, 5776]]], [[[3189, 5911], [3171, 5758], [3210, 5767], [3229, 5744], [3248, 5549], [3281, 5479], [3231, 5325], [3198, 5407], [3116, 5418], [3119, 5483], [3034, 5522], [3104, 5563], [3135, 5643], [3063, 5644], [3017, 5690], [3031, 5713], [3001, 5711], [2962, 5772], [2874, 5804], [2815, 5896], [2870, 5916], [2961, 5868], [3040, 5867], [3189, 5911]]]]}, "type": "Feature", "properties": {"labelrank": 7, "code_hasc": "PH.SM", "name": "Samar", "admin": "Philippines", "type_en": "Province", "region": "Eastern Visayas (Region VIII)", "woe_id": 2346708, "longitude": 124, "woe_name": "Samar", "fips": "RP55", "woe_label": "", "latitude": 11, "iso_a2": "PH", "postal": "SM", "type": "Lalawigan|Probinsya", "id": "PH.SM"}}, {"geometry": {"type": "MultiPolygon", "coordinates": [[[[3259, 4762], [3189, 4833], [3185, 4879], [3229, 4858], [3259, 4762]]], [[[3008, 4887], [3073, 4931], [3076, 5035], [3198, 5098], [3243, 4925], [3186, 4933], [3191, 4888], [3175, 4894], [3114, 4982], [3135, 4809], [3008, 4887]]]]}, "type": "Feature", "properties": {"labelrank": 7, "code_hasc": "PH.SL", "name": "Southern Leyte", "admin": "Philippines", "type_en": "Province", "region": "Eastern Visayas (Region VIII)", "woe_id": 2346712, "longitude": 125, "woe_name": "Southern Leyte", "fips": "RP59", "woe_label": "", "latitude": 10, "iso_a2": "PH", "postal": "SL", "type": "Lalawigan|Probinsya", "id": "PH.SL"}}, {"geometry": {"type": "Polygon", "coordinates": [[[3262, 5905], [3241, 5896], [3211, 5940], [3189, 5911], [3040, 5867], [2961, 5868], [2870, 5916], [2815, 5896], [2770, 6013], [2784, 6037], [2960, 6005], [3054, 6014], [3053, 6042], [3135, 6013], [3190, 6037], [3277, 5952], [3262, 5905]]]}, "type": "Feature", "properties": {"labelrank": 7, "code_hasc": "PH.NS", "name": "Northern Samar", "admin": "Philippines", "type_en": "Province", "region": "Eastern Visayas (Region VIII)", "woe_id": 2346720, "longitude": 124, "woe_name": "Northern Samar", "fips": "RP67", "woe_label": "", "latitude": 12, "iso_a2": "PH", "postal": "NS", "type": "Lalawigan|Probinsya", "id": "PH.NS"}}, {"geometry": {"type": "MultiPolygon", "coordinates": [[[[3277, 4123], [3277, 4265], [3220, 4359], [3260, 4320], [3333, 4311], [3344, 4261], [3368, 4223], [3445, 4225], [3461, 4190], [3459, 4183], [3459, 4183], [3443, 4173], [3440, 4171], [3379, 4176], [3277, 4123]]], [[[3343, 4534], [3445, 4531], [3470, 4472], [3469, 4464], [3470, 4451], [3473, 4441], [3479, 4433], [3488, 4423], [3488, 4423], [3488, 4423], [3461, 4328], [3369, 4328], [3381, 4411], [3343, 4534]]]]}, "type": "Feature", "properties": {"labelrank": 7, "code_hasc": "PH.AN", "name": "Agusan del Norte", "admin": "Philippines", "type_en": "Province", "region": "Dinagat Islands (Region XIII)", "woe_id": 2346657, "longitude": 125, "woe_name": "Agusan del Norte", "fips": "RP02", "woe_label": "", "latitude": 9, "iso_a2": "PH", "postal": "AN", "type": "Lalawigan|Probinsya", "id": "PH.AN"}}, {"geometry": {"type": "Polygon", "coordinates": [[[3743, 3841], [3691, 3840], [3448, 3839], [3304, 3839], [3300, 3853], [3297, 3899], [3280, 3942], [3277, 4123], [3330, 4127], [3379, 4176], [3440, 4171], [3443, 4173], [3459, 4183], [3461, 4190], [3445, 4225], [3444, 4241], [3439, 4262], [3461, 4328], [3488, 4423], [3488, 4423], [3488, 4423], [3499, 4400], [3505, 4375], [3506, 4305], [3617, 4163], [3597, 4115], [3635, 4030], [3709, 4010], [3701, 3946], [3743, 3841]]]}, "type": "Feature", "properties": {"labelrank": 7, "code_hasc": "PH.AS", "name": "Agusan del Sur", "admin": "Philippines", "type_en": "Province", "region": "Dinagat Islands (Region XIII)", "woe_id": 2346658, "longitude": 125, "woe_name": "Agusan del Sur", "fips": "RP03", "woe_label": "", "latitude": 8, "iso_a2": "PH", "postal": "AS", "type": "Lalawigan|Probinsya", "id": "PH.AS"}}, {"geometry": {"type": "Polygon", "coordinates": [[[3277, 4123], [3280, 3942], [3297, 3899], [3300, 3853], [3304, 3839], [3334, 3700], [3271, 3685], [3271, 3685], [3272, 3674], [3264, 3646], [3253, 3637], [3123, 3546], [3074, 3558], [3034, 3652], [2947, 3769], [2936, 3801], [2968, 3819], [2948, 3842], [2914, 3895], [2920, 3952], [2942, 4037], [3039, 4036], [3041, 4086], [3044, 4095], [3050, 4104], [3058, 4111], [3065, 4117], [3065, 4117], [3077, 4123], [3277, 4123]]]}, "type": "Feature", "properties": {"labelrank": 7, "code_hasc": "PH.BK", "name": "Bukidnon", "admin": "Philippines", "type_en": "Province", "region": "Northern Mindanao (Region X)", "woe_id": 2346667, "longitude": 125, "woe_name": "Bukidnon", "fips": "RP12", "woe_label": "", "latitude": 7, "iso_a2": "PH", "postal": "BK", "type": "Lalawigan|Probinsya", "id": "PH.BK"}}, {"geometry": {"type": "Polygon", "coordinates": [[[3019, 4414], [3013, 4355], [2949, 4406], [2983, 4438], [3019, 4414]]]}, "type": "Feature", "properties": {"labelrank": 7, "code_hasc": "PH.CM", "name": "Camiguin", "admin": "Philippines", "type_en": "Province", "region": "Northern Mindanao (Region X)", "woe_id": 2346672, "longitude": 124, "woe_name": "Camiguin", "fips": "RP17", "woe_label": "", "latitude": 9, "iso_a2": "PH", "postal": "CM", "type": "Lalawigan|Probinsya", "id": "PH.CM"}}, {"geometry": {"type": "MultiPolygon", "coordinates": [[[[3504, 3321], [3450, 3394], [3470, 3455], [3505, 3415], [3504, 3321]]], [[[3499, 3696], [3498, 3676], [3518, 3689], [3531, 3713], [3547, 3737], [3566, 3758], [3578, 3725], [3559, 3691], [3574, 3662], [3569, 3631], [3565, 3622], [3535, 3615], [3543, 3602], [3550, 3594], [3541, 3591], [3534, 3586], [3526, 3580], [3523, 3569], [3530, 3564], [3529, 3556], [3525, 3548], [3526, 3541], [3525, 3535], [3525, 3531], [3522, 3532], [3513, 3530], [3451, 3488], [3425, 3475], [3367, 3476], [3366, 3644], [3264, 3646], [3272, 3674], [3271, 3685], [3271, 3685], [3334, 3700], [3304, 3839], [3448, 3839], [3448, 3839], [3448, 3839], [3462, 3742], [3499, 3696]]]]}, "type": "Feature", "properties": {"labelrank": 7, "code_hasc": "PH.DV", "name": "Davao del Norte", "admin": "Philippines", "type_en": "Province", "region": "Davao (Region XI)", "woe_id": 28350149, "longitude": 125, "woe_name": "Davao del Norte", "fips": "RP24", "woe_label": "", "latitude": 7, "iso_a2": "PH", "postal": "DV", "type": "Lalawigan|Probinsya", "id": "PH.DV"}}, {"geometry": {"type": "Polygon", "coordinates": [[[3691, 3840], [3710, 3581], [3747, 3506], [3585, 3384], [3535, 3483], [3536, 3522], [3525, 3531], [3525, 3535], [3526, 3541], [3525, 3548], [3529, 3556], [3530, 3564], [3523, 3569], [3526, 3580], [3534, 3586], [3541, 3591], [3550, 3594], [3543, 3602], [3535, 3615], [3565, 3622], [3569, 3631], [3574, 3662], [3559, 3691], [3578, 3725], [3566, 3758], [3547, 3737], [3531, 3713], [3518, 3689], [3498, 3676], [3462, 3742], [3448, 3839], [3691, 3840]]]}, "type": "Feature", "properties": {"labelrank": 7, "code_hasc": "PH.CL", "name": "Compostela Valley", "admin": "Philippines", "type_en": "Province", "region": "Davao (Region XI)", "woe_id": 28350148, "longitude": 125, "woe_name": "Compostela Valley", "fips": "RP24", "woe_label": "", "latitude": 7, "iso_a2": "PH", "postal": "CL", "type": "Lalawigan|Probinsya", "id": "PH.CL"}}, {"geometry": {"type": "MultiPolygon", "coordinates": [[[[3578, 4685], [3598, 4647], [3576, 4594], [3557, 4619], [3578, 4685]]], [[[3470, 4472], [3445, 4531], [3343, 4534], [3310, 4656], [3339, 4715], [3401, 4683], [3428, 4614], [3567, 4558], [3566, 4558], [3470, 4472]]], [[[3665, 4731], [3682, 4701], [3620, 4685], [3580, 4730], [3603, 4737], [3588, 4755], [3630, 4831], [3665, 4731]]], [[[3444, 4993], [3422, 4920], [3455, 4840], [3453, 4741], [3397, 4805], [3404, 4844], [3368, 4831], [3354, 4870], [3383, 4979], [3409, 4979], [3422, 5022], [3444, 4993]]]]}, "type": "Feature", "properties": {"labelrank": 7, "code_hasc": "PH.DI", "name": "Surigao del Norte", "admin": "Philippines", "type_en": "Province", "region": "Dinagat Islands (Region XIII)", "woe_id": 2346714, "longitude": 125, "woe_name": "Surigao del Norte", "fips": "RP61", "woe_label": "", "latitude": 9, "iso_a2": "PH", "postal": "DI", "type": "Lalawigan|Probinsya", "id": "PH.DI"}}, {"geometry": {"type": "Polygon", "coordinates": [[[3788, 3795], [3743, 3841], [3701, 3946], [3709, 4010], [3635, 4030], [3597, 4115], [3617, 4163], [3506, 4305], [3505, 4375], [3499, 4400], [3488, 4423], [3488, 4423], [3479, 4433], [3473, 4441], [3470, 4451], [3469, 4464], [3470, 4472], [3566, 4558], [3567, 4558], [3569, 4554], [3570, 4550], [3575, 4540], [3584, 4540], [3556, 4516], [3596, 4513], [3627, 4441], [3704, 4470], [3685, 4368], [3766, 4253], [3713, 4195], [3723, 4172], [3654, 4134], [3678, 4096], [3779, 4104], [3796, 4080], [3762, 4010], [3789, 3984], [3765, 3946], [3823, 3959], [3827, 3889], [3788, 3795]]]}, "type": "Feature", "properties": {"labelrank": 7, "code_hasc": "PH.SS", "name": "Surigao del Sur", "admin": "Philippines", "type_en": "Province", "region": "Dinagat Islands (Region XIII)", "woe_id": 2346715, "longitude": 126, "woe_name": "Surigao del Sur", "fips": "RP62", "woe_label": "", "latitude": 8, "iso_a2": "PH", "postal": "SS", "type": "Lalawigan|Probinsya", "id": "PH.SS"}}, {"geometry": {"type": "MultiPolygon", "coordinates": [[[[2886, 4038], [2855, 4006], [2827, 4018], [2772, 3993], [2810, 4101], [2858, 4137], [2919, 4091], [2886, 4038]]], [[[3277, 4123], [3077, 4123], [3065, 4117], [3065, 4117], [3058, 4111], [3050, 4104], [3044, 4095], [3041, 4086], [3006, 4108], [3027, 4318], [3082, 4316], [3178, 4238], [3212, 4260], [3220, 4359], [3277, 4265], [3277, 4123]]]]}, "type": "Feature", "properties": {"labelrank": 7, "code_hasc": "PH.MN", "name": "Misamis Oriental", "admin": "Philippines", "type_en": "Province", "region": "Northern Mindanao (Region X)", "woe_id": 2346698, "longitude": 124, "woe_name": "Misamis Oriental", "fips": "RP43", "woe_label": "", "latitude": 8, "iso_a2": "PH", "postal": "MN", "type": "Lalawigan|Probinsya", "id": "PH.MN"}}, {"geometry": {"type": "MultiPolygon", "coordinates": [[[[3334, 2581], [3291, 2588], [3325, 2607], [3334, 2581]]], [[[3277, 2680], [3360, 2801], [3374, 2984], [3343, 3031], [3255, 3035], [3196, 3088], [3196, 3092], [3198, 3095], [3201, 3098], [3205, 3102], [3208, 3114], [3209, 3139], [3213, 3150], [3221, 3197], [3220, 3205], [3216, 3213], [3202, 3232], [3200, 3255], [3207, 3285], [3256, 3338], [3256, 3361], [3261, 3364], [3272, 3368], [3372, 3368], [3361, 3350], [3358, 3318], [3321, 3270], [3311, 3195], [3323, 3163], [3336, 3176], [3412, 3120], [3470, 2934], [3450, 2857], [3333, 2687], [3277, 2680]]]]}, "type": "Feature", "properties": {"labelrank": 7, "code_hasc": "PH.DS", "name": "Davao del Sur", "admin": "Philippines", "type_en": "Province", "region": "Davao (Region XI)", "woe_id": 2346680, "longitude": 125, "woe_name": "Davao del Sur", "fips": "RP25", "woe_label": "", "latitude": 6, "iso_a2": "PH", "postal": "DS", "type": "Lalawigan|Probinsya", "id": "PH.DS"}}, {"geometry": {"type": "Polygon", "coordinates": [[[3788, 3795], [3838, 3722], [3884, 3709], [3879, 3508], [3902, 3497], [3824, 3355], [3763, 3352], [3771, 3260], [3724, 3324], [3690, 3316], [3731, 3240], [3705, 3018], [3654, 3128], [3645, 3286], [3599, 3324], [3585, 3384], [3747, 3506], [3710, 3581], [3691, 3840], [3743, 3841], [3788, 3795]]]}, "type": "Feature", "properties": {"labelrank": 7, "code_hasc": "PH.DO", "name": "Davao Oriental", "admin": "Philippines", "type_en": "Province", "region": "Davao (Region XI)", "woe_id": 2346681, "longitude": 126, "woe_name": "Davao Oriental", "fips": "RP26", "woe_label": "", "latitude": 7, "iso_a2": "PH", "postal": "DO", "type": "Lalawigan|Probinsya", "id": "PH.DO"}}, {"geometry": {"type": "MultiPolygon", "coordinates": [[[[3047, 2881], [3152, 2882], [3155, 2859], [3166, 2858], [3178, 2858], [3183, 2857], [3163, 2813], [3100, 2814], [2827, 2942], [2833, 2956], [2837, 2971], [2837, 2976], [2839, 2980], [2882, 2963], [2952, 2920], [3028, 2884], [3047, 2881]]], [[[3277, 2680], [3268, 2739], [3217, 2783], [3263, 2870], [3241, 2956], [3259, 3007], [3248, 3015], [3195, 3033], [3165, 3044], [3196, 3088], [3255, 3035], [3343, 3031], [3374, 2984], [3360, 2801], [3277, 2680]]]]}, "type": "Feature", "properties": {"labelrank": 7, "code_hasc": "PH.SG", "name": "Sarangani", "admin": "Philippines", "type_en": "Province", "region": "SOCCSKSARGEN (Region XII)", "woe_id": 28350152, "longitude": 125, "woe_name": "Sarangani", "fips": "RP25", "woe_label": "", "latitude": 5, "iso_a2": "PH", "postal": "SG", "type": "Lalawigan|Probinsya", "id": "PH.SG"}}, {"geometry": {"type": "Polygon", "coordinates": [[[3213, 3150], [3209, 3139], [3208, 3114], [3205, 3102], [3201, 3098], [3198, 3095], [3196, 3092], [3196, 3088], [3175, 3067], [3165, 3044], [3195, 3033], [3178, 3000], [3186, 2971], [3146, 2973], [3152, 2882], [3129, 2880], [3047, 2881], [3028, 2884], [2952, 2920], [2839, 2980], [2837, 2976], [2833, 2956], [2797, 2984], [2768, 3018], [2957, 3019], [2952, 3185], [2971, 3162], [3009, 3184], [3059, 3134], [3093, 3149], [3133, 3153], [3213, 3150]]]}, "type": "Feature", "properties": {"labelrank": 7, "code_hasc": "PH.SC", "name": "South Cotabato", "admin": "Philippines", "type_en": "Province", "region": "SOCCSKSARGEN (Region XII)", "woe_id": 2346723, "longitude": 124, "woe_name": "South Cotabato", "fips": "RP70", "woe_label": "", "latitude": 6, "iso_a2": "PH", "postal": "SC", "type": "Lalawigan|Probinsya", "id": "PH.SC"}}, {"geometry": {"type": "Polygon", "coordinates": [[[1509, 8277], [1499, 8281], [1467, 8290], [1442, 8301], [1335, 8239], [1207, 8280], [1251, 8395], [1295, 8421], [1307, 8487], [1446, 8502], [1455, 8489], [1487, 8455], [1501, 8436], [1508, 8428], [1534, 8415], [1541, 8411], [1548, 8406], [1556, 8392], [1550, 8380], [1529, 8359], [1525, 8348], [1521, 8314], [1510, 8287], [1509, 8277]]]}, "type": "Feature", "properties": {"labelrank": 7, "code_hasc": "PH.AP", "name": "Kalinga", "admin": "Philippines", "type_en": "Province", "region": "Cordillera Administrative Region (CAR)", "woe_id": 28350151, "longitude": 121, "woe_name": "Kalinga", "fips": "RP32", "woe_label": "", "latitude": 17, "iso_a2": "PH", "postal": "AP", "type": "Lalawigan|Probinsya", "id": "PH.6455"}}, {"geometry": {"type": "Polygon", "coordinates": [[[1644, 3432], [1748, 3430], [1815, 3583], [1862, 3584], [1871, 3545], [1824, 3499], [1806, 3405], [1749, 3309], [1659, 3347], [1644, 3432]]]}, "type": "Feature", "properties": {"labelrank": 7, "code_hasc": "PH.", "name": "Zamboanga", "admin": "Philippines", "type_en": "Highly Urbanized City", "region": "Zamboanga Peninsula (Region IX)", "woe_id": 2346785, "longitude": 122, "woe_name": "Zamboanga City", "fips": "RP65", "woe_label": "", "latitude": 7, "iso_a2": "PH", "postal": "ZS", "type": "Highly Urbanized City", "id": "PH.6456"}}, {"geometry": {"type": "Polygon", "coordinates": [[[1651, 3202], [1713, 3233], [1737, 3159], [1672, 3156], [1651, 3202]]]}, "type": "Feature", "properties": {"labelrank": 7, "code_hasc": "PH.", "name": "Isabela", "admin": "Philippines", "type_en": "Highly Urbanized City", "region": "Zamboanga Peninsula (Region IX)", "woe_id": 1199250, "longitude": 122, "woe_name": "Isabela", "fips": "RP22", "woe_label": "", "latitude": 6, "iso_a2": "PH", "postal": "BS", "type": "Highly Urbanized City", "id": "PH.6457"}}, {"geometry": {"type": "Polygon", "coordinates": [[[2613, 4989], [2613, 4945], [2581, 4916], [2571, 4946], [2566, 4966], [2583, 4993], [2599, 5006], [2613, 4989]]]}, "type": "Feature", "properties": {"labelrank": 9, "code_hasc": "PH.", "name": "Cebu", "admin": "Philippines", "type_en": "Highly Urbanized City", "region": "Central Visayas (Region VII)", "woe_id": -23424721, "longitude": 123, "woe_name": "", "fips": "", "woe_label": "", "latitude": 10, "iso_a2": "PH", "postal": "CB", "type": "Highly Urbanized City", "id": "PH.6983"}}, {"geometry": {"type": "Polygon", "coordinates": [[[2613, 4945], [2613, 4989], [2634, 4978], [2613, 4945]]]}, "type": "Feature", "properties": {"labelrank": 9, "code_hasc": "PH.", "name": "Mandaue", "admin": "Philippines", "type_en": "Highly Urbanized City", "region": "Central Visayas (Region VII)", "woe_id": -23424721, "longitude": 123, "woe_name": "", "fips": "", "woe_label": "", "latitude": 10, "iso_a2": "PH", "postal": "CB", "type": "Highly Urbanized City", "id": "PH.6984"}}, {"geometry": {"type": "Polygon", "coordinates": [[[2665, 4952], [2612, 4919], [2619, 4944], [2665, 4952]]]}, "type": "Feature", "properties": {"labelrank": 9, "code_hasc": "PH.", "name": "Lapu-Lapu", "admin": "Philippines", "type_en": "Highly Urbanized City", "region": "Central Visayas (Region VII)", "woe_id": -23424721, "longitude": 123, "woe_name": "", "fips": "", "woe_label": "", "latitude": 10, "iso_a2": "PH", "postal": "CB", "type": "Highly Urbanized City", "id": "PH.6985"}}, {"geometry": {"type": "Polygon", "coordinates": [[[2131, 5093], [2157, 5152], [2201, 5123], [2180, 5080], [2131, 5093]]]}, "type": "Feature", "properties": {"labelrank": 7, "code_hasc": "PH.", "name": "Bacolod", "admin": "Philippines", "type_en": "Highly Urbanized City", "region": "Western Visayas (Region VI)", "woe_id": -23424725, "longitude": 122, "woe_name": "", "fips": "", "woe_label": "", "latitude": 10, "iso_a2": "PH", "postal": "ND", "type": "Highly Urbanized City", "id": "PH.6987"}}, {"geometry": {"type": "Polygon", "coordinates": [[[1986, 5161], [1974, 5131], [1918, 5126], [1947, 5180], [1986, 5161]]]}, "type": "Feature", "properties": {"labelrank": 7, "code_hasc": "PH.", "name": "Iloilo", "admin": "Philippines", "type_en": "Highly Urbanized City", "region": "Western Visayas (Region VI)", "woe_id": -23424725, "longitude": 122, "woe_name": "", "fips": "", "woe_label": "", "latitude": 10, "iso_a2": "PH", "postal": "II", "type": "Highly Urbanized City", "id": "PH.6986"}}, {"geometry": {"type": "Polygon", "coordinates": [[[2736, 3466], [2753, 3512], [2794, 3465], [2782, 3437], [2736, 3466]]]}, "type": "Feature", "properties": {"labelrank": 7, "code_hasc": "PH.", "name": "Cotabato", "admin": "Philippines", "type_en": "Independent Component City", "region": "Autonomous Region in Muslim Mindanao (ARMM)", "woe_id": 2346709, "longitude": 124, "woe_name": "Maguindanao", "fips": "RP56", "woe_label": "", "latitude": 7, "iso_a2": "PH", "postal": "MG", "type": "Independent Component City", "id": "PH.6988"}}, {"geometry": {"type": "Polygon", "coordinates": [[[3272, 3368], [3275, 3369], [3275, 3369], [3278, 3373], [3270, 3418], [3234, 3447], [3253, 3637], [3264, 3646], [3366, 3644], [3367, 3476], [3425, 3475], [3451, 3488], [3417, 3387], [3403, 3379], [3387, 3375], [3372, 3368], [3272, 3368]]]}, "type": "Feature", "properties": {"labelrank": 7, "code_hasc": "PH.", "name": "Davao", "admin": "Philippines", "type_en": "Highly Urbanized City", "region": "Davao (Region XI)", "woe_id": 0, "longitude": 125, "woe_name": "", "fips": "RP25", "woe_label": "", "latitude": 7, "iso_a2": "PH", "postal": "DS", "type": "Highly Urbanized City", "id": "PH.6989"}}, {"geometry": {"type": "Polygon", "coordinates": [[[3152, 2882], [3146, 2973], [3186, 2971], [3178, 3000], [3195, 3033], [3259, 3007], [3241, 2956], [3244, 2925], [3205, 2932], [3205, 2915], [3199, 2903], [3183, 2857], [3166, 2858], [3155, 2859], [3152, 2882]]]}, "type": "Feature", "properties": {"labelrank": 7, "code_hasc": "PH.", "name": "General Santos", "admin": "Philippines", "type_en": "Highly Urbanized City", "region": "SOCCSKSARGEN (Region XII)", "woe_id": 2346723, "longitude": 125, "woe_name": "South Cotabato", "fips": "RP70", "woe_label": "", "latitude": 6, "iso_a2": "PH", "postal": "SC", "type": "Highly Urbanized City", "id": "PH.6990"}}, {"geometry": {"type": "Polygon", "coordinates": [[[2855, 4006], [2920, 3952], [2914, 3895], [2948, 3842], [2818, 3946], [2790, 3941], [2758, 3940], [2772, 3993], [2827, 4018], [2855, 4006]]]}, "type": "Feature", "properties": {"labelrank": 7, "code_hasc": "PH.", "name": "Iligan", "admin": "Philippines", "type_en": "Highly Urbanized City", "region": "Northern Mindanao (Region X)", "woe_id": -23424730, "longitude": 124, "woe_name": "", "fips": "RP34", "woe_label": "", "latitude": 8, "iso_a2": "PH", "postal": "LN", "type": "Highly Urbanized City", "id": "PH.6991"}}, {"geometry": {"type": "Polygon", "coordinates": [[[3041, 4086], [3039, 4036], [2942, 4037], [2920, 3952], [2855, 4006], [2903, 4048], [2919, 4091], [2960, 4085], [2950, 4045], [3006, 4078], [3006, 4108], [3041, 4086]]]}, "type": "Feature", "properties": {"labelrank": 7, "code_hasc": "PH.", "name": "Cagayan de Oro", "admin": "Philippines", "type_en": "Highly Urbanized City", "region": "Northern Mindanao (Region X)", "woe_id": -23424730, "longitude": 124, "woe_name": "", "fips": "RP43", "woe_label": "", "latitude": 8, "iso_a2": "PH", "postal": "MN", "type": "Highly Urbanized City", "id": "PH.6992"}}, {"geometry": {"type": "Polygon", "coordinates": [[[3461, 4328], [3439, 4262], [3444, 4241], [3445, 4225], [3368, 4223], [3344, 4261], [3333, 4311], [3343, 4313], [3369, 4328], [3461, 4328]]]}, "type": "Feature", "properties": {"labelrank": 7, "code_hasc": "PH.", "name": "Butuan", "admin": "Philippines", "type_en": "Highly Urbanized City", "region": "Dinagat Islands (Region XIII)", "woe_id": -23424726, "longitude": 125, "woe_name": "", "fips": "RP02", "woe_label": "", "latitude": 8, "iso_a2": "PH", "postal": "AN", "type": "Highly Urbanized City", "id": "PH.6995"}}, {"geometry": {"type": "Polygon", "coordinates": [[[359, 4833], [157, 4777], [158, 4681], [121, 4701], [147, 4649], [90, 4579], [-32, 4647], [-23, 4654], [-13, 4657], [40, 4702], [157, 4872], [153, 4842], [176, 4837], [178, 4899], [242, 4914], [243, 4943], [264, 4952], [359, 4833]]]}, "type": "Feature", "properties": {"labelrank": 7, "code_hasc": "PH.", "name": "Puerto Princesa", "admin": "Philippines", "type_en": "Highly Urbanized City", "region": "MIMAROPA (Region IV-B)", "woe_id": -23424725, "longitude": 118, "woe_name": "", "fips": "RP49", "woe_label": "", "latitude": 9, "iso_a2": "PH", "postal": "PL", "type": "Highly Urbanized City", "id": "PH.6996"}}, {"geometry": {"type": "Polygon", "coordinates": [[[2938, 5279], [2919, 5278], [2909, 5275], [2903, 5270], [2874, 5309], [2879, 5330], [2907, 5331], [2929, 5353], [2960, 5309], [2938, 5279]]]}, "type": "Feature", "properties": {"labelrank": 7, "code_hasc": "PH.", "name": "Ormoc", "admin": "Philippines", "type_en": "Independent Component City", "region": "Eastern Visayas (Region VIII)", "woe_id": -23424723, "longitude": 124, "woe_name": "", "fips": "RP37", "woe_label": "", "latitude": 11, "iso_a2": "PH", "postal": "LE", "type": "Independent Component City", "id": "PH.6997"}}, {"geometry": {"type": "Polygon", "coordinates": [[[3135, 5374], [3109, 5371], [3084, 5392], [3078, 5434], [3104, 5439], [3104, 5412], [3127, 5388], [3136, 5398], [3136, 5383], [3136, 5378], [3135, 5374]]]}, "type": "Feature", "properties": {"labelrank": 7, "code_hasc": "PH.", "name": "Tacloban", "admin": "Philippines", "type_en": "Highly Urbanized City", "region": "Eastern Visayas (Region VIII)", "woe_id": -23424723, "longitude": 124, "woe_name": "", "fips": "RP37", "woe_label": "", "latitude": 11, "iso_a2": "PH", "postal": "LE", "type": "Highly Urbanized City", "id": "PH.6998"}}, {"geometry": {"type": "Polygon", "coordinates": [[[2279, 6508], [2234, 6533], [2275, 6546], [2306, 6553], [2342, 6533], [2279, 6508]]]}, "type": "Feature", "properties": {"labelrank": 7, "code_hasc": "PH.", "name": "Naga", "admin": "Philippines", "type_en": "Independent Component City", "region": "Bicol (Region V)", "woe_id": -23424720, "longitude": 123, "woe_name": "", "fips": "RP16", "woe_label": "", "latitude": 13, "iso_a2": "PH", "postal": "CS", "type": "Independent Component City", "id": "PH.6999"}}, {"geometry": {"type": "Polygon", "coordinates": [[[1466, 8076], [1525, 8020], [1507, 7970], [1469, 7979], [1476, 8004], [1464, 8024], [1424, 8011], [1399, 8045], [1466, 8076]]]}, "type": "Feature", "properties": {"labelrank": 7, "code_hasc": "PH.", "name": "Santiago", "admin": "Philippines", "type_en": "Independent Component City", "region": "Cagayan Valley (Region II)", "woe_id": -23424715, "longitude": 121, "woe_name": "", "fips": "RP31", "woe_label": "", "latitude": 16, "iso_a2": "PH", "postal": "IB", "type": "Independent Component City", "id": "PH.7020"}}, {"geometry": {"type": "Polygon", "coordinates": [[[1046, 7250], [1008, 7271], [1067, 7287], [1046, 7250]]]}, "type": "Feature", "properties": {"labelrank": 7, "code_hasc": "PH.", "name": "Angeles", "admin": "Philippines", "type_en": "Highly Urbanized City", "region": "Central Luzon (Region III)", "woe_id": -23424722, "longitude": 120, "woe_name": "", "fips": "RP50", "woe_label": "", "latitude": 15, "iso_a2": "PH", "postal": "PM", "type": "Highly Urbanized City", "id": "PH.7017"}}, {"geometry": {"type": "Polygon", "coordinates": [[[1081, 7851], [1049, 7854], [1040, 7890], [1077, 7888], [1081, 7851]]]}, "type": "Feature", "properties": {"labelrank": 9, "code_hasc": "PH.", "name": "Baguio", "admin": "Philippines", "type_en": "Highly Urbanized City", "region": "Cordillera Administrative Region (CAR)", "woe_id": -23424716, "longitude": 120, "woe_name": "", "fips": "RP10", "woe_label": "", "latitude": 16, "iso_a2": "PH", "postal": "BG", "type": "Highly Urbanized City", "id": "PH.7021"}}, {"geometry": {"type": "Polygon", "coordinates": [[[981, 7160], [899, 7109], [866, 7145], [899, 7171], [981, 7160]]]}, "type": "Feature", "properties": {"labelrank": 7, "code_hasc": "PH.", "name": "Olongapo", "admin": "Philippines", "type_en": "Highly Urbanized City", "region": "Central Luzon (Region III)", "woe_id": -23424722, "longitude": 120, "woe_name": "", "fips": "RP64", "woe_label": "", "latitude": 14, "iso_a2": "PH", "postal": "ZM", "type": "Highly Urbanized City", "id": "PH.7018"}}, {"geometry": {"type": "Polygon", "coordinates": [[[913, 7675], [896, 7708], [912, 7710], [918, 7704], [915, 7691], [946, 7735], [963, 7703], [934, 7680], [913, 7675]]]}, "type": "Feature", "properties": {"labelrank": 7, "code_hasc": "PH.", "name": "Dagupan", "admin": "Philippines", "type_en": "Independent Component City", "region": "Ilocos (Region I)", "woe_id": -23424724, "longitude": 120, "woe_name": "", "fips": "RP51", "woe_label": "", "latitude": 16, "iso_a2": "PH", "postal": "PN", "type": "Independent Component City", "id": "PH.7022"}}, {"geometry": {"type": "Polygon", "coordinates": [[[1267, 7004], [1267, 6999], [1264, 6990], [1246, 6995], [1251, 7001], [1267, 7004]]]}, "type": "Feature", "properties": {"labelrank": 9, "code_hasc": "PH.", "name": "Mandaluyong City", "admin": "Philippines", "type_en": "Province", "region": "National Capital Region", "woe_id": -23424718, "longitude": 121, "woe_name": "", "fips": "RPD9", "woe_label": "", "latitude": 14, "iso_a2": "PH", "postal": "MM", "type": "Lalawigan|Probinsya", "id": "PH.1852"}}, {"geometry": {"type": "Polygon", "coordinates": [[[1234, 7020], [1248, 7006], [1251, 7001], [1246, 6995], [1237, 6987], [1224, 6987], [1209, 7021], [1223, 7021], [1234, 7020]]]}, "type": "Feature", "properties": {"labelrank": 9, "code_hasc": "PH.", "name": "Manila", "admin": "Philippines", "type_en": "Highly Urbanized City", "region": "National Capital Region", "woe_id": -23424718, "longitude": 120, "woe_name": "", "fips": "RPD9", "woe_label": "", "latitude": 14, "iso_a2": "PH", "postal": "MM", "type": "Highly Urbanized City", "id": "PH.7000"}}, {"geometry": {"type": "Polygon", "coordinates": [[[1203, 7052], [1219, 7025], [1223, 7021], [1209, 7021], [1195, 7053], [1203, 7052]]]}, "type": "Feature", "properties": {"labelrank": 9, "code_hasc": "PH.", "name": "Navotas", "admin": "Philippines", "type_en": "Highly Urbanized City", "region": "National Capital Region", "woe_id": -23424718, "longitude": 120, "woe_name": "", "fips": "RPD9", "woe_label": "", "latitude": 14, "iso_a2": "PH", "postal": "MM", "type": "Highly Urbanized City", "id": "PH.7001"}}, {"geometry": {"type": "Polygon", "coordinates": [[[1262, 7087], [1289, 7080], [1287, 7075], [1282, 7074], [1280, 7070], [1276, 7068], [1265, 7068], [1258, 7067], [1251, 7062], [1247, 7059], [1246, 7052], [1244, 7054], [1242, 7054], [1239, 7056], [1243, 7069], [1239, 7074], [1249, 7078], [1253, 7085], [1262, 7087]]]}, "type": "Feature", "properties": {"labelrank": 9, "code_hasc": "PH.", "name": "Caloocan", "admin": "Philippines", "type_en": "Highly Urbanized City", "region": "National Capital Region", "woe_id": -23424718, "longitude": 120, "woe_name": "", "fips": "RPD9", "woe_label": "", "latitude": 14, "iso_a2": "PH", "postal": "MM", "type": "Highly Urbanized City", "id": "PH.7002"}}, {"geometry": {"type": "Polygon", "coordinates": [[[1212, 7050], [1236, 7038], [1219, 7025], [1203, 7052], [1212, 7050]]]}, "type": "Feature", "properties": {"labelrank": 9, "code_hasc": "PH.", "name": "Malabon", "admin": "Philippines", "type_en": "Highly Urbanized City", "region": "National Capital Region", "woe_id": -23424718, "longitude": 120, "woe_name": "", "fips": "RPD9", "woe_label": "", "latitude": 14, "iso_a2": "PH", "postal": "MM", "type": "Highly Urbanized City", "id": "PH.7003"}}, {"geometry": {"type": "Polygon", "coordinates": [[[1246, 7052], [1251, 7045], [1236, 7038], [1212, 7050], [1203, 7065], [1239, 7074], [1239, 7056], [1242, 7054], [1246, 7052]]]}, "type": "Feature", "properties": {"labelrank": 9, "code_hasc": "PH.", "name": "Valenzuela", "admin": "Philippines", "type_en": "Highly Urbanized City", "region": "National Capital Region", "woe_id": -23424718, "longitude": 120, "woe_name": "", "fips": "RPD9", "woe_label": "", "latitude": 14, "iso_a2": "PH", "postal": "MM", "type": "Highly Urbanized City", "id": "PH.7004"}}, {"geometry": {"type": "Polygon", "coordinates": [[[1307, 7082], [1293, 7037], [1277, 7011], [1267, 6999], [1267, 7004], [1248, 7006], [1234, 7020], [1251, 7045], [1246, 7052], [1247, 7059], [1251, 7062], [1258, 7067], [1265, 7068], [1276, 7068], [1280, 7070], [1282, 7074], [1287, 7075], [1289, 7080], [1292, 7080], [1295, 7084], [1307, 7082]]]}, "type": "Feature", "properties": {"labelrank": 9, "code_hasc": "PH.", "name": "Quezon City", "admin": "Philippines", "type_en": "Highly Urbanized City", "region": "National Capital Region", "woe_id": -23424718, "longitude": 121, "woe_name": "", "fips": "RPD9", "woe_label": "", "latitude": 14, "iso_a2": "PH", "postal": "MM", "type": "Highly Urbanized City", "id": "PH.7006"}}, {"geometry": {"type": "Polygon", "coordinates": [[[1289, 7011], [1277, 7011], [1293, 7037], [1289, 7011]]]}, "type": "Feature", "properties": {"labelrank": 9, "code_hasc": "PH.", "name": "Marikina", "admin": "Philippines", "type_en": "Highly Urbanized City", "region": "National Capital Region", "woe_id": -23424718, "longitude": 121, "woe_name": "", "fips": "RPD9", "woe_label": "", "latitude": 14, "iso_a2": "PH", "postal": "MM", "type": "Highly Urbanized City", "id": "PH.7007"}}, {"geometry": {"type": "Polygon", "coordinates": [[[1267, 7004], [1251, 7001], [1248, 7006], [1267, 7004]]]}, "type": "Feature", "properties": {"labelrank": 9, "code_hasc": "PH.", "name": "San Juan", "admin": "Philippines", "type_en": "Highly Urbanized City", "region": "National Capital Region", "woe_id": -23424718, "longitude": 121, "woe_name": "", "fips": "RPD9", "woe_label": "", "latitude": 14, "iso_a2": "PH", "postal": "MM", "type": "Highly Urbanized City", "id": "PH.7008"}}, {"geometry": {"type": "Polygon", "coordinates": [[[1289, 7011], [1292, 6970], [1276, 6979], [1271, 6982], [1264, 6990], [1267, 6999], [1277, 7011], [1289, 7011]]]}, "type": "Feature", "properties": {"labelrank": 9, "code_hasc": "PH.", "name": "Pasig", "admin": "Philippines", "type_en": "Highly Urbanized City", "region": "National Capital Region", "woe_id": -23424718, "longitude": 121, "woe_name": "", "fips": "RPD9", "woe_label": "", "latitude": 14, "iso_a2": "PH", "postal": "MM", "type": "Highly Urbanized City", "id": "PH.7009"}}, {"geometry": {"type": "Polygon", "coordinates": [[[1264, 6990], [1271, 6982], [1270, 6975], [1249, 6972], [1237, 6987], [1246, 6995], [1264, 6990]]]}, "type": "Feature", "properties": {"labelrank": 9, "code_hasc": "PH.", "name": "Makati", "admin": "Philippines", "type_en": "Highly Urbanized City", "region": "National Capital Region", "woe_id": -23424718, "longitude": 121, "woe_name": "", "fips": "RPD9", "woe_label": "", "latitude": 14, "iso_a2": "PH", "postal": "MM", "type": "Highly Urbanized City", "id": "PH.7010"}}, {"geometry": {"type": "Polygon", "coordinates": [[[1249, 6972], [1254, 6962], [1226, 6975], [1224, 6987], [1237, 6987], [1249, 6972]]]}, "type": "Feature", "properties": {"labelrank": 9, "code_hasc": "PH.", "name": "Pasay", "admin": "Philippines", "type_en": "Highly Urbanized City", "region": "National Capital Region", "woe_id": -23424718, "longitude": 120, "woe_name": "", "fips": "RPD9", "woe_label": "", "latitude": 14, "iso_a2": "PH", "postal": "MM", "type": "Highly Urbanized City", "id": "PH.7011"}}, {"geometry": {"type": "Polygon", "coordinates": [[[1254, 6962], [1259, 6942], [1249, 6929], [1221, 6962], [1226, 6975], [1254, 6962]]]}, "type": "Feature", "properties": {"labelrank": 9, "code_hasc": "PH.", "name": "Paranaque", "admin": "Philippines", "type_en": "Highly Urbanized City", "region": "National Capital Region", "woe_id": -23424718, "longitude": 121, "woe_name": "", "fips": "RPD9", "woe_label": "", "latitude": 14, "iso_a2": "PH", "postal": "MM", "type": "Highly Urbanized City", "id": "PH.7012"}}, {"geometry": {"type": "Polygon", "coordinates": [[[1249, 6929], [1240, 6909], [1215, 6957], [1221, 6962], [1249, 6929]]]}, "type": "Feature", "properties": {"labelrank": 9, "code_hasc": "PH.", "name": "Las Pinas", "admin": "Philippines", "type_en": "Highly Urbanized City", "region": "National Capital Region", "woe_id": -23424718, "longitude": 120, "woe_name": "", "fips": "RPD9", "woe_label": "", "latitude": 14, "iso_a2": "PH", "postal": "MM", "type": "Highly Urbanized City", "id": "PH.7013"}}, {"geometry": {"type": "Polygon", "coordinates": [[[1296, 6936], [1300, 6905], [1240, 6891], [1240, 6909], [1249, 6929], [1259, 6942], [1296, 6936]]]}, "type": "Feature", "properties": {"labelrank": 9, "code_hasc": "PH.", "name": "Muntinlupa", "admin": "Philippines", "type_en": "Highly Urbanized City", "region": "National Capital Region", "woe_id": -23424718, "longitude": 121, "woe_name": "", "fips": "RPD9", "woe_label": "", "latitude": 14, "iso_a2": "PH", "postal": "MM", "type": "Highly Urbanized City", "id": "PH.7014"}}, {"geometry": {"type": "Polygon", "coordinates": [[[1270, 6975], [1276, 6979], [1292, 6970], [1296, 6936], [1259, 6942], [1254, 6962], [1249, 6972], [1270, 6975]]]}, "type": "Feature", "properties": {"labelrank": 9, "code_hasc": "PH.", "name": "Taguig", "admin": "Philippines", "type_en": "Highly Urbanized City", "region": "National Capital Region", "woe_id": -23424718, "longitude": 121, "woe_name": "", "fips": "RPD9", "woe_label": "", "latitude": 14, "iso_a2": "PH", "postal": "MM", "type": "Highly Urbanized City", "id": "PH.7015"}}, {"geometry": {"type": "Polygon", "coordinates": [[[1276, 6979], [1270, 6975], [1271, 6982], [1276, 6979]]]}, "type": "Feature", "properties": {"labelrank": 9, "code_hasc": "PH.", "name": "Pateros", "admin": "Philippines", "type_en": "Independent Municipality", "region": "National Capital Region", "woe_id": -23424718, "longitude": 121, "woe_name": "", "fips": "RPD9", "woe_label": "", "latitude": 14, "iso_a2": "PH", "postal": "MM", "type": "Independent Municipality", "id": "PH.7016"}}, {"geometry": {"type": "Polygon", "coordinates": [[[1530, 6673], [1489, 6659], [1465, 6697], [1504, 6715], [1530, 6673]]]}, "type": "Feature", "properties": {"labelrank": 7, "code_hasc": "PH.", "name": "Lucena", "admin": "Philippines", "type_en": "Highly Urbanized City", "region": "CALABARZON (Region IV-A)", "woe_id": -23424717, "longitude": 121, "woe_name": "", "fips": "RPH2", "woe_label": "", "latitude": 13, "iso_a2": "PH", "postal": "QZ", "type": "Highly Urbanized City", "id": "PH.7019"}}], "ac-tx": {"default": {"crs": "+proj=tmerc +lat_0=0 +lon_0=123 +k=0.99995 +x_0=500000 +y_0=0 +ellps=clrk66 +towgs84=-133,-77,-51,0,0,0,0 +units=m +no_defs", "scale": 0.004337345036699614}}}