{"type":"Topology","arcs":[[[173,894],[26,-59],[-10,-47]],[[189,788],[-8,-139]],[[181,649],[-18,-161]],[[163,488],[-158,8],[-5,21],[87,382],[86,-5]],[[803,890],[44,51],[74,34],[65,-13],[16,-76],[55,-4],[8,-68],[-76,-64],[-32,-55]],[[957,695],[-26,-8],[-44,38]],[[887,725],[-40,89],[-44,30],[0,46]],[[181,649],[79,-68],[199,25]],[[459,606],[31,-46],[0,-77]],[[490,483],[-157,0],[-170,5]],[[189,788],[39,-42],[61,-17],[-3,-30],[79,17],[39,-8],[21,-42]],[[425,666],[34,-60]],[[438,882],[136,-4]],[[574,878],[19,-43],[65,-17],[45,-38],[-8,-76],[-24,-34],[16,-89],[37,-26]],[[724,555],[-8,-80]],[[716,475],[-226,8]],[[425,666],[13,135],[18,47],[-18,34]],[[173,894],[265,-12]],[[758,458],[108,63]],[[866,521],[10,-76],[60,-119],[16,-80],[29,-30]],[[981,216],[-100,-89]],[[881,127],[-21,13],[-13,131],[-71,68],[-18,119]],[[574,878],[216,-9],[13,21]],[[887,725],[-61,-93]],[[826,632],[-102,-77]],[[826,632],[84,8]],[[910,640],[19,-21],[-8,-59],[-55,-39]],[[758,458],[-42,17]],[[910,640],[55,21]],[[965,661],[8,-8],[16,-9],[16,-17],[78,-195],[6,-67]],[[1089,365],[-58,-43],[-50,-106]],[[1089,365],[23,-17],[87,12],[0,72],[-55,56],[18,50],[58,-4],[31,-30],[32,-63],[18,-93],[-3,-85],[-23,-68],[-110,17],[-55,0],[-29,-47]],[[1081,165],[-71,26],[-29,25]],[[957,695],[8,-34]],[[1110,47],[26,72]],[[1136,119],[63,-30],[34,55],[34,-30],[21,-55],[-8,-46],[-68,-13],[-102,47]],[[1081,165],[55,-46]],[[1110,47],[-42,17],[-66,-5],[-21,-46],[-37,0],[-5,51],[-58,63]]],"transform":{"scale":[0.38124519600307455,0.23589743589743592],"translate":[-9999,5603]},"objects":{"massachusetts":{"type":"GeometryCollection","geometries":[{"arcs":[[0,1,2,3]],"type":"Polygon","properties":{"name":"Berkshire County","stateAbbrev":"MA","state":"Massachusetts","fips":"003","incits":"25003","id":"US.MA.003","population":129585}},{"arcs":[[4,5,6]],"type":"Polygon","properties":{"name":"Essex County","stateAbbrev":"MA","state":"Massachusetts","fips":"009","incits":"25009","id":"US.MA.009","population":762550}},{"arcs":[[7,8,9,-3]],"type":"Polygon","properties":{"name":"Hampden County","stateAbbrev":"MA","state":"Massachusetts","fips":"013","incits":"25013","id":"US.MA.013","population":467319}},{"arcs":[[10,11,-8,-2]],"type":"Polygon","properties":{"name":"Hampshire County","stateAbbrev":"MA","state":"Massachusetts","fips":"015","incits":"25015","id":"US.MA.015","population":159596}},{"arcs":[[12,13,14,15,-9,-12,16]],"type":"Polygon","properties":{"name":"Worcester County","stateAbbrev":"MA","state":"Massachusetts","fips":"027","incits":"25027","id":"US.MA.027","population":809106}},{"arcs":[[17,-17,-11,-1]],"type":"Polygon","properties":{"name":"Franklin County","stateAbbrev":"MA","state":"Massachusetts","fips":"011","incits":"25011","id":"US.MA.011","population":71221}},{"arcs":[[18,19,20,21]],"type":"Polygon","properties":{"name":"Bristol County","stateAbbrev":"MA","state":"Massachusetts","fips":"005","incits":"25005","id":"US.MA.005","population":552780}},{"arcs":[[22,-7,23,24,-14]],"type":"Polygon","properties":{"name":"Middlesex County","stateAbbrev":"MA","state":"Massachusetts","fips":"017","incits":"25017","id":"US.MA.017","population":1552802}},{"arcs":[[-25,25,26,-19,27,-15]],"type":"Polygon","properties":{"name":"Norfolk County","stateAbbrev":"MA","state":"Massachusetts","fips":"021","incits":"25021","id":"US.MA.021","population":687802}},{"arcs":[[-27,28,29,30,-20]],"type":"Polygon","properties":{"name":"Plymouth County","stateAbbrev":"MA","state":"Massachusetts","fips":"023","incits":"25023","id":"US.MA.023","population":501915}},{"arcs":[[-31,31,32]],"type":"Polygon","properties":{"name":"Barnstable County","stateAbbrev":"MA","state":"Massachusetts","fips":"001","incits":"25001","id":"US.MA.001","population":214990}},{"arcs":[[-24,-6,33,-29,-26]],"type":"Polygon","properties":{"name":"Suffolk County","stateAbbrev":"MA","state":"Massachusetts","fips":"025","incits":"25025","id":"US.MA.025","population":755503}},{"arcs":[[34,35]],"type":"Polygon","properties":{"name":"Nantucket County","stateAbbrev":"MA","state":"Massachusetts","fips":"019","incits":"25019","id":"US.MA.019","population":10399}},{"arcs":[[-21,-33,36,-35,37]],"type":"Polygon","properties":{"name":"Dukes County","stateAbbrev":"MA","state":"Massachusetts","fips":"007","incits":"25007","id":"US.MA.007","population":17256}}]}},"crs":{"type":"name","properties":{"name":"urn:ogc:def:crs:EPSG:4326"}},"ac-tx":{"default":{"crs":"wsg84","scale":136.02574818994302,"xoffset":0,"yoffset":0}}}