{"crs": {"type": "name", "properties": {"name": "urn:ogc:def:crs:EPSG:4326"}}, "type": "FeatureCollection", "features": [{"geometry": {"type": "Polygon", "coordinates": [[[-9933, 5814], [-9923, 5800], [-9927, 5789], [-9930, 5756], [-9937, 5718], [-9997, 5720], [-9999, 5725], [-9966, 5815], [-9933, 5814]]]}, "type": "Feature", "properties": {"name": "Berkshire County", "stateAbbrev": "MA", "state": "Massachusetts", "fips": "003", "incits": "25003", "id": "US.MA.003", "population": 129585}}, {"geometry": {"type": "Polygon", "coordinates": [[[-9693, 5813], [-9676, 5825], [-9648, 5833], [-9623, 5830], [-9617, 5812], [-9596, 5811], [-9593, 5795], [-9622, 5780], [-9634, 5767], [-9644, 5765], [-9661, 5774], [-9676, 5795], [-9693, 5802], [-9693, 5813]]]}, "type": "Feature", "properties": {"name": "Essex County", "stateAbbrev": "MA", "state": "Massachusetts", "fips": "009", "incits": "25009", "id": "US.MA.009", "population": 762550}}, {"geometry": {"type": "Polygon", "coordinates": [[[-9930, 5756], [-9900, 5740], [-9824, 5746], [-9812, 5735], [-9812, 5717], [-9872, 5717], [-9937, 5718], [-9930, 5756]]]}, "type": "Feature", "properties": {"name": "Hampden County", "stateAbbrev": "MA", "state": "Massachusetts", "fips": "013", "incits": "25013", "id": "US.MA.013", "population": 467319}}, {"geometry": {"type": "Polygon", "coordinates": [[[-9927, 5789], [-9912, 5779], [-9889, 5775], [-9890, 5768], [-9860, 5772], [-9845, 5770], [-9837, 5760], [-9824, 5746], [-9900, 5740], [-9930, 5756], [-9927, 5789]]]}, "type": "Feature", "properties": {"name": "Hampshire County", "stateAbbrev": "MA", "state": "Massachusetts", "fips": "015", "incits": "25015", "id": "US.MA.015", "population": 159596}}, {"geometry": {"type": "Polygon", "coordinates": [[[-9832, 5811], [-9780, 5810], [-9773, 5800], [-9748, 5796], [-9731, 5787], [-9734, 5769], [-9743, 5761], [-9737, 5740], [-9723, 5734], [-9726, 5715], [-9812, 5717], [-9812, 5735], [-9824, 5746], [-9837, 5760], [-9832, 5792], [-9825, 5803], [-9832, 5811]]]}, "type": "Feature", "properties": {"name": "Worcester County", "stateAbbrev": "MA", "state": "Massachusetts", "fips": "027", "incits": "25027", "id": "US.MA.027", "population": 809106}}, {"geometry": {"type": "Polygon", "coordinates": [[[-9933, 5814], [-9832, 5811], [-9825, 5803], [-9832, 5792], [-9837, 5760], [-9845, 5770], [-9860, 5772], [-9890, 5768], [-9889, 5775], [-9912, 5779], [-9927, 5789], [-9923, 5800], [-9933, 5814]]]}, "type": "Feature", "properties": {"name": "Franklin County", "stateAbbrev": "MA", "state": "Massachusetts", "fips": "011", "incits": "25011", "id": "US.MA.011", "population": 71221}}, {"geometry": {"type": "Polygon", "coordinates": [[[-9710, 5711], [-9669, 5726], [-9665, 5708], [-9642, 5680], [-9636, 5661], [-9625, 5654], [-9625, 5654], [-9663, 5633], [-9671, 5636], [-9676, 5667], [-9703, 5683], [-9710, 5711]]]}, "type": "Feature", "properties": {"name": "Bristol County", "stateAbbrev": "MA", "state": "Massachusetts", "fips": "005", "incits": "25005", "id": "US.MA.005", "population": 552780}}, {"geometry": {"type": "Polygon", "coordinates": [[[-9780, 5810], [-9698, 5808], [-9693, 5813], [-9693, 5802], [-9676, 5795], [-9661, 5774], [-9684, 5752], [-9723, 5734], [-9737, 5740], [-9743, 5761], [-9734, 5769], [-9731, 5787], [-9748, 5796], [-9773, 5800], [-9780, 5810]]]}, "type": "Feature", "properties": {"name": "Middlesex County", "stateAbbrev": "MA", "state": "Massachusetts", "fips": "017", "incits": "25017", "id": "US.MA.017", "population": 1552802}}, {"geometry": {"type": "Polygon", "coordinates": [[[-9723, 5734], [-9684, 5752], [-9652, 5754], [-9645, 5749], [-9648, 5735], [-9669, 5726], [-9710, 5711], [-9726, 5715], [-9723, 5734]]]}, "type": "Feature", "properties": {"name": "Norfolk County", "stateAbbrev": "MA", "state": "Massachusetts", "fips": "021", "incits": "25021", "id": "US.MA.021", "population": 687802}}, {"geometry": {"type": "Polygon", "coordinates": [[[-9669, 5726], [-9648, 5735], [-9645, 5749], [-9652, 5754], [-9631, 5759], [-9628, 5757], [-9622, 5755], [-9616, 5751], [-9586, 5705], [-9584, 5689], [-9606, 5679], [-9625, 5654], [-9636, 5661], [-9642, 5680], [-9665, 5708], [-9669, 5726]]]}, "type": "Feature", "properties": {"name": "Plymouth County", "stateAbbrev": "MA", "state": "Massachusetts", "fips": "023", "incits": "25023", "id": "US.MA.023", "population": 501915}}, {"geometry": {"type": "Polygon", "coordinates": [[[-9625, 5654], [-9625, 5654], [-9606, 5679], [-9584, 5689], [-9575, 5685], [-9542, 5688], [-9542, 5705], [-9563, 5718], [-9556, 5730], [-9534, 5729], [-9522, 5722], [-9510, 5707], [-9503, 5685], [-9504, 5665], [-9513, 5649], [-9555, 5653], [-9576, 5653], [-9587, 5642], [-9614, 5648], [-9625, 5654]]]}, "type": "Feature", "properties": {"name": "Barnstable County", "stateAbbrev": "MA", "state": "Massachusetts", "fips": "001", "incits": "25001", "id": "US.MA.001", "population": 214990}}, {"geometry": {"type": "Polygon", "coordinates": [[[-9684, 5752], [-9661, 5774], [-9644, 5765], [-9634, 5767], [-9631, 5759], [-9652, 5754], [-9684, 5752]]]}, "type": "Feature", "properties": {"name": "Suffolk County", "stateAbbrev": "MA", "state": "Massachusetts", "fips": "025", "incits": "25025", "id": "US.MA.025", "population": 755503}}, {"geometry": {"type": "Polygon", "coordinates": [[[-9576, 5614], [-9566, 5631], [-9542, 5624], [-9529, 5637], [-9516, 5630], [-9508, 5617], [-9511, 5606], [-9537, 5603], [-9576, 5614]]]}, "type": "Feature", "properties": {"name": "Nantucket County", "stateAbbrev": "MA", "state": "Massachusetts", "fips": "019", "incits": "25019", "id": "US.MA.019", "population": 10399}}, {"geometry": {"type": "Polygon", "coordinates": [[[-9663, 5633], [-9625, 5654], [-9614, 5648], [-9587, 5642], [-9566, 5631], [-9576, 5614], [-9592, 5618], [-9617, 5617], [-9625, 5606], [-9639, 5606], [-9641, 5618], [-9663, 5633]]]}, "type": "Feature", "properties": {"name": "Dukes County", "stateAbbrev": "MA", "state": "Massachusetts", "fips": "007", "incits": "25007", "id": "US.MA.007", "population": 17256}}], "ac-tx": {"default": {"crs": "wsg84", "scale": 136.02574818994302, "xoffset": 0, "yoffset": 0}}}