{"crs": {"type": "name", "properties": {"name": "urn:ogc:def:crs:EPSG:4326"}}, "type": "FeatureCollection", "features": [{"geometry": {"type": "Polygon", "coordinates": [[[-9999, 3301], [-9999, 3393], [-9850, 3393], [-9867, 3374], [-9868, 3321], [-9868, 3301], [-9999, 3301]]]}, "type": "Feature", "properties": {"name": "San Juan County", "stateAbbrev": "NM", "state": "New Mexico", "fips": "045", "incits": "35045", "id": "US.NM.045", "population": 126503}}, {"geometry": {"type": "Polygon", "coordinates": [[[-9648, 3392], [-9537, 3392], [-9537, 3321], [-9538, 3321], [-9576, 3321], [-9576, 3321], [-9595, 3321], [-9659, 3325], [-9661, 3363], [-9649, 3367], [-9648, 3392]]]}, "type": "Feature", "properties": {"name": "Colfax County", "stateAbbrev": "NM", "state": "New Mexico", "fips": "007", "incits": "35007", "id": "US.NM.007", "population": 13094}}, {"geometry": {"type": "Polygon", "coordinates": [[[-9720, 3392], [-9648, 3392], [-9649, 3367], [-9661, 3363], [-9659, 3325], [-9676, 3302], [-9695, 3310], [-9716, 3333], [-9720, 3392]]]}, "type": "Feature", "properties": {"name": "Taos County", "stateAbbrev": "NM", "state": "New Mexico", "fips": "055", "incits": "35055", "id": "US.NM.055", "population": 33035}}, {"geometry": {"type": "Polygon", "coordinates": [[[-9742, 3279], [-9742, 3286], [-9742, 3288], [-9742, 3295], [-9725, 3301], [-9693, 3299], [-9694, 3289], [-9693, 3213], [-9741, 3213], [-9742, 3229], [-9742, 3279]]]}, "type": "Feature", "properties": {"name": "Santa Fe County", "stateAbbrev": "NM", "state": "New Mexico", "fips": "049", "incits": "35049", "id": "US.NM.049", "population": 147423}}, {"geometry": {"type": "Polygon", "coordinates": [[[-9694, 3289], [-9659, 3289], [-9628, 3280], [-9570, 3281], [-9534, 3283], [-9503, 3245], [-9547, 3222], [-9547, 3229], [-9654, 3229], [-9654, 3213], [-9693, 3213], [-9694, 3289]]]}, "type": "Feature", "properties": {"name": "San Miguel County", "stateAbbrev": "NM", "state": "New Mexico", "fips": "047", "incits": "35047", "id": "US.NM.047", "population": 28541}}, {"geometry": {"type": "Polygon", "coordinates": [[[-9694, 3289], [-9693, 3299], [-9676, 3302], [-9659, 3325], [-9595, 3321], [-9576, 3321], [-9576, 3321], [-9575, 3321], [-9576, 3319], [-9575, 3314], [-9567, 3301], [-9570, 3281], [-9628, 3280], [-9659, 3289], [-9694, 3289]]]}, "type": "Feature", "properties": {"name": "Mora County", "stateAbbrev": "NM", "state": "New Mexico", "fips": "033", "incits": "35033", "id": "US.NM.033", "population": 4704}}, {"geometry": {"type": "Polygon", "coordinates": [[[-9742, 3298], [-9742, 3295], [-9742, 3288], [-9742, 3286], [-9742, 3279], [-9756, 3283], [-9742, 3298]]]}, "type": "Feature", "properties": {"name": "Los Alamos County", "stateAbbrev": "NM", "state": "New Mexico", "fips": "028", "incits": "35028", "id": "US.NM.028", "population": 17798}}, {"geometry": {"type": "Polygon", "coordinates": [[[-9868, 3301], [-9868, 3321], [-9800, 3321], [-9800, 3301], [-9742, 3298], [-9756, 3283], [-9742, 3279], [-9742, 3229], [-9829, 3229], [-9839, 3237], [-9839, 3301], [-9868, 3301]]]}, "type": "Feature", "properties": {"name": "Sandoval County", "stateAbbrev": "NM", "state": "New Mexico", "fips": "043", "incits": "35043", "id": "US.NM.043", "population": 136575}}, {"geometry": {"type": "Polygon", "coordinates": [[[-9537, 3321], [-9537, 3392], [-9444, 3393], [-9448, 3347], [-9448, 3277], [-9479, 3277], [-9478, 3309], [-9517, 3309], [-9537, 3317], [-9537, 3321]]]}, "type": "Feature", "properties": {"name": "Union County", "stateAbbrev": "NM", "state": "New Mexico", "fips": "059", "incits": "35059", "id": "US.NM.059", "population": 4370}}, {"geometry": {"type": "Polygon", "coordinates": [[[-9868, 3321], [-9867, 3374], [-9850, 3393], [-9720, 3392], [-9716, 3333], [-9695, 3310], [-9676, 3302], [-9693, 3299], [-9725, 3301], [-9742, 3295], [-9742, 3298], [-9800, 3301], [-9800, 3321], [-9868, 3321]]]}, "type": "Feature", "properties": {"name": "Rio Arriba County", "stateAbbrev": "NM", "state": "New Mexico", "fips": "039", "incits": "35039", "id": "US.NM.039", "population": 40072}}, {"geometry": {"type": "Polygon", "coordinates": [[[-9829, 3229], [-9742, 3229], [-9741, 3213], [-9757, 3197], [-9813, 3198], [-9817, 3206], [-9829, 3229]]]}, "type": "Feature", "properties": {"name": "Bernalillo County", "stateAbbrev": "NM", "state": "New Mexico", "fips": "001", "incits": "35001", "id": "US.NM.001", "population": 674221}}, {"geometry": {"type": "Polygon", "coordinates": [[[-9999, 3171], [-9877, 3171], [-9876, 3070], [-9903, 3070], [-9903, 3044], [-9999, 3045], [-9999, 3171]]]}, "type": "Feature", "properties": {"name": "Catron County", "stateAbbrev": "NM", "state": "New Mexico", "fips": "003", "incits": "35003", "id": "US.NM.003", "population": 3607}}, {"geometry": {"type": "Polygon", "coordinates": [[[-9657, 3038], [-9619, 3038], [-9618, 3126], [-9608, 3118], [-9550, 3117], [-9531, 3125], [-9510, 3086], [-9491, 3078], [-9510, 3078], [-9519, 3023], [-9613, 3023], [-9614, 2982], [-9660, 2982], [-9657, 3038]]]}, "type": "Feature", "properties": {"name": "Chaves County", "stateAbbrev": "NM", "state": "New Mexico", "fips": "005", "incits": "35005", "id": "US.NM.005", "population": 65823}}, {"geometry": {"type": "Polygon", "coordinates": [[[-9999, 3171], [-9999, 3206], [-9946, 3205], [-9946, 3237], [-9839, 3237], [-9829, 3229], [-9817, 3206], [-9829, 3206], [-9829, 3171], [-9877, 3171], [-9999, 3171]]]}, "type": "Feature", "properties": {"name": "Cibola County", "stateAbbrev": "NM", "state": "New Mexico", "fips": "006", "incits": "35006", "id": "US.NM.006", "population": 27335}}, {"geometry": {"type": "Polygon", "coordinates": [[[-9512, 3173], [-9470, 3205], [-9448, 3205], [-9448, 3145], [-9512, 3145], [-9512, 3173]]]}, "type": "Feature", "properties": {"name": "Curry County", "stateAbbrev": "NM", "state": "New Mexico", "fips": "009", "incits": "35009", "id": "US.NM.009", "population": 50598}}, {"geometry": {"type": "Polygon", "coordinates": [[[-9618, 3126], [-9618, 3150], [-9618, 3173], [-9577, 3173], [-9567, 3189], [-9548, 3189], [-9531, 3173], [-9531, 3125], [-9550, 3117], [-9608, 3118], [-9618, 3126]]]}, "type": "Feature", "properties": {"name": "De Baca County", "stateAbbrev": "NM", "state": "New Mexico", "fips": "011", "incits": "35011", "id": "US.NM.011", "population": 1907}}, {"geometry": {"type": "Polygon", "coordinates": [[[-9838, 2990], [-9838, 3006], [-9800, 3010], [-9751, 3031], [-9754, 3022], [-9754, 2934], [-9768, 2914], [-9838, 2914], [-9838, 2990]]]}, "type": "Feature", "properties": {"name": "Dona Ana County", "stateAbbrev": "NM", "state": "New Mexico", "fips": "013", "incits": "35013", "id": "US.NM.013", "population": 213460}}, {"geometry": {"type": "Polygon", "coordinates": [[[-9614, 2982], [-9613, 3023], [-9519, 3023], [-9510, 2982], [-9510, 2934], [-9614, 2934], [-9614, 2982]]]}, "type": "Feature", "properties": {"name": "Eddy County", "stateAbbrev": "NM", "state": "New Mexico", "fips": "015", "incits": "35015", "id": "US.NM.015", "population": 55471}}, {"geometry": {"type": "Polygon", "coordinates": [[[-9999, 3045], [-9903, 3044], [-9890, 3045], [-9872, 2990], [-9923, 2982], [-9922, 2921], [-9951, 2922], [-9951, 2982], [-9980, 2989], [-9999, 3006], [-9999, 3045]]]}, "type": "Feature", "properties": {"name": "Grant County", "stateAbbrev": "NM", "state": "New Mexico", "fips": "017", "incits": "35017", "id": "US.NM.017", "population": 29328}}, {"geometry": {"type": "Polygon", "coordinates": [[[-9656, 3150], [-9654, 3213], [-9654, 3229], [-9547, 3229], [-9547, 3222], [-9548, 3189], [-9567, 3189], [-9577, 3173], [-9618, 3173], [-9618, 3150], [-9656, 3150]]]}, "type": "Feature", "properties": {"name": "Guadalupe County", "stateAbbrev": "NM", "state": "New Mexico", "fips": "019", "incits": "35019", "id": "US.NM.019", "population": 4551}}, {"geometry": {"type": "Polygon", "coordinates": [[[-9576, 3321], [-9576, 3321], [-9538, 3321], [-9537, 3317], [-9517, 3309], [-9478, 3309], [-9479, 3277], [-9479, 3246], [-9503, 3245], [-9534, 3283], [-9570, 3281], [-9567, 3301], [-9575, 3314], [-9576, 3319], [-9575, 3321], [-9576, 3321], [-9576, 3321]]]}, "type": "Feature", "properties": {"name": "Harding County", "stateAbbrev": "NM", "state": "New Mexico", "fips": "021", "incits": "35021", "id": "US.NM.021", "population": 693}}, {"geometry": {"type": "Polygon", "coordinates": [[[-9999, 3006], [-9980, 2989], [-9951, 2982], [-9951, 2922], [-9922, 2921], [-9922, 2914], [-9922, 2873], [-9999, 2873], [-9999, 3006]]]}, "type": "Feature", "properties": {"name": "Hidalgo County", "stateAbbrev": "NM", "state": "New Mexico", "fips": "023", "incits": "35023", "id": "US.NM.023", "population": 4654}}, {"geometry": {"type": "Polygon", "coordinates": [[[-9519, 3023], [-9510, 3078], [-9491, 3078], [-9449, 3078], [-9450, 2934], [-9510, 2934], [-9510, 2982], [-9519, 3023]]]}, "type": "Feature", "properties": {"name": "Lea County", "stateAbbrev": "NM", "state": "New Mexico", "fips": "025", "incits": "35025", "id": "US.NM.025", "population": 68062}}, {"geometry": {"type": "Polygon", "coordinates": [[[-9753, 3070], [-9753, 3087], [-9724, 3086], [-9712, 3102], [-9712, 3141], [-9656, 3141], [-9656, 3150], [-9618, 3150], [-9618, 3126], [-9619, 3038], [-9657, 3038], [-9657, 3054], [-9694, 3062], [-9751, 3062], [-9753, 3070]]]}, "type": "Feature", "properties": {"name": "Lincoln County", "stateAbbrev": "NM", "state": "New Mexico", "fips": "027", "incits": "35027", "id": "US.NM.027", "population": 20105}}, {"geometry": {"type": "Polygon", "coordinates": [[[-9872, 2990], [-9838, 2990], [-9838, 2914], [-9922, 2914], [-9922, 2921], [-9923, 2982], [-9872, 2990]]]}, "type": "Feature", "properties": {"name": "Luna County", "stateAbbrev": "NM", "state": "New Mexico", "fips": "029", "incits": "35029", "id": "US.NM.029", "population": 24659}}, {"geometry": {"type": "Polygon", "coordinates": [[[-9999, 3301], [-9868, 3301], [-9839, 3301], [-9839, 3237], [-9946, 3237], [-9946, 3205], [-9999, 3206], [-9999, 3301]]]}, "type": "Feature", "properties": {"name": "McKinley County", "stateAbbrev": "NM", "state": "New Mexico", "fips": "031", "incits": "35031", "id": "US.NM.031", "population": 73308}}, {"geometry": {"type": "Polygon", "coordinates": [[[-9751, 3031], [-9751, 3062], [-9694, 3062], [-9657, 3054], [-9657, 3038], [-9660, 2982], [-9614, 2982], [-9614, 2934], [-9754, 2934], [-9754, 3022], [-9751, 3031]]]}, "type": "Feature", "properties": {"name": "Otero County", "stateAbbrev": "NM", "state": "New Mexico", "fips": "035", "incits": "35035", "id": "US.NM.035", "population": 65616}}, {"geometry": {"type": "Polygon", "coordinates": [[[-9547, 3222], [-9503, 3245], [-9479, 3246], [-9479, 3277], [-9448, 3277], [-9448, 3205], [-9470, 3205], [-9512, 3173], [-9531, 3173], [-9548, 3189], [-9547, 3222]]]}, "type": "Feature", "properties": {"name": "Quay County", "stateAbbrev": "NM", "state": "New Mexico", "fips": "037", "incits": "35037", "id": "US.NM.037", "population": 8662}}, {"geometry": {"type": "Polygon", "coordinates": [[[-9531, 3173], [-9512, 3173], [-9512, 3145], [-9448, 3145], [-9449, 3078], [-9491, 3078], [-9510, 3086], [-9531, 3125], [-9531, 3173]]]}, "type": "Feature", "properties": {"name": "Roosevelt County", "stateAbbrev": "NM", "state": "New Mexico", "fips": "041", "incits": "35041", "id": "US.NM.041", "population": 19955}}, {"geometry": {"type": "Polygon", "coordinates": [[[-9876, 3070], [-9753, 3070], [-9751, 3062], [-9751, 3031], [-9800, 3010], [-9838, 3006], [-9838, 2990], [-9872, 2990], [-9890, 3045], [-9903, 3044], [-9903, 3070], [-9876, 3070]]]}, "type": "Feature", "properties": {"name": "Sierra County", "stateAbbrev": "NM", "state": "New Mexico", "fips": "051", "incits": "35051", "id": "US.NM.051", "population": 11572}}, {"geometry": {"type": "Polygon", "coordinates": [[[-9877, 3171], [-9829, 3171], [-9800, 3171], [-9757, 3158], [-9757, 3142], [-9712, 3141], [-9712, 3102], [-9724, 3086], [-9753, 3087], [-9753, 3070], [-9876, 3070], [-9877, 3171]]]}, "type": "Feature", "properties": {"name": "Socorro County", "stateAbbrev": "NM", "state": "New Mexico", "fips": "053", "incits": "35053", "id": "US.NM.053", "population": 17584}}, {"geometry": {"type": "Polygon", "coordinates": [[[-9757, 3197], [-9741, 3213], [-9693, 3213], [-9654, 3213], [-9656, 3150], [-9656, 3141], [-9712, 3141], [-9757, 3142], [-9757, 3158], [-9757, 3197]]]}, "type": "Feature", "properties": {"name": "Torrance County", "stateAbbrev": "NM", "state": "New Mexico", "fips": "057", "incits": "35057", "id": "US.NM.057", "population": 15717}}, {"geometry": {"type": "Polygon", "coordinates": [[[-9829, 3171], [-9829, 3206], [-9817, 3206], [-9813, 3198], [-9757, 3197], [-9757, 3158], [-9800, 3171], [-9829, 3171]]]}, "type": "Feature", "properties": {"name": "Valencia County", "stateAbbrev": "NM", "state": "New Mexico", "fips": "061", "incits": "35061", "id": "US.NM.061", "population": 76284}}], "ac-tx": {"default": {"crs": "wsg84", "scale": 91.69184535836031, "xoffset": 0, "yoffset": 0}}}