{"type":"Topology","arcs":[[[1302,482],[32,-35],[105,-52]],[[1439,395],[-4,-94],[29,-47]],[[1464,254],[48,-47],[0,-84]],[[1512,123],[-47,59],[-68,-2],[-44,22],[-5,61],[-114,-36],[32,-81],[-47,-45],[-73,83],[-32,-4],[-54,78],[11,38],[109,-52],[48,36],[-30,99],[46,30],[25,80],[33,-7]],[[890,1209],[-37,-15],[-35,-77],[-64,54],[-64,11],[-58,-94]],[[632,1088],[-49,11],[-47,-143],[-47,-34],[-73,39],[-51,-14],[-37,22],[-55,-13],[-21,67],[-61,-6],[-19,33],[-58,-4],[-42,45],[-72,-16],[35,74],[36,175],[105,14],[39,83],[139,100],[17,-31],[109,65],[-15,72],[41,54],[98,11],[83,-188],[-29,-34],[89,-92],[1,-54],[108,52],[116,-3],[7,-94],[-89,-70]],[[890,1209],[101,-33],[30,-47],[44,0],[15,-76],[80,-48]],[[1160,1005],[-3,-2]],[[1157,1003],[-30,-52],[19,-44],[74,-3]],[[1220,904],[0,-2],[3,0],[-9,-61]],[[1214,841],[-106,30],[-53,63],[-87,9],[-66,40],[-99,96],[-60,-11],[-23,-40],[-88,60]],[[1441,837],[-36,-112]],[[1405,725],[-80,-5],[-25,-27]],[[1300,693],[-16,66],[-70,82]],[[1220,904],[80,30],[-20,33]],[[1280,967],[-19,76],[-45,3]],[[1216,1046],[53,56],[65,-22],[105,58],[47,-59],[-71,-107],[-32,-95],[58,-40]],[[1929,451],[-26,31],[-60,-4],[-38,36]],[[1805,514],[24,67],[-54,32],[8,109],[26,36],[139,-67],[90,-54],[12,-49],[-26,-40],[11,-97],[-106,0]],[[1647,521],[128,-63],[30,56]],[[1929,451],[-26,-65],[-79,29],[-52,-11]],[[1772,404],[-30,24],[-78,-6]],[[1664,422],[-34,58]],[[1630,480],[17,41]],[[1464,254],[34,44],[33,-31],[53,36]],[[1584,303],[71,-32],[102,-20],[14,23]],[[1771,274],[-5,-103],[-61,-3],[-28,-36],[24,-63],[-102,-69],[-102,41],[15,82]],[[1772,404],[15,-96],[-16,-34]],[[1584,303],[-52,51],[132,68]],[[1343,599],[69,-43]],[[1412,556],[29,-76],[-2,-85]],[[1302,482],[41,117]],[[1412,556],[79,-62],[30,74]],[[1521,568],[109,-88]],[[1405,725],[45,-40],[25,-63],[48,15],[-2,-69]],[[1343,599],[-28,22],[-15,72]],[[1441,837],[41,-38],[62,0],[83,-108],[21,-101],[-1,-69]],[[1160,1005],[56,41]],[[1280,967],[-57,-4],[-66,40]]],"transform":{"scale":[0.7336585365853658,0.5543735224586288],"translate":[8495,2998.0000000000005]},"objects":{"gansu":{"type":"GeometryCollection","geometries":[{"arcs":[[0,1,2,3]],"type":"Polygon","properties":{"admin_leve":"5","localname":"甘南藏族自治州 (Gannan)","boundary":"administrative","id":"CN.gansu.165639","name":"Gannan Tibetan Autonomous Prefecture"}},{"arcs":[[4,5]],"type":"Polygon","properties":{"admin_leve":"5","localname":"酒泉市 / Jiuquan","boundary":"administrative","id":"CN.gansu.165655","name":"Jiuquan"}},{"arcs":[[6,7,8,9,10,-5]],"type":"Polygon","properties":{"name":"Zhangye","admin_leve":"5","wikipedia":"en:Zhangye","localname":"张掖市 / Zhangye","boundary":"administrative","id":"CN.gansu.165803"}},{"arcs":[[11,12,13,-10,14,15,16]],"type":"Polygon","properties":{"name":"Wuwei","admin_leve":"5","wikipedia":"en:Wuwei, Gansu","localname":"武威市 (Wuwei)","boundary":"administrative","id":"CN.gansu.165830"}},{"arcs":[[17,18]],"type":"Polygon","properties":{"admin_leve":"5","localname":"庆阳市 (Qingyang)","boundary":"administrative","id":"CN.gansu.165866","name":"Qingyang"}},{"arcs":[[19,-18,20,21,22,23]],"type":"Polygon","properties":{"admin_leve":"5","localname":"平凉市 (Pingliang)","boundary":"administrative","id":"CN.gansu.2696771","name":"Pingliang"}},{"arcs":[[24,25,26,-3]],"type":"Polygon","properties":{"admin_leve":"5","localname":"陇南市 (Longnan)","boundary":"administrative","id":"CN.gansu.2697126","name":"Longnan City"}},{"arcs":[[-22,27,-26,28]],"type":"Polygon","properties":{"admin_leve":"5","localname":"天水市 (Tianshui)","boundary":"administrative","id":"CN.gansu.2697305","name":"Tianshui"}},{"arcs":[[29,30,-1,31]],"type":"Polygon","properties":{"admin_leve":"5","localname":"临夏回族自治州 (Linxia Hui)","boundary":"administrative","id":"CN.gansu.2697555","name":"Linxia Hui Autonomous Prefecture"}},{"arcs":[[32,33,-23,-29,-25,-2,-31]],"type":"Polygon","properties":{"admin_leve":"5","localname":"定西市 (Dingxi)","boundary":"administrative","id":"CN.gansu.2701633","name":"Dingxi"}},{"arcs":[[-13,34,-33,-30,35]],"type":"Polygon","properties":{"admin_leve":"5","localname":"兰州市 (Lanzhou)","boundary":"administrative","id":"CN.gansu.2701949","name":"Lanzhou"}},{"arcs":[[-12,36,-24,-34,-35]],"type":"Polygon","properties":{"admin_leve":"5","localname":"白银市","boundary":"administrative","id":"CN.gansu.2702854","name":"Baiyin"}},{"arcs":[[-8,37,-16,38]],"type":"Polygon","properties":{"admin_leve":"6","localname":"金川区 (Jinchuan)","boundary":"administrative","id":"CN.gansu.2705763","name":"Jinchuan District"}},{"arcs":[[-39,-15,-9]],"type":"Polygon","properties":{"admin_leve":"6","localname":"永昌县 (Yongchang)","boundary":"administrative","id":"CN.gansu.2705764","name":"Yongchang County"}}]}},"crs":{"type":"name","properties":{"name":"urn:ogc:def:crs:EPSG:4326"}},"ac-tx":{"default":{"crs":"wsg84","scale":91.9806672294159,"xoffset":0,"yoffset":0}}}