{"type":"Topology","arcs":[[[1787,860],[-24,45]],[[1763,905],[29,22]],[[1792,927],[16,-34],[-21,-33]],[[1650,2175],[2,-71],[27,-14],[22,-36],[-6,-14]],[[1695,2040],[-123,53],[-25,34],[-320,11],[-62,31]],[[1165,2169],[-27,14],[-183,-3],[-8,56],[35,172],[54,53],[-16,107],[-51,109],[5,34],[-705,208],[-40,25]],[[229,2944],[64,172],[619,149],[337,8],[328,-211],[3,-137],[13,-14],[-16,-12],[24,-11],[6,-39],[32,-23],[5,-104],[22,9],[21,-26],[-29,-22],[29,-14],[-19,-31],[35,-17],[-5,-87],[-27,-42],[19,-23],[-32,-70],[18,-70],[-26,-154]],[[1165,2169],[14,-48],[-105,-45],[-3,-39],[-40,-9],[-3,-39],[-65,-107],[-10,-163],[-30,-118],[-46,-25],[-126,-11],[-67,-25],[-11,-93]],[[673,1447],[-76,25],[-43,54],[3,25],[-226,140],[-8,26],[-81,64],[-110,200],[-127,70],[-5,25],[116,467],[-6,193],[119,208]],[[2048,2093],[91,-28],[-48,-67],[24,-113],[-13,-25],[51,0],[21,36],[62,37],[14,-6],[48,-140],[-62,-110]],[[2236,1677],[-97,-45],[-99,14],[-143,-33],[-59,11]],[[1838,1624],[-22,50],[8,29],[-51,42],[-5,28],[-51,31],[-3,64],[-51,54],[16,22],[41,3],[-25,93]],[[1650,2175],[45,-26],[65,17],[16,-28],[81,-14],[62,8],[43,-19],[64,0],[22,-20]],[[2166,1011],[-24,-129],[-86,-64],[24,-57]],[[2080,761],[-54,0],[0,45],[-64,6],[-24,42]],[[1938,854],[-30,11],[-73,110]],[[1835,975],[59,53],[25,-3]],[[1919,1025],[53,-19],[22,28],[102,20],[70,-43]],[[1838,1624],[5,-56],[54,-45],[-24,-76],[40,-45],[-2,-23],[27,-8],[-22,-42],[32,-110],[-5,-42],[19,-28],[-54,-84],[11,-40]],[[1835,975],[-24,3],[-19,-51]],[[1763,905],[-70,81],[-41,3],[-80,53],[-41,-19],[-48,53],[-116,28],[-186,112],[-43,54],[-202,132],[-104,-6],[-105,45],[-54,6]],[[2320,1475],[24,-70],[-54,-45],[-5,-48],[83,-149],[57,-59]],[[2425,1104],[-68,-22],[-35,-51],[-56,45],[-8,31],[-92,-96]],[[2236,1677],[81,3],[11,-39],[-38,-37],[19,-36],[21,28],[35,3],[-16,-88],[-29,-36]],[[1938,854],[-84,-104],[0,-84],[-32,-45]],[[1822,621],[-67,79],[-44,-17]],[[1711,683],[22,70],[62,45],[5,48],[-13,14]],[[2465,761],[-16,-31],[-124,-64],[-24,-48],[-89,3],[-11,-23],[-32,-8],[-11,-34],[-24,0]],[[2134,556],[-27,71],[24,19],[-24,56],[8,37]],[[2115,739],[97,53],[151,-14],[32,-28],[70,11]],[[2067,410],[29,-34],[41,-16],[2,-20]],[[2139,340],[11,-157],[-51,-54],[16,-78]],[[2115,51],[-46,-23],[-43,37],[-70,-28],[-67,22]],[[1889,59],[38,132],[-78,23],[-68,87],[-29,160]],[[1752,461],[48,-51],[68,-31],[61,17],[52,70],[86,-56]],[[1822,621],[8,-62],[-78,-98]],[[1889,59],[-70,6],[-172,61],[-164,-11],[-33,-14],[-18,51],[37,59],[14,-6],[8,45],[54,28],[-8,25],[32,20],[3,42],[18,0],[-10,93],[13,59],[22,11],[-17,23],[11,-6],[14,28],[72,48],[-2,50],[18,12]],[[2080,761],[35,-22]],[[2134,556],[-67,-146]],[[2505,1599],[-24,-48],[-108,-73],[-53,-3]],[[2048,2093],[46,28],[24,-20],[43,65],[35,11],[75,-78],[124,-9],[35,-39],[11,-70],[35,-28],[-11,-88],[40,-146],[0,-120]],[[2906,1118],[-37,-121],[10,-45],[-64,-109],[8,-84],[-22,-17],[19,-51],[-8,-53],[-19,-11],[-2,-104]],[[2791,523],[-41,28],[-32,-6],[-3,17],[-48,-37],[-70,17],[-19,45]],[[2578,587],[19,25],[-94,20],[-6,51],[46,90],[-11,28],[-19,-3]],[[2513,798],[92,126],[94,-42],[-21,59],[-60,56],[-35,9],[-13,28],[16,149],[22,31]],[[2608,1214],[45,11],[6,-28],[56,-9],[43,-42],[43,11],[14,-19],[91,-20]],[[2513,798],[-18,-31],[-30,-6]],[[2425,1104],[80,90],[103,20]],[[2578,587],[-14,-36],[-48,-42],[-94,-26],[-35,-42],[-54,-17],[-35,-62],[-105,-45],[-54,23]],[[2505,1599],[30,-82],[5,-76],[22,-25],[56,-11],[92,19],[105,62],[137,-98],[-32,-39],[24,-85],[-27,-53],[-11,-93]],[[2791,523],[-52,-166],[-37,-3],[-22,-45],[-51,-31],[-3,-34],[-48,9],[-46,-20],[-19,-45],[-24,0],[-21,-28],[2,-62],[-56,-45],[-46,43],[-78,14],[-54,-34],[-29,-76],[-22,3],[-38,48],[-32,0]]],"transform":{"scale":[0.37161246612466126,0.3559425603421937],"translate":[-105.00000000000001,8834]},"objects":{"paraguay":{"type":"GeometryCollection","geometries":[{"arcs":[[0,1,2]],"type":"Polygon","properties":{"labelrank":5,"code_hasc":"PY.AS","name":"Asunción","admin":"Paraguay","type_en":"Capital District","region":"","woe_id":20070148,"longitude":-57,"woe_name":"Asunción","fips":"PA22","woe_label":"AsunciÃ³n, PY, Paraguay","latitude":-25,"iso_a2":"PY","postal":"AS","type":"Distrito Capital","id":"PY.AS"}},{"arcs":[[3,4,5,6]],"type":"Polygon","properties":{"labelrank":5,"code_hasc":"PY.AG","name":"Alto Paraguay","admin":"Paraguay","type_en":"Department","region":"","woe_id":2346463,"longitude":-59,"woe_name":"Alto Paraguay","fips":"PA03","woe_label":"Alto Paraguay, PY, Paraguay","latitude":-21,"iso_a2":"PY","postal":"AG","type":"Departamento","id":"PY.AG"}},{"arcs":[[7,8,-6]],"type":"Polygon","properties":{"labelrank":5,"code_hasc":"PY.BQ","name":"Boquerón","admin":"Paraguay","type_en":"Department","region":"","woe_id":2346450,"longitude":-60,"woe_name":"Boquerón","fips":"PA24","woe_label":"BoquerÃ³n, PY, Paraguay","latitude":-22,"iso_a2":"PY","postal":"BQ","type":"Departamento","id":"PY.BQ"}},{"arcs":[[9,10,11,-4,12]],"type":"Polygon","properties":{"labelrank":5,"code_hasc":"PY.CN","name":"Concepción","admin":"Paraguay","type_en":"Department","region":"","woe_id":2346454,"longitude":-57,"woe_name":"Concepción","fips":"PA07","woe_label":"ConcepciÃ³n, PY, Paraguay","latitude":-22,"iso_a2":"PY","postal":"CN","type":"Departamento","id":"PY.CN"}},{"arcs":[[13,14,15,16,17]],"type":"Polygon","properties":{"labelrank":5,"code_hasc":"PY.CR","name":"Cordillera","admin":"Paraguay","type_en":"Department","region":"","woe_id":2346455,"longitude":-56,"woe_name":"Cordillera","fips":"PA08","woe_label":"Cordillera, PY, Paraguay","latitude":-25,"iso_a2":"PY","postal":"CR","type":"Departamento","id":"PY.CR"}},{"arcs":[[-12,18,-17,19,-2,20,-8,-5]],"type":"Polygon","properties":{"labelrank":5,"code_hasc":"PY.PH","name":"Presidente Hayes","admin":"Paraguay","type_en":"Department","region":"","woe_id":2346461,"longitude":-58,"woe_name":"Presidente Hayes","fips":"PA16","woe_label":"Presidente Hayes, PY, Paraguay","latitude":-23,"iso_a2":"PY","postal":"PH","type":"Departamento","id":"PY.PH"}},{"arcs":[[21,22,-18,-19,-11,23]],"type":"Polygon","properties":{"labelrank":7,"code_hasc":"PY.SP","name":"San Pedro","admin":"Paraguay","type_en":"Department","region":"","woe_id":2346462,"longitude":-56,"woe_name":"San Pedro","fips":"PA17","woe_label":"San Pedro, PY, Paraguay","latitude":-24,"iso_a2":"PY","postal":"SP","type":"Departamento","id":"PY.SP"}},{"arcs":[[-16,24,25,26,-3,-20]],"type":"Polygon","properties":{"labelrank":5,"code_hasc":"PY.CE","name":"Central","admin":"Paraguay","type_en":"Department","region":"","woe_id":2346453,"longitude":-57,"woe_name":"Central","fips":"PA06","woe_label":"Central, PY, Paraguay","latitude":-25,"iso_a2":"PY","postal":"CE","type":"Departamento","id":"PY.CE"}},{"arcs":[[27,28,29]],"type":"Polygon","properties":{"labelrank":5,"code_hasc":"PY.GU","name":"Guairá","admin":"Paraguay","type_en":"Department","region":"","woe_id":2346456,"longitude":-56,"woe_name":"Guairá","fips":"PA10","woe_label":"GuairÃ¡, PY, Paraguay","latitude":-25,"iso_a2":"PY","postal":"GU","type":"Departamento","id":"PY.GU"}},{"arcs":[[30,31,32,33,34]],"type":"Polygon","properties":{"labelrank":5,"code_hasc":"PY.MI","name":"Misiones","admin":"Paraguay","type_en":"Department","region":"","woe_id":2346458,"longitude":-57,"woe_name":"Misiones","fips":"PA12","woe_label":"Misiones, PY, Paraguay","latitude":-26,"iso_a2":"PY","postal":"MI","type":"Departamento","id":"PY.MI"}},{"arcs":[[35,-34,36,-26]],"type":"Polygon","properties":{"labelrank":5,"code_hasc":"PY.NE","name":"Ñeembucú","admin":"Paraguay","type_en":"Department","region":"","woe_id":2346459,"longitude":-57,"woe_name":"Ñeembucú","fips":"PA13","woe_label":"Ã‘eembucÃº, PY, Paraguay","latitude":-26,"iso_a2":"PY","postal":"NE","type":"Departamento","id":"PY.NE"}},{"arcs":[[37,-29,38,-35,-36,-25,-15]],"type":"Polygon","properties":{"labelrank":5,"code_hasc":"PY.PG","name":"Paraguarí","admin":"Paraguay","type_en":"Department","region":"","woe_id":2346460,"longitude":-57,"woe_name":"Paraguarí","fips":"PA15","woe_label":"ParaguarÃ­, PY, Paraguay","latitude":-25,"iso_a2":"PY","postal":"PG","type":"Departamento","id":"PY.PG"}},{"arcs":[[39,-24,-10,40]],"type":"Polygon","properties":{"labelrank":5,"code_hasc":"PY.AM","name":"Amambay","admin":"Paraguay","type_en":"Department","region":"","woe_id":2346449,"longitude":-56,"woe_name":"Amambay","fips":"PA02","woe_label":"Amambay, PY, Paraguay","latitude":-23,"iso_a2":"PY","postal":"AM","type":"Departamento","id":"PY.AM"}},{"arcs":[[41,42,43,44,45]],"type":"Polygon","properties":{"labelrank":5,"code_hasc":"PY.AA","name":"Alto Paraná","admin":"Paraguay","type_en":"Department","region":"","woe_id":2346448,"longitude":-54,"woe_name":"Alto Paraná","fips":"PA01","woe_label":"Alto ParanÃ¡, PY, Paraguay","latitude":-25,"iso_a2":"PY","postal":"AA","type":"Departamento","id":"PY.AA"}},{"arcs":[[46,-30,-38,-14,-23,47,-45]],"type":"Polygon","properties":{"labelrank":5,"code_hasc":"PY.CG","name":"Caaguazú","admin":"Paraguay","type_en":"Department","region":"","woe_id":2346451,"longitude":-55,"woe_name":"Caaguazú","fips":"PA04","woe_label":"CaaguazÃº, PY, Paraguay","latitude":-25,"iso_a2":"PY","postal":"CG","type":"Departamento","id":"PY.CG"}},{"arcs":[[48,-31,-39,-28,-47,-44]],"type":"Polygon","properties":{"labelrank":5,"code_hasc":"PY.CZ","name":"Caazapá","admin":"Paraguay","type_en":"Department","region":"","woe_id":2346452,"longitude":-56,"woe_name":"Caazapá","fips":"PA05","woe_label":"CaazapÃ¡, PY, Paraguay","latitude":-26,"iso_a2":"PY","postal":"CZ","type":"Departamento","id":"PY.CZ"}},{"arcs":[[-46,-48,-22,-40,49]],"type":"Polygon","properties":{"labelrank":5,"code_hasc":"PY.CY","name":"Canindeyú","admin":"Paraguay","type_en":"Department","region":"","woe_id":2346464,"longitude":-55,"woe_name":"Canindeyú","fips":"PA19","woe_label":"CanindeyÃº, PY, Paraguay","latitude":-24,"iso_a2":"PY","postal":"CY","type":"Departamento","id":"PY.CY"}},{"arcs":[[-43,50,-32,-49]],"type":"Polygon","properties":{"labelrank":5,"code_hasc":"PY.IT","name":"Itapúa","admin":"Paraguay","type_en":"Department","region":"","woe_id":2346457,"longitude":-55,"woe_name":"Itapúa","fips":"PA11","woe_label":"ItapÃºa, PY, Paraguay","latitude":-26,"iso_a2":"PY","postal":"IT","type":"Departamento","id":"PY.IT"}}]}},"crs":{"type":"name","properties":{"name":"urn:ogc:def:crs:EPSG:32721"}},"ac-tx":{"default":{"crs":"+proj=utm +zone=21 +south +datum=WGS84 +units=m +no_defs","scale":0.0012712281379741604}}}