{"crs": {"type": "name", "properties": {"name": "urn:ogc:def:crs:EPSG:32721"}}, "type": "FeatureCollection", "features": [{"geometry": {"type": "Polygon", "coordinates": [[[559, 9140], [550, 9156], [561, 9164], [567, 9152], [559, 9140]]]}, "type": "Feature", "properties": {"labelrank": 5, "code_hasc": "PY.AS", "name": "Asunción", "admin": "Paraguay", "type_en": "Capital District", "region": "", "woe_id": 20070148, "longitude": -57, "woe_name": "Asunción", "fips": "PA22", "woe_label": "AsunciÃ³n, PY, Paraguay", "latitude": -25, "iso_a2": "PY", "postal": "AS", "type": "Distrito Capital", "id": "PY.AS"}}, {"geometry": {"type": "Polygon", "coordinates": [[[508, 9608], [509, 9583], [519, 9578], [527, 9565], [525, 9560], [479, 9579], [470, 9591], [351, 9595], [328, 9606], [318, 9611], [250, 9610], [247, 9630], [260, 9691], [280, 9710], [274, 9748], [255, 9787], [257, 9799], [-5, 9873], [-20, 9882], [4, 9943], [234, 9996], [359, 9999], [481, 9924], [482, 9875], [487, 9870], [481, 9866], [490, 9862], [492, 9848], [504, 9840], [506, 9803], [514, 9806], [522, 9797], [511, 9789], [522, 9784], [515, 9773], [528, 9767], [526, 9736], [516, 9721], [523, 9713], [511, 9688], [518, 9663], [508, 9608]]]}, "type": "Feature", "properties": {"labelrank": 5, "code_hasc": "PY.AG", "name": "Alto Paraguay", "admin": "Paraguay", "type_en": "Department", "region": "", "woe_id": 2346463, "longitude": -59, "woe_name": "Alto Paraguay", "fips": "PA03", "woe_label": "Alto Paraguay, PY, Paraguay", "latitude": -21, "iso_a2": "PY", "postal": "AG", "type": "Departamento", "id": "PY.AG"}}, {"geometry": {"type": "Polygon", "coordinates": [[[328, 9606], [333, 9589], [294, 9573], [293, 9559], [278, 9556], [277, 9542], [253, 9504], [249, 9446], [238, 9404], [221, 9395], [174, 9391], [149, 9382], [145, 9349], [117, 9358], [101, 9377], [102, 9386], [18, 9436], [15, 9445], [-15, 9468], [-56, 9539], [-103, 9564], [-105, 9573], [-62, 9739], [-64, 9808], [-20, 9882], [-5, 9873], [257, 9799], [255, 9787], [274, 9748], [280, 9710], [260, 9691], [247, 9630], [250, 9610], [318, 9611], [328, 9606]]]}, "type": "Feature", "properties": {"labelrank": 5, "code_hasc": "PY.BQ", "name": "Boquerón", "admin": "Paraguay", "type_en": "Department", "region": "", "woe_id": 2346450, "longitude": -60, "woe_name": "Boquerón", "fips": "PA24", "woe_label": "BoquerÃ³n, PY, Paraguay", "latitude": -22, "iso_a2": "PY", "postal": "BQ", "type": "Departamento", "id": "PY.BQ"}}, {"geometry": {"type": "Polygon", "coordinates": [[[656, 9579], [690, 9569], [672, 9545], [681, 9505], [676, 9496], [695, 9496], [703, 9509], [726, 9522], [731, 9520], [749, 9470], [726, 9431], [690, 9415], [653, 9420], [600, 9408], [578, 9412], [570, 9430], [573, 9440], [554, 9455], [552, 9465], [533, 9476], [532, 9499], [513, 9518], [519, 9526], [534, 9527], [525, 9560], [527, 9565], [519, 9578], [509, 9583], [508, 9608], [525, 9599], [549, 9605], [555, 9595], [585, 9590], [608, 9593], [624, 9586], [648, 9586], [656, 9579]]]}, "type": "Feature", "properties": {"labelrank": 5, "code_hasc": "PY.CN", "name": "Concepción", "admin": "Paraguay", "type_en": "Department", "region": "", "woe_id": 2346454, "longitude": -57, "woe_name": "Concepción", "fips": "PA07", "woe_label": "ConcepciÃ³n, PY, Paraguay", "latitude": -22, "iso_a2": "PY", "postal": "CN", "type": "Departamento", "id": "PY.CN"}}, {"geometry": {"type": "Polygon", "coordinates": [[[700, 9194], [691, 9148], [659, 9125], [668, 9105], [648, 9105], [648, 9121], [624, 9123], [615, 9138], [604, 9142], [577, 9181], [599, 9200], [608, 9199], [628, 9192], [636, 9202], [674, 9209], [700, 9194]]]}, "type": "Feature", "properties": {"labelrank": 5, "code_hasc": "PY.CR", "name": "Cordillera", "admin": "Paraguay", "type_en": "Department", "region": "", "woe_id": 2346455, "longitude": -56, "woe_name": "Cordillera", "fips": "PA08", "woe_label": "Cordillera, PY, Paraguay", "latitude": -25, "iso_a2": "PY", "postal": "CR", "type": "Departamento", "id": "PY.CR"}}, {"geometry": {"type": "Polygon", "coordinates": [[[525, 9560], [534, 9527], [519, 9526], [513, 9518], [532, 9499], [533, 9476], [552, 9465], [554, 9455], [573, 9440], [570, 9430], [578, 9412], [580, 9392], [600, 9376], [591, 9349], [606, 9333], [605, 9325], [615, 9322], [607, 9307], [619, 9268], [617, 9253], [624, 9243], [604, 9213], [608, 9199], [599, 9200], [577, 9181], [568, 9182], [561, 9164], [550, 9156], [524, 9185], [509, 9186], [479, 9205], [464, 9198], [446, 9217], [403, 9227], [334, 9267], [318, 9286], [243, 9333], [204, 9331], [165, 9347], [145, 9349], [149, 9382], [174, 9391], [221, 9395], [238, 9404], [249, 9446], [253, 9504], [277, 9542], [278, 9556], [293, 9559], [294, 9573], [333, 9589], [328, 9606], [351, 9595], [470, 9591], [479, 9579], [525, 9560]]]}, "type": "Feature", "properties": {"labelrank": 5, "code_hasc": "PY.PH", "name": "Presidente Hayes", "admin": "Paraguay", "type_en": "Department", "region": "", "woe_id": 2346461, "longitude": -58, "woe_name": "Presidente Hayes", "fips": "PA16", "woe_label": "Presidente Hayes, PY, Paraguay", "latitude": -23, "iso_a2": "PY", "postal": "PH", "type": "Departamento", "id": "PY.PH"}}, {"geometry": {"type": "Polygon", "coordinates": [[[757, 9359], [766, 9334], [746, 9318], [744, 9301], [775, 9248], [796, 9227], [771, 9219], [758, 9201], [737, 9217], [734, 9228], [700, 9194], [674, 9209], [636, 9202], [628, 9192], [608, 9199], [604, 9213], [624, 9243], [617, 9253], [619, 9268], [607, 9307], [615, 9322], [605, 9325], [606, 9333], [591, 9349], [600, 9376], [580, 9392], [578, 9412], [600, 9408], [653, 9420], [690, 9415], [726, 9431], [756, 9432], [760, 9418], [746, 9405], [753, 9392], [761, 9402], [774, 9403], [768, 9372], [757, 9359]]]}, "type": "Feature", "properties": {"labelrank": 7, "code_hasc": "PY.SP", "name": "San Pedro", "admin": "Paraguay", "type_en": "Department", "region": "", "woe_id": 2346462, "longitude": -56, "woe_name": "San Pedro", "fips": "PA17", "woe_label": "San Pedro, PY, Paraguay", "latitude": -24, "iso_a2": "PY", "postal": "SP", "type": "Departamento", "id": "PY.SP"}}, {"geometry": {"type": "Polygon", "coordinates": [[[577, 9181], [604, 9142], [615, 9138], [584, 9101], [584, 9071], [572, 9055], [547, 9083], [531, 9077], [539, 9102], [562, 9118], [564, 9135], [559, 9140], [567, 9152], [561, 9164], [568, 9182], [577, 9181]]]}, "type": "Feature", "properties": {"labelrank": 5, "code_hasc": "PY.CE", "name": "Central", "admin": "Paraguay", "type_en": "Department", "region": "", "woe_id": 2346453, "longitude": -57, "woe_name": "Central", "fips": "PA06", "woe_label": "Central, PY, Paraguay", "latitude": -25, "iso_a2": "PY", "postal": "CE", "type": "Departamento", "id": "PY.CE"}}, {"geometry": {"type": "Polygon", "coordinates": [[[811, 9105], [805, 9094], [759, 9071], [750, 9054], [717, 9055], [713, 9047], [701, 9044], [697, 9032], [688, 9032], [678, 9057], [687, 9064], [678, 9084], [681, 9097], [717, 9116], [773, 9111], [785, 9101], [811, 9105]]]}, "type": "Feature", "properties": {"labelrank": 5, "code_hasc": "PY.GU", "name": "Guairá", "admin": "Paraguay", "type_en": "Department", "region": "", "woe_id": 2346456, "longitude": -56, "woe_name": "Guairá", "fips": "PA10", "woe_label": "GuairÃ¡, PY, Paraguay", "latitude": -25, "iso_a2": "PY", "postal": "GU", "type": "Departamento", "id": "PY.GU"}}, {"geometry": {"type": "Polygon", "coordinates": [[[663, 8980], [674, 8968], [689, 8962], [690, 8955], [694, 8899], [675, 8880], [681, 8852], [664, 8844], [648, 8857], [622, 8847], [597, 8855], [611, 8902], [582, 8910], [557, 8941], [546, 8998], [564, 8980], [589, 8969], [612, 8975], [631, 9000], [663, 8980]]]}, "type": "Feature", "properties": {"labelrank": 5, "code_hasc": "PY.MI", "name": "Misiones", "admin": "Paraguay", "type_en": "Department", "region": "", "woe_id": 2346458, "longitude": -57, "woe_name": "Misiones", "fips": "PA12", "woe_label": "Misiones, PY, Paraguay", "latitude": -26, "iso_a2": "PY", "postal": "MI", "type": "Departamento", "id": "PY.MI"}}, {"geometry": {"type": "Polygon", "coordinates": [[[572, 9055], [575, 9033], [546, 8998], [557, 8941], [582, 8910], [611, 8902], [597, 8855], [571, 8857], [507, 8879], [446, 8875], [434, 8870], [427, 8888], [441, 8909], [446, 8907], [449, 8923], [469, 8933], [466, 8942], [478, 8949], [479, 8964], [486, 8964], [482, 8997], [487, 9018], [495, 9022], [489, 9030], [493, 9028], [498, 9038], [525, 9055], [524, 9073], [531, 9077], [547, 9083], [572, 9055]]]}, "type": "Feature", "properties": {"labelrank": 5, "code_hasc": "PY.NE", "name": "Ñeembucú", "admin": "Paraguay", "type_en": "Department", "region": "", "woe_id": 2346459, "longitude": -57, "woe_name": "Ñeembucú", "fips": "PA13", "woe_label": "Ã‘eembucÃº, PY, Paraguay", "latitude": -26, "iso_a2": "PY", "postal": "NE", "type": "Departamento", "id": "PY.NE"}}, {"geometry": {"type": "Polygon", "coordinates": [[[668, 9105], [681, 9097], [678, 9084], [687, 9064], [678, 9057], [688, 9032], [663, 8980], [631, 9000], [612, 8975], [589, 8969], [564, 8980], [546, 8998], [575, 9033], [572, 9055], [584, 9071], [584, 9101], [615, 9138], [624, 9123], [648, 9121], [648, 9105], [668, 9105]]]}, "type": "Feature", "properties": {"labelrank": 5, "code_hasc": "PY.PG", "name": "Paraguarí", "admin": "Paraguay", "type_en": "Department", "region": "", "woe_id": 2346460, "longitude": -57, "woe_name": "Paraguarí", "fips": "PA15", "woe_label": "ParaguarÃ­, PY, Paraguay", "latitude": -25, "iso_a2": "PY", "postal": "PG", "type": "Departamento", "id": "PY.PG"}}, {"geometry": {"type": "Polygon", "coordinates": [[[826, 9403], [817, 9386], [777, 9360], [757, 9359], [768, 9372], [774, 9403], [761, 9402], [753, 9392], [746, 9405], [760, 9418], [756, 9432], [726, 9431], [749, 9470], [731, 9520], [726, 9522], [703, 9509], [695, 9496], [676, 9496], [681, 9505], [672, 9545], [690, 9569], [656, 9579], [673, 9589], [682, 9582], [698, 9605], [711, 9609], [739, 9581], [785, 9578], [798, 9564], [802, 9539], [815, 9529], [811, 9498], [826, 9446], [826, 9403]]]}, "type": "Feature", "properties": {"labelrank": 5, "code_hasc": "PY.AM", "name": "Amambay", "admin": "Paraguay", "type_en": "Department", "region": "", "woe_id": 2346449, "longitude": -56, "woe_name": "Amambay", "fips": "PA02", "woe_label": "Amambay, PY, Paraguay", "latitude": -23, "iso_a2": "PY", "postal": "AM", "type": "Departamento", "id": "PY.AM"}}, {"geometry": {"type": "Polygon", "coordinates": [[[975, 9232], [961, 9189], [965, 9173], [941, 9134], [944, 9104], [936, 9098], [943, 9080], [940, 9061], [933, 9057], [932, 9020], [917, 9030], [905, 9028], [904, 9034], [886, 9021], [860, 9027], [853, 9043], [860, 9052], [825, 9059], [823, 9077], [840, 9109], [836, 9119], [829, 9118], [863, 9163], [898, 9148], [890, 9169], [868, 9189], [855, 9192], [850, 9202], [856, 9255], [864, 9266], [881, 9270], [883, 9260], [904, 9257], [920, 9242], [936, 9246], [941, 9239], [975, 9232]]]}, "type": "Feature", "properties": {"labelrank": 5, "code_hasc": "PY.AA", "name": "Alto Paraná", "admin": "Paraguay", "type_en": "Department", "region": "", "woe_id": 2346448, "longitude": -54, "woe_name": "Alto Paraná", "fips": "PA01", "woe_label": "Alto ParanÃ¡, PY, Paraguay", "latitude": -25, "iso_a2": "PY", "postal": "AA", "type": "Departamento", "id": "PY.AA"}}, {"geometry": {"type": "Polygon", "coordinates": [[[829, 9118], [822, 9107], [811, 9105], [785, 9101], [773, 9111], [717, 9116], [681, 9097], [668, 9105], [659, 9125], [691, 9148], [700, 9194], [734, 9228], [737, 9217], [758, 9201], [771, 9219], [796, 9227], [826, 9259], [864, 9266], [856, 9255], [850, 9202], [855, 9192], [868, 9189], [890, 9169], [898, 9148], [863, 9163], [829, 9118]]]}, "type": "Feature", "properties": {"labelrank": 5, "code_hasc": "PY.CG", "name": "Caaguazú", "admin": "Paraguay", "type_en": "Department", "region": "", "woe_id": 2346451, "longitude": -55, "woe_name": "Caaguazú", "fips": "PA04", "woe_label": "CaaguazÃº, PY, Paraguay", "latitude": -25, "iso_a2": "PY", "postal": "CG", "type": "Departamento", "id": "PY.CG"}}, {"geometry": {"type": "Polygon", "coordinates": [[[853, 9043], [848, 9030], [830, 9015], [795, 9006], [782, 8991], [762, 8985], [749, 8963], [710, 8947], [690, 8955], [689, 8962], [674, 8968], [663, 8980], [688, 9032], [697, 9032], [701, 9044], [713, 9047], [717, 9055], [750, 9054], [759, 9071], [805, 9094], [811, 9105], [822, 9107], [829, 9118], [836, 9119], [840, 9109], [823, 9077], [825, 9059], [860, 9052], [853, 9043]]]}, "type": "Feature", "properties": {"labelrank": 5, "code_hasc": "PY.CZ", "name": "Caazapá", "admin": "Paraguay", "type_en": "Department", "region": "", "woe_id": 2346452, "longitude": -56, "woe_name": "Caazapá", "fips": "PA05", "woe_label": "CaazapÃ¡, PY, Paraguay", "latitude": -26, "iso_a2": "PY", "postal": "CZ", "type": "Departamento", "id": "PY.CZ"}}, {"geometry": {"type": "Polygon", "coordinates": [[[975, 9232], [941, 9239], [936, 9246], [920, 9242], [904, 9257], [883, 9260], [881, 9270], [864, 9266], [826, 9259], [796, 9227], [775, 9248], [744, 9301], [746, 9318], [766, 9334], [757, 9359], [777, 9360], [817, 9386], [826, 9403], [837, 9374], [839, 9347], [847, 9338], [868, 9334], [902, 9341], [941, 9363], [992, 9328], [980, 9314], [989, 9284], [979, 9265], [975, 9232]]]}, "type": "Feature", "properties": {"labelrank": 5, "code_hasc": "PY.CY", "name": "Canindeyú", "admin": "Paraguay", "type_en": "Department", "region": "", "woe_id": 2346464, "longitude": -55, "woe_name": "Canindeyú", "fips": "PA19", "woe_label": "CanindeyÃº, PY, Paraguay", "latitude": -24, "iso_a2": "PY", "postal": "CY", "type": "Departamento", "id": "PY.CY"}}, {"geometry": {"type": "Polygon", "coordinates": [[[853, 9043], [860, 9027], [886, 9021], [904, 9034], [905, 9028], [917, 9030], [932, 9020], [913, 8961], [899, 8960], [891, 8944], [872, 8933], [871, 8921], [853, 8924], [836, 8917], [829, 8901], [820, 8901], [812, 8891], [813, 8869], [792, 8853], [775, 8868], [746, 8873], [726, 8861], [715, 8834], [707, 8835], [693, 8852], [681, 8852], [675, 8880], [694, 8899], [690, 8955], [710, 8947], [749, 8963], [762, 8985], [782, 8991], [795, 9006], [830, 9015], [848, 9030], [853, 9043]]]}, "type": "Feature", "properties": {"labelrank": 5, "code_hasc": "PY.IT", "name": "Itapúa", "admin": "Paraguay", "type_en": "Department", "region": "", "woe_id": 2346457, "longitude": -55, "woe_name": "Itapúa", "fips": "PA11", "woe_label": "ItapÃºa, PY, Paraguay", "latitude": -26, "iso_a2": "PY", "postal": "IT", "type": "Departamento", "id": "PY.IT"}}], "ac-tx": {"default": {"crs": "+proj=utm +zone=21 +south +datum=WGS84 +units=m +no_defs", "scale": 0.0012712281379741604}}}