{"type":"Topology","arcs":[[[463,639],[11,14]],[[474,653],[10,0]],[[484,653],[0,-29]],[[484,624],[-10,0]],[[474,624],[-11,15]],[[484,653],[20,0]],[[504,653],[11,0]],[[515,653],[-21,-58]],[[494,595],[-10,29]],[[515,653],[20,15]],[[535,668],[41,29],[0,58],[-30,29]],[[546,784],[0,58]],[[546,842],[113,-58],[51,-44],[41,-72],[124,-204],[51,-101],[21,-131],[-51,-58],[-83,-14],[-72,29]],[[741,189],[10,101],[-72,58],[-103,15]],[[576,363],[-10,145],[-72,-14]],[[494,494],[0,101]],[[504,740],[42,44]],[[535,668],[-31,72]],[[494,740],[10,0]],[[504,653],[-10,87]],[[474,653],[-21,29]],[[453,682],[41,58]],[[453,682],[-72,29]],[[381,711],[0,160],[-31,87]],[[350,958],[41,29],[83,-58],[72,-87]],[[463,639],[-62,14]],[[401,653],[-20,58]],[[381,653],[20,0]],[[474,624],[-31,-29]],[[443,595],[-62,-14],[0,72]],[[494,494],[-41,29],[-10,72]],[[309,682],[72,-29]],[[576,363],[-72,14],[-103,-29]],[[401,348],[-30,0],[10,87],[31,29],[-41,88]],[[371,552],[-42,43],[-20,87]],[[309,682],[-52,-14],[-31,29]],[[226,697],[-30,116],[30,14],[0,73],[62,44],[62,14]],[[535,944],[72,0],[103,-73],[52,-73],[-52,0],[-134,102],[-41,44]],[[772,813],[93,-29],[-11,-58],[-72,14],[-10,73]],[[185,1277],[93,102],[62,29],[61,-29],[62,-102],[247,-116],[11,-29],[72,-14],[154,14],[103,-305],[-113,0],[-134,29],[-113,44],[-52,44],[-175,58],[-41,0],[-175,232],[-62,43]],[[741,189],[-82,-15],[-124,-43],[-51,-29]],[[484,102],[-21,43],[-41,29],[-31,87]],[[391,261],[10,87]],[[93,305],[31,0]],[[124,305],[0,-44],[82,-14],[93,29],[41,-29],[51,14]],[[484,102],[-62,-44],[-31,-43],[-62,-15],[0,44],[-51,72],[-72,-14],[0,87],[-93,-15],[-20,58],[0,73]],[[371,552],[-31,-29],[-93,14],[-21,-58],[-30,15],[-21,-73],[10,-102],[-61,-14]],[[93,305],[-11,87],[-72,0],[11,72],[-21,59],[82,0],[83,29],[-11,130],[72,15]]],"transform":{"scale":[0.09714285714285714,0.06889204545454546],"translate":[9897,2513]},"objects":{"shanghai":{"type":"GeometryCollection","geometries":[{"arcs":[[0,1,2,3,4]],"type":"Polygon","properties":{"name":"Jing'an District","admin_leve":"6","wikipedia":"en:Jing'an District","localname":"静安区 (Jing'an)","boundary":"administrative","id":"CN.shanghai.371637"}},{"arcs":[[5,6,7,8,-3]],"type":"Polygon","properties":{"name":"Huangpu District","admin_leve":"6","wikipedia":"en:Huangpu District, Shanghai","localname":"黄浦区 (Huangpu)","boundary":"administrative","id":"CN.shanghai.371650"}},{"arcs":[[-8,9,10,11,12,13,14,15]],"type":"Polygon","properties":{"name":"Pudong New District","admin_leve":"6","wikipedia":"zh:浦东新区","localname":"浦东新区 (Pudong)","boundary":"administrative","id":"CN.shanghai.398348"}},{"arcs":[[16,-11,17]],"type":"Polygon","properties":{"name":"Yangpu District","admin_leve":"6","wikipedia":"en:Yangpu District","localname":"杨浦区 (Yangpu)","boundary":"administrative","id":"CN.shanghai.398350"}},{"arcs":[[18,-18,-10,-7,19]],"type":"Polygon","properties":{"name":"Hongkou District","admin_leve":"6","wikipedia":"en:Hongkou District","localname":"虹口区 (Hongkou)","boundary":"administrative","id":"CN.shanghai.398351"}},{"arcs":[[-20,-6,-2,20,21]],"type":"Polygon","properties":{"name":"Zhabei District","admin_leve":"6","wikipedia":"en:Zhabei District","localname":"闸北区 (Zhabei)","boundary":"administrative","id":"CN.shanghai.398353"}},{"arcs":[[-12,-17,-19,-22,22,23,24]],"type":"Polygon","properties":{"name":"Baoshan District","admin_leve":"6","wikipedia":"en:Baoshan District, Shanghai","localname":"宝山区 (Baoshan)","boundary":"administrative","id":"CN.shanghai.398374"}},{"arcs":[[-23,-21,-1,25,26]],"type":"Polygon","properties":{"name":"Putuo District","admin_leve":"6","wikipedia":"en:Putuo District, Shanghai","localname":"普陀区 (Putuo)","boundary":"administrative","id":"CN.shanghai.398886"}},{"arcs":[[27,-26,-5,28,29]],"type":"Polygon","properties":{"name":"Changning District","admin_leve":"6","wikipedia":"en:Changning District","localname":"长宁区 (Changning)","boundary":"administrative","id":"CN.shanghai.398899"}},{"arcs":[[-29,-4,-9,-16,30]],"type":"Polygon","properties":{"name":"Xuhui District","admin_leve":"6","wikipedia":"en:Xuhui District","localname":"徐汇区 (Xuhui)","boundary":"administrative","id":"CN.shanghai.1278188"}},{"arcs":[[31,-30,-31,-15,32,33,34]],"type":"Polygon","properties":{"name":"Minhang District","admin_leve":"6","wikipedia":"en:Minhang District","localname":"闵行区 (Minhang)","boundary":"administrative","id":"CN.shanghai.1278189"}},{"arcs":[[-24,-27,-28,-32,35,36]],"type":"Polygon","properties":{"name":"Jiading District","admin_leve":"6","wikipedia":"en:Jiading District","localname":"嘉定区 (Jiading)","boundary":"administrative","id":"CN.shanghai.1673543"}},{"arcs":[[[37]],[[38]],[[39]]],"type":"MultiPolygon","properties":{"name":"Chongming County","admin_leve":"6","wikipedia":"en:Chongming County","localname":"崇明县 (Chongming)","boundary":"administrative","id":"CN.shanghai.3292750"}},{"arcs":[[-33,-14,40,41,42]],"type":"Polygon","properties":{"name":"Fengxian District","admin_leve":"6","wikipedia":"en:Fengxian District","localname":"奉贤区 (Fengxian)","boundary":"administrative","id":"CN.shanghai.3292751"}},{"arcs":[[43,44,-42,45]],"type":"Polygon","properties":{"name":"Jinshan District","admin_leve":"6","wikipedia":"en:Jinshan District","localname":"金山区 (Jinshan)","boundary":"administrative","id":"CN.shanghai.3292756"}},{"arcs":[[-36,-35,46,-44,47]],"type":"Polygon","properties":{"name":"Qingpu District","admin_leve":"6","wikipedia":"en:Qingpu District, Shanghai","localname":"青浦区 (Qingpu)","boundary":"administrative","id":"CN.shanghai.3292760"}},{"arcs":[[-47,-34,-43,-45]],"type":"Polygon","properties":{"name":"Songjiang District","admin_leve":"6","wikipedia":"en:Songjiang District","localname":"松江区 (Songjiang)","boundary":"administrative","id":"CN.shanghai.3293722"}}]}},"crs":{"type":"name","properties":{"name":"urn:ogc:def:crs:EPSG:4326"}},"ac-tx":{"default":{"crs":"wsg84","scale":81.87525713295435,"xoffset":0,"yoffset":0}}}