{"crs": {"type": "name", "properties": {"name": "urn:ogc:def:crs:EPSG:32636"}}, "type": "FeatureCollection", "features": [{"geometry": {"type": "Polygon", "coordinates": [[[5756, -242], [6133, -249], [6305, -249], [6678, -249], [6678, -706], [6678, -1532], [5354, -1532], [5353, -1183], [5353, -632], [5479, -535], [5335, -352], [5331, -279], [5262, -299], [5276, -194], [5371, -242], [5756, -242]]]}, "type": "Feature", "properties": {"labelrank": 7, "code_hasc": "UG.KN", "name": "Kalangala", "admin": "Uganda", "type_en": "District", "region": "Central", "woe_id": 20070420, "longitude": 32, "woe_name": "Kalangala", "fips": "UG36", "woe_label": "Kalangala, UG, Uganda", "latitude": 0, "iso_a2": "UG", "postal": "KN", "type": "District", "id": "UG.KN"}}, {"geometry": {"type": "Polygon", "coordinates": [[[7253, 1027], [7333, 1037], [7542, 854], [7681, 803], [7709, 837], [7783, 689], [7689, 530], [7509, 462], [7333, 535], [7196, 599], [7191, 711], [7065, 832], [6988, 1013], [7253, 1027]]]}, "type": "Feature", "properties": {"labelrank": 9, "code_hasc": "UG.JI", "name": "Jinja", "admin": "Uganda", "type_en": "District", "region": "Eastern", "woe_id": 20070417, "longitude": 33, "woe_name": "Jinja", "fips": "UG33", "woe_label": "Jinja, UG, Uganda", "latitude": 0, "iso_a2": "UG", "postal": "JI", "type": "District", "id": "UG.JI"}}, {"geometry": {"type": "Polygon", "coordinates": [[[8777, 2493], [8804, 2378], [8517, 2285], [8526, 2188], [8450, 2130], [8455, 1980], [8338, 1905], [8127, 2008], [8116, 2121], [8210, 2188], [8205, 2431], [8291, 2504], [8777, 2493]]]}, "type": "Feature", "properties": {"labelrank": 7, "code_hasc": "UG.KU", "name": "Kumi", "admin": "Uganda", "type_en": "District", "region": "Eastern", "woe_id": -20070430, "longitude": 33, "woe_name": "Kumi", "fips": "UG46", "woe_label": "Kumi, UG, Uganda", "latitude": 1, "iso_a2": "UG", "postal": "KU", "type": "District", "id": "UG.KU"}}, {"geometry": {"type": "Polygon", "coordinates": [[[7484, 3086], [7595, 2884], [7586, 2711], [7458, 2624], [7305, 2597], [7243, 2402], [7233, 2092], [6858, 2252], [6826, 2515], [6897, 2622], [7059, 2624], [7112, 2802], [7339, 2978], [7361, 3117], [7484, 3086]]]}, "type": "Feature", "properties": {"labelrank": 7, "code_hasc": "UG.KD", "name": "Kaberamaido", "admin": "Uganda", "type_en": "District", "region": "Eastern", "woe_id": 24550743, "longitude": 33, "woe_name": "Kaberamaido", "fips": "UG80", "woe_label": "Kaberamaido, UG, Uganda", "latitude": 1, "iso_a2": "UG", "postal": "KD", "type": "District", "id": "UG.KD"}}, {"geometry": {"type": "Polygon", "coordinates": [[[6854, 1806], [6815, 1655], [6843, 1452], [6965, 1220], [6988, 1013], [7065, 832], [6962, 897], [6696, 1106], [6594, 1292], [6575, 1652], [6569, 2034], [6437, 2121], [6433, 2247], [6623, 2254], [6854, 1806]]]}, "type": "Feature", "properties": {"labelrank": 7, "code_hasc": "UG.KY", "name": "Kayunga", "admin": "Uganda", "type_en": "District", "region": "Central", "woe_id": 24550742, "longitude": 32, "woe_name": "Kayunga", "fips": "UG83", "woe_label": "Kayunga, UG, Uganda", "latitude": 0, "iso_a2": "UG", "postal": "KY", "type": "District", "id": "UG.KY"}}, {"geometry": {"type": "Polygon", "coordinates": [[[7883, 1120], [7942, 978], [7850, 676], [7783, 689], [7709, 837], [7702, 1020], [7560, 1113], [7571, 1332], [7731, 1346], [7747, 1246], [7871, 1181], [7883, 1120]]]}, "type": "Feature", "properties": {"labelrank": 7, "code_hasc": "UG.IN", "name": "Iganga", "admin": "Uganda", "type_en": "District", "region": "Eastern", "woe_id": -20070449, "longitude": 33, "woe_name": "Iganga", "fips": "UGA2", "woe_label": "Iganga, UG, Uganda", "latitude": 0, "iso_a2": "UG", "postal": "IN", "type": "District", "id": "UG.IN"}}, {"geometry": {"type": "Polygon", "coordinates": [[[7370, 1442], [7253, 1027], [6988, 1013], [6965, 1220], [6843, 1452], [6815, 1655], [6854, 1806], [7088, 1741], [7119, 1612], [7370, 1442]]]}, "type": "Feature", "properties": {"labelrank": 7, "code_hasc": "UG.KX", "name": "Kamuli", "admin": "Uganda", "type_en": "District", "region": "Eastern", "woe_id": -20070422, "longitude": 33, "woe_name": "Kamuli", "fips": "UGA3", "woe_label": "Kamuli, UG, Uganda", "latitude": 0, "iso_a2": "UG", "postal": "KX", "type": "District", "id": "UG.KX"}}, {"geometry": {"type": "Polygon", "coordinates": [[[6897, 2622], [6826, 2515], [6858, 2252], [6623, 2254], [6433, 2247], [6299, 2235], [6230, 2324], [5841, 2520], [6290, 2525], [6565, 2753], [6741, 2763], [6897, 2622]]]}, "type": "Feature", "properties": {"labelrank": 9, "code_hasc": "UG.LI.KO", "name": "Amolatar", "admin": "Uganda", "type_en": "County", "region": "Northern", "woe_id": 56190195, "longitude": 32, "woe_name": "", "fips": "UGB4", "woe_label": "", "latitude": 1, "iso_a2": "UG", "postal": "KO", "type": "County", "id": "UG.1682"}}, {"geometry": {"type": "Polygon", "coordinates": [[[7887, 1662], [7731, 1346], [7571, 1332], [7516, 1400], [7543, 1506], [7434, 1649], [7594, 1968], [7887, 1662]]]}, "type": "Feature", "properties": {"labelrank": 9, "code_hasc": "UG.RO.BL", "name": "Kaliro", "admin": "Uganda", "type_en": "County", "region": "Eastern", "woe_id": 56190214, "longitude": 33, "woe_name": "", "fips": "UGC2", "woe_label": "", "latitude": 1, "iso_a2": "UG", "postal": "BL", "type": "County", "id": "UG.1683"}}, {"geometry": {"type": "Polygon", "coordinates": [[[8056, 1431], [8201, 1054], [8106, 1037], [8058, 1104], [8029, 1067], [7883, 1120], [7871, 1181], [7747, 1246], [7731, 1346], [7887, 1662], [8056, 1431]]]}, "type": "Feature", "properties": {"labelrank": 9, "code_hasc": "UG.BK.BS", "name": "Namutumba", "admin": "Uganda", "type_en": "County", "region": "Eastern", "woe_id": -56190214, "longitude": 33, "woe_name": "Namutumba", "fips": "UGD2", "woe_label": "", "latitude": 0, "iso_a2": "UG", "postal": "BS", "type": "County", "id": "UG.1685"}}, {"geometry": {"type": "Polygon", "coordinates": [[[8157, 2611], [8160, 2550], [8042, 2515], [8013, 2433], [7696, 2423], [7458, 2624], [7586, 2711], [7595, 2884], [7633, 3062], [7729, 3076], [8071, 2762], [8157, 2611]]]}, "type": "Feature", "properties": {"labelrank": 9, "code_hasc": "UG.SR", "name": "Soroti", "admin": "Uganda", "type_en": "District", "region": "Eastern", "woe_id": -20070447, "longitude": 33, "woe_name": "Soroti", "fips": "UG95", "woe_label": "Soroti, UG, Uganda", "latitude": 1, "iso_a2": "UG", "postal": "SR", "type": "District", "id": "UG.SR"}}, {"geometry": {"type": "Polygon", "coordinates": [[[6962, 897], [6895, 854], [6890, 780], [6945, 550], [6305, -249], [6133, -249], [6331, 4], [6396, 440], [6430, 511], [6389, 770], [6406, 850], [6534, 898], [6594, 1292], [6696, 1106], [6962, 897]]]}, "type": "Feature", "properties": {"labelrank": 9, "code_hasc": "UG.MN", "name": "Mukono", "admin": "Uganda", "type_en": "District", "region": "Central", "woe_id": -20070438, "longitude": 32, "woe_name": "Mukono", "fips": "UG90", "woe_label": "Mukono, UG, Uganda", "latitude": 0, "iso_a2": "UG", "postal": "MN", "type": "District", "id": "UG.MN"}}, {"geometry": {"type": "Polygon", "coordinates": [[[8127, 2008], [8338, 1905], [8631, 1800], [8651, 1704], [8303, 1785], [8005, 1661], [7887, 1662], [7594, 1968], [7536, 2041], [7773, 2033], [8037, 2049], [8127, 2008]]]}, "type": "Feature", "properties": {"labelrank": 9, "code_hasc": "UG.PL", "name": "Pallisa", "admin": "Uganda", "type_en": "District", "region": "Eastern", "woe_id": -20070441, "longitude": 33, "woe_name": "Pallisa", "fips": "UGB3", "woe_label": "Pallisa, UG, Uganda", "latitude": 1, "iso_a2": "UG", "postal": "PL", "type": "District", "id": "UG.PL"}}, {"geometry": {"type": "Polygon", "coordinates": [[[4351, 307], [4746, 75], [4683, 28], [4770, -401], [4766, -453], [4544, -481], [4264, -399], [4314, -241], [4278, -116], [4235, -88], [4215, -141], [4046, -49], [3955, -68], [3860, -47], [3901, 130], [3837, 309], [3849, 316], [4078, 348], [4234, 259], [4351, 307]]]}, "type": "Feature", "properties": {"labelrank": 9, "code_hasc": "UG.SE", "name": "Sembabule", "admin": "Uganda", "type_en": "District", "region": "Central", "woe_id": 20070450, "longitude": 31, "woe_name": "Sembabule", "fips": "UG74", "woe_label": "Sembabule, UG, Uganda", "latitude": 0, "iso_a2": "UG", "postal": "SE", "type": "District", "id": "UG.SE"}}, {"geometry": {"type": "Polygon", "coordinates": [[[5756, -242], [5371, -242], [5276, -194], [5153, -11], [5414, 178], [5572, 195], [5712, 282], [5782, 408], [5779, 664], [5942, 664], [6051, 550], [6005, 347], [5724, 76], [5756, -242]]]}, "type": "Feature", "properties": {"labelrank": 7, "code_hasc": "UG.MI", "name": "Mpigi", "admin": "Uganda", "type_en": "District", "region": "Central", "woe_id": -20070436, "longitude": 32, "woe_name": "Mpigi", "fips": "UG89", "woe_label": "Mpigi, UG, Uganda", "latitude": 0, "iso_a2": "UG", "postal": "MI", "type": "District", "id": "UG.MI"}}, {"geometry": {"type": "Polygon", "coordinates": [[[5461, 5441], [5415, 4957], [5270, 4641], [4800, 4521], [4692, 4386], [4458, 4518], [4628, 4768], [4646, 4807], [4906, 5329], [5094, 5404], [5237, 5349], [5412, 5482], [5461, 5441]]]}, "type": "Feature", "properties": {"labelrank": 7, "code_hasc": "UG.AD", "name": "Adjumani", "admin": "Uganda", "type_en": "District", "region": "Northern", "woe_id": 20070445, "longitude": 31, "woe_name": "Adjumani", "fips": "UG65", "woe_label": "Adjumani, UG, Uganda", "latitude": 3, "iso_a2": "UG", "postal": "AD", "type": "District", "id": "UG.AD"}}, {"geometry": {"type": "Polygon", "coordinates": [[[4628, 4768], [4458, 4518], [4404, 4377], [4443, 4259], [4346, 4210], [4226, 4030], [3913, 3959], [3821, 3998], [3787, 4186], [3486, 4092], [3616, 4425], [3448, 4644], [3476, 4777], [3710, 4767], [3872, 4916], [3923, 5066], [3956, 5034], [4073, 5119], [4156, 5099], [4453, 4922], [4492, 4786], [4628, 4768]]]}, "type": "Feature", "properties": {"labelrank": 9, "code_hasc": "UG.AW.AU", "name": "Arua", "admin": "Uganda", "type_en": "County", "region": "Northern", "woe_id": 20070412, "longitude": 31, "woe_name": "Arua Municipality", "fips": "UG99", "woe_label": "Arua, UG, Uganda", "latitude": 2, "iso_a2": "UG", "postal": "AU", "type": "County", "id": "UG.2746"}}, {"geometry": {"type": "Polygon", "coordinates": [[[3923, 5066], [3773, 5100], [3695, 5178], [3702, 5346], [3601, 5362], [3756, 5626], [3947, 5706], [3898, 5402], [3923, 5066]]]}, "type": "Feature", "properties": {"labelrank": 9, "code_hasc": "UG.OK.KB", "name": "Koboko", "admin": "Uganda", "type_en": "County", "region": "Northern", "woe_id": 56190212, "longitude": 30, "woe_name": "", "fips": "UGC4", "woe_label": "", "latitude": 3, "iso_a2": "UG", "postal": "KB", "type": "County", "id": "UG.2747"}}, {"geometry": {"type": "Polygon", "coordinates": [[[4393, 2657], [4340, 2784], [3953, 2815], [4211, 3136], [4268, 3289], [4369, 3332], [4677, 3482], [4667, 3157], [4830, 2937], [4726, 2856], [4682, 2687], [4578, 2636], [4393, 2657]]]}, "type": "Feature", "properties": {"labelrank": 9, "code_hasc": "UG.BL", "name": "Buliisa", "admin": "Uganda", "type_en": "County", "region": "Western", "woe_id": -20070432, "longitude": 31, "woe_name": "", "fips": "UGD1", "woe_label": "", "latitude": 1, "iso_a2": "UG", "postal": "BL", "type": "County", "id": "UG.BL"}}, {"geometry": {"type": "Polygon", "coordinates": [[[4490, 4001], [4650, 3806], [4576, 3738], [4556, 3601], [4360, 3460], [4369, 3332], [4268, 3289], [4130, 3397], [4111, 3521], [3923, 3502], [3789, 3678], [3923, 3803], [3913, 3959], [4226, 4030], [4346, 4210], [4443, 4259], [4530, 4118], [4490, 4001]]]}, "type": "Feature", "properties": {"labelrank": 7, "code_hasc": "UG.NE", "name": "Nebbi", "admin": "Uganda", "type_en": "District", "region": "Northern", "woe_id": -20070439, "longitude": 31, "woe_name": "Nebbi", "fips": "UG58", "woe_label": "Nebbi, UG, Uganda", "latitude": 2, "iso_a2": "UG", "postal": "NE", "type": "District", "id": "UG.NE"}}, {"geometry": {"type": "Polygon", "coordinates": [[[5412, 5482], [5237, 5349], [5094, 5404], [4906, 5329], [4646, 4807], [4548, 4922], [4554, 5286], [4785, 5652], [4897, 5676], [5042, 5833], [5227, 5662], [5270, 5500], [5412, 5482]]]}, "type": "Feature", "properties": {"labelrank": 9, "code_hasc": "UG.MY", "name": "Moyo", "admin": "Uganda", "type_en": "District", "region": "Northern", "woe_id": 20070444, "longitude": 31, "woe_name": "Moyo", "fips": "UG72", "woe_label": "Moyo, UG, Uganda", "latitude": 3, "iso_a2": "UG", "postal": "MY", "type": "District", "id": "UG.MY"}}, {"geometry": {"type": "Polygon", "coordinates": [[[4785, 5652], [4554, 5286], [4548, 4922], [4646, 4807], [4628, 4768], [4492, 4786], [4453, 4922], [4156, 5099], [4073, 5119], [3956, 5034], [3923, 5066], [3898, 5402], [3947, 5706], [4172, 5798], [4618, 5595], [4785, 5652]]]}, "type": "Feature", "properties": {"labelrank": 9, "code_hasc": "UG.YU", "name": "Yumbe", "admin": "Uganda", "type_en": "District", "region": "Northern", "woe_id": 24550739, "longitude": 31, "woe_name": "Yumbe", "fips": "UG97", "woe_label": "", "latitude": 3, "iso_a2": "UG", "postal": "YU", "type": "District", "id": "UG.YU"}}, {"geometry": {"type": "Polygon", "coordinates": [[[3923, 5066], [3872, 4916], [3710, 4767], [3476, 4777], [3567, 5018], [3695, 5178], [3773, 5100], [3923, 5066]]]}, "type": "Feature", "properties": {"labelrank": 9, "code_hasc": "UG.MH", "name": "Maracha", "admin": "Uganda", "type_en": "District", "region": "Northern", "woe_id": 20070412, "longitude": 30, "woe_name": "Maracha", "fips": "UGD5", "woe_label": "Arua, UG, Uganda", "latitude": 3, "iso_a2": "UG", "postal": "MH", "type": "District", "id": "UG.MH"}}, {"geometry": {"type": "Polygon", "coordinates": [[[6396, 440], [6217, 418], [6180, 464], [6244, 594], [6219, 739], [6293, 713], [6389, 770], [6430, 511], [6396, 440]]]}, "type": "Feature", "properties": {"labelrank": 9, "code_hasc": "UG.KM", "name": "Kampala", "admin": "Uganda", "type_en": "District", "region": "Central", "woe_id": 20070421, "longitude": 32, "woe_name": "Kampala", "fips": "UG37", "woe_label": "Kampala, UG, Uganda", "latitude": 0, "iso_a2": "UG", "postal": "KM", "type": "District", "id": "UG.KM"}}, {"geometry": {"type": "Polygon", "coordinates": [[[5657, 1074], [5485, 972], [5303, 991], [5122, 1228], [4874, 1324], [5182, 1660], [5302, 1687], [5441, 1390], [5712, 1235], [5657, 1074]]]}, "type": "Feature", "properties": {"labelrank": 7, "code_hasc": "UG.KG", "name": "Kiboga", "admin": "Uganda", "type_en": "District", "region": "Central", "woe_id": -20070426, "longitude": 31, "woe_name": "Kiboga", "fips": "UG42", "woe_label": "Kiboga, UG, Uganda", "latitude": 0, "iso_a2": "UG", "postal": "KG", "type": "District", "id": "UG.KG"}}, {"geometry": {"type": "Polygon", "coordinates": [[[5841, 2520], [6230, 2324], [6299, 2235], [6433, 2247], [6437, 2121], [6569, 2034], [6575, 1652], [6492, 1643], [6413, 1749], [6359, 1736], [6335, 1479], [6096, 1554], [5999, 1666], [5910, 1834], [5313, 2256], [5535, 2519], [5648, 2564], [5841, 2520]]]}, "type": "Feature", "properties": {"labelrank": 7, "code_hasc": "UG.NA", "name": "Nakasongola", "admin": "Uganda", "type_en": "District", "region": "Central", "woe_id": 20070452, "longitude": 32, "woe_name": "Nakasongola", "fips": "UG73", "woe_label": "Nakasongola, UG, Uganda", "latitude": 1, "iso_a2": "UG", "postal": "NA", "type": "District", "id": "UG.NA"}}, {"geometry": {"type": "Polygon", "coordinates": [[[5883, 835], [6406, 850], [6389, 770], [6293, 713], [6219, 739], [6244, 594], [6180, 464], [6217, 418], [6396, 440], [6331, 4], [6133, -249], [5756, -242], [5724, 76], [6005, 347], [6051, 550], [5942, 664], [5779, 664], [5712, 770], [5717, 877], [5883, 835]]]}, "type": "Feature", "properties": {"labelrank": 9, "code_hasc": "UG.WA", "name": "Wakiso", "admin": "Uganda", "type_en": "District", "region": "Central", "woe_id": 24550740, "longitude": 32, "woe_name": "Wakiso", "fips": "UG37", "woe_label": "Wakiso, UG, Uganda", "latitude": 0, "iso_a2": "UG", "postal": "WA", "type": "District", "id": "UG.WA"}}, {"geometry": {"type": "Polygon", "coordinates": [[[6575, 1652], [6594, 1292], [6534, 898], [6406, 850], [5883, 835], [5942, 973], [6074, 998], [6128, 1067], [6087, 1324], [6009, 1443], [5999, 1666], [6096, 1554], [6335, 1479], [6359, 1736], [6413, 1749], [6492, 1643], [6575, 1652]]]}, "type": "Feature", "properties": {"labelrank": 9, "code_hasc": "UG.LW.BM", "name": "Luweero", "admin": "Uganda", "type_en": "County", "region": "Central", "woe_id": 20070453, "longitude": 32, "woe_name": "Luwero", "fips": "UGA8", "woe_label": "", "latitude": 0, "iso_a2": "UG", "postal": "BM", "type": "County", "id": "UG.2758"}}, {"geometry": {"type": "Polygon", "coordinates": [[[5303, 991], [5224, 911], [5279, 857], [5323, 516], [5296, 452], [5100, 433], [5025, 394], [4950, 461], [4720, 516], [4354, 387], [4351, 307], [4234, 259], [4078, 348], [3849, 316], [4030, 527], [4004, 639], [4048, 742], [4211, 801], [4166, 952], [4259, 1082], [4396, 1068], [4510, 1317], [4874, 1324], [5122, 1228], [5303, 991]]]}, "type": "Feature", "properties": {"labelrank": 9, "code_hasc": "UG.MD", "name": "Mubende", "admin": "Uganda", "type_en": "District", "region": "Central", "woe_id": 20070437, "longitude": 31, "woe_name": "Mubende", "fips": "UGB2", "woe_label": "Mubende, UG, Uganda", "latitude": 0, "iso_a2": "UG", "postal": "MD", "type": "District", "id": "UG.MD"}}, {"geometry": {"type": "Polygon", "coordinates": [[[5717, 877], [5712, 770], [5779, 664], [5782, 408], [5592, 391], [5238, 338], [5100, 433], [5296, 452], [5323, 516], [5279, 857], [5224, 911], [5303, 991], [5485, 972], [5657, 1074], [5717, 877]]]}, "type": "Feature", "properties": {"labelrank": 9, "code_hasc": "UG.TY.BS", "name": "Mityana", "admin": "Uganda", "type_en": "County", "region": "Central", "woe_id": 56190215, "longitude": 32, "woe_name": "", "fips": "UGC6", "woe_label": "", "latitude": 0, "iso_a2": "UG", "postal": "BS", "type": "County", "id": "UG.2760"}}, {"geometry": {"type": "Polygon", "coordinates": [[[5999, 1666], [6009, 1443], [6087, 1324], [6128, 1067], [6074, 998], [5942, 973], [5883, 835], [5717, 877], [5657, 1074], [5712, 1235], [5441, 1390], [5302, 1687], [5272, 1867], [5102, 2074], [5313, 2256], [5910, 1834], [5999, 1666]]]}, "type": "Feature", "properties": {"labelrank": 9, "code_hasc": "UG.NK", "name": "Nakaseke", "admin": "Uganda", "type_en": "District", "region": "Central", "woe_id": 20070453, "longitude": 32, "woe_name": "Nakaseke", "fips": "UGC7", "woe_label": "Luwero, UG, Uganda", "latitude": 1, "iso_a2": "UG", "postal": "NK", "type": "District", "id": "UG.NK"}}, {"geometry": {"type": "Polygon", "coordinates": [[[8055, 5125], [7960, 4969], [7758, 4996], [7511, 5042], [7553, 4982], [7453, 4986], [7466, 4884], [7242, 4872], [7152, 4612], [6896, 4850], [6808, 4859], [6803, 4751], [6580, 4860], [6559, 5184], [6766, 5206], [6820, 5300], [7080, 5300], [7152, 5402], [7260, 5327], [7260, 5246], [7345, 5242], [7349, 5443], [7286, 5626], [7318, 5737], [7723, 5764], [8055, 5125]]]}, "type": "Feature", "properties": {"labelrank": 9, "code_hasc": "UG.TG", "name": "Kitgum", "admin": "Uganda", "type_en": "District", "region": "Northern", "woe_id": -20070428, "longitude": 33, "woe_name": "Kitgum", "fips": "UG84", "woe_label": "Kitgum, UG, Uganda", "latitude": 3, "iso_a2": "UG", "postal": "TG", "type": "District", "id": "UG.TG"}}, {"geometry": {"type": "Polygon", "coordinates": [[[6168, 4792], [6105, 4762], [6502, 4175], [6424, 4111], [6396, 3979], [6123, 3986], [6052, 3788], [5933, 3774], [5815, 3843], [5787, 3962], [5647, 3994], [5685, 4172], [5651, 4666], [5712, 4809], [5926, 5023], [6168, 4792]]]}, "type": "Feature", "properties": {"labelrank": 9, "code_hasc": "UG.GL.AW", "name": "Gulu", "admin": "Uganda", "type_en": "County", "region": "Northern", "woe_id": 20070415, "longitude": 32, "woe_name": "Gulu", "fips": "UGA1", "woe_label": "", "latitude": 2, "iso_a2": "UG", "postal": "AW", "type": "County", "id": "UG.2764"}}, {"geometry": {"type": "Polygon", "coordinates": [[[6936, 3871], [6860, 3749], [6743, 3598], [6864, 3580], [7004, 3450], [7045, 3158], [6965, 3095], [6741, 3171], [6625, 3220], [6648, 3403], [6545, 3580], [6623, 3782], [6641, 3845], [6568, 3941], [6660, 4032], [6813, 3959], [6833, 3883], [6936, 3871]]]}, "type": "Feature", "properties": {"labelrank": 9, "code_hasc": "UG.LA", "name": "Lira", "admin": "Uganda", "type_en": "District", "region": "Northern", "woe_id": -20070431, "longitude": 32, "woe_name": "Lira", "fips": "UGA7", "woe_label": "Lira, UG, Uganda", "latitude": 2, "iso_a2": "UG", "postal": "LA", "type": "District", "id": "UG.LA"}}, {"geometry": {"type": "Polygon", "coordinates": [[[7361, 3117], [7339, 2978], [7112, 2802], [7059, 2624], [6897, 2622], [6951, 2777], [6826, 2853], [6831, 2946], [6710, 2980], [6741, 3171], [6965, 3095], [7045, 3158], [7180, 3227], [7361, 3117]]]}, "type": "Feature", "properties": {"labelrank": 9, "code_hasc": "UG.DO.DK", "name": "Dokolo", "admin": "Uganda", "type_en": "County", "region": "Northern", "woe_id": 56190203, "longitude": 33, "woe_name": "", "fips": "UGD3", "woe_label": "", "latitude": 1, "iso_a2": "UG", "postal": "DK", "type": "County", "id": "UG.2766"}}, {"geometry": {"type": "Polygon", "coordinates": [[[7152, 4612], [7085, 4424], [7264, 4406], [7296, 4353], [7237, 4196], [7040, 4187], [6999, 4143], [7111, 3991], [6936, 3871], [6833, 3883], [6813, 3959], [6660, 4032], [6568, 3941], [6396, 3979], [6424, 4111], [6502, 4175], [6105, 4762], [6168, 4792], [6422, 4794], [6580, 4860], [6803, 4751], [6808, 4859], [6896, 4850], [7152, 4612]]]}, "type": "Feature", "properties": {"labelrank": 9, "code_hasc": "UG.PD", "name": "Pader", "admin": "Uganda", "type_en": "District", "region": "Northern", "woe_id": -24550736, "longitude": 32, "woe_name": "Pader", "fips": "UG92", "woe_label": "Pader, UG, Uganda", "latitude": 2, "iso_a2": "UG", "postal": "PD", "type": "District", "id": "UG.PD"}}, {"geometry": {"type": "Polygon", "coordinates": [[[5531, 2546], [5535, 2519], [5313, 2256], [5102, 2074], [5007, 2023], [4627, 2081], [4523, 2153], [4497, 2443], [4416, 2458], [4393, 2657], [4578, 2636], [4682, 2687], [4726, 2856], [4830, 2937], [4667, 3157], [4677, 3482], [4826, 3461], [5000, 3513], [4992, 3149], [5125, 3090], [5184, 3002], [5169, 2768], [5228, 2584], [5361, 2503], [5413, 2511], [5413, 2569], [5531, 2546]]]}, "type": "Feature", "properties": {"labelrank": 7, "code_hasc": "UG.MC", "name": "Masindi", "admin": "Uganda", "type_en": "District", "region": "Western", "woe_id": -20070432, "longitude": 31, "woe_name": "Masindi", "fips": "UG50", "woe_label": "Masindi, UG, Uganda", "latitude": 1, "iso_a2": "UG", "postal": "MC", "type": "District", "id": "UG.MC"}}, {"geometry": {"type": "Polygon", "coordinates": [[[6396, 3979], [6568, 3941], [6641, 3845], [6623, 3782], [6569, 3740], [6437, 3765], [6270, 3612], [6303, 3432], [6221, 3332], [6099, 3134], [5909, 3168], [5776, 3449], [5748, 3761], [5933, 3774], [6052, 3788], [6123, 3986], [6396, 3979]]]}, "type": "Feature", "properties": {"labelrank": 9, "code_hasc": "UG.OY.OA", "name": "Oyam", "admin": "Uganda", "type_en": "County", "region": "Northern", "woe_id": 56190213, "longitude": 32, "woe_name": "", "fips": "UGD6", "woe_label": "", "latitude": 2, "iso_a2": "UG", "postal": "OA", "type": "County", "id": "UG.2769"}}, {"geometry": {"type": "Polygon", "coordinates": [[[2558, 1094], [2293, 663], [2213, 621], [2148, 671], [2204, 763], [2172, 946], [2215, 1262], [2520, 1382], [2579, 1461], [2684, 1305], [2558, 1094]]]}, "type": "Feature", "properties": {"labelrank": 9, "code_hasc": "UG.BN", "name": "Bundibugyo", "admin": "Uganda", "type_en": "District", "region": "Western", "woe_id": 20070413, "longitude": 30, "woe_name": "Bundibugyo", "fips": "UG28", "woe_label": "Bundibugyo, UG, Uganda", "latitude": 0, "iso_a2": "UG", "postal": "BN", "type": "District", "id": "UG.BN"}}, {"geometry": {"type": "Polygon", "coordinates": [[[4393, 2657], [4416, 2458], [4497, 2443], [4523, 2153], [4627, 2081], [4283, 1855], [4159, 1865], [3639, 1690], [3536, 1719], [3336, 1613], [3210, 1595], [3140, 1643], [3149, 2043], [3347, 2295], [3953, 2815], [4340, 2784], [4393, 2657]]]}, "type": "Feature", "properties": {"labelrank": 9, "code_hasc": "UG.HO", "name": "Hoima", "admin": "Uganda", "type_en": "District", "region": "Western", "woe_id": 20070416, "longitude": 31, "woe_name": "Hoima", "fips": "UG31", "woe_label": "Hoima, UG, Uganda", "latitude": 1, "iso_a2": "UG", "postal": "HO", "type": "District", "id": "UG.HO"}}, {"geometry": {"type": "Polygon", "coordinates": [[[3136, 1422], [2907, 979], [2998, 869], [2955, 828], [2875, 742], [2853, 348], [2709, 403], [2387, 562], [2038, 516], [2148, 671], [2213, 621], [2293, 663], [2558, 1094], [2738, 1199], [2774, 1313], [2847, 1253], [3108, 1508], [3136, 1422]]]}, "type": "Feature", "properties": {"labelrank": 9, "code_hasc": "UG.BR", "name": "Kabarole", "admin": "Uganda", "type_en": "District", "region": "Western", "woe_id": -20070419, "longitude": 30, "woe_name": "Kabarole", "fips": "UG79", "woe_label": "Kabarole, UG, Uganda", "latitude": 0, "iso_a2": "UG", "postal": "BR", "type": "District", "id": "UG.BR"}}, {"geometry": {"type": "Polygon", "coordinates": [[[3739, 1067], [3667, 1038], [3762, 967], [3762, 875], [3712, 849], [3712, 710], [3659, 707], [3657, 634], [3498, 641], [3143, 455], [3102, 659], [2955, 828], [2998, 869], [2907, 979], [3136, 1422], [3557, 1278], [3739, 1067]]]}, "type": "Feature", "properties": {"labelrank": 9, "code_hasc": "UG.KJ", "name": "Kyenjojo", "admin": "Uganda", "type_en": "District", "region": "Western", "woe_id": -24550734, "longitude": 30, "woe_name": "Kyenjojo", "fips": "UG85", "woe_label": "Kyenjojo, UG, Uganda", "latitude": 0, "iso_a2": "UG", "postal": "KJ", "type": "District", "id": "UG.KJ"}}, {"geometry": {"type": "Polygon", "coordinates": [[[4283, 1855], [4463, 1767], [4638, 1571], [4493, 1416], [4510, 1317], [4396, 1068], [4259, 1082], [4166, 952], [3739, 1067], [3557, 1278], [3136, 1422], [3108, 1508], [3140, 1643], [3210, 1595], [3336, 1613], [3536, 1719], [3639, 1690], [4159, 1865], [4283, 1855]]]}, "type": "Feature", "properties": {"labelrank": 7, "code_hasc": "UG.KI", "name": "Kibale", "admin": "Uganda", "type_en": "District", "region": "Western", "woe_id": 20070425, "longitude": 31, "woe_name": "Kibale", "fips": "UG41", "woe_label": "Kibale, UG, Uganda", "latitude": 0, "iso_a2": "UG", "postal": "KI", "type": "District", "id": "UG.KI"}}, {"geometry": {"type": "Polygon", "coordinates": [[[9295, 1835], [9313, 1671], [9232, 1685], [9258, 1777], [9218, 1868], [8927, 2020], [8997, 2147], [9118, 2210], [9323, 2100], [9295, 1835]]]}, "type": "Feature", "properties": {"labelrank": 9, "code_hasc": "UG.KP", "name": "Kapchorwa", "admin": "Uganda", "type_en": "District", "region": "Eastern", "woe_id": -20070423, "longitude": 34, "woe_name": "Kapchorwa", "fips": "UGA4", "woe_label": "Kapchorwa, UG, Uganda", "latitude": 1, "iso_a2": "UG", "postal": "KP", "type": "District", "id": "UG.KP"}}, {"geometry": {"type": "Polygon", "coordinates": [[[9652, 2097], [9679, 1884], [9344, 1762], [9313, 1671], [9295, 1835], [9380, 1971], [9521, 2030], [9593, 2170], [9652, 2097]]]}, "type": "Feature", "properties": {"labelrank": 9, "code_hasc": "UG.BW.KO", "name": "Bukwa", "admin": "Uganda", "type_en": "County", "region": "Eastern", "woe_id": -20070423, "longitude": 34, "woe_name": "", "fips": "UGB6", "woe_label": "", "latitude": 1, "iso_a2": "UG", "postal": "KO", "type": "County", "id": "UG.2776"}}, {"geometry": {"type": "Polygon", "coordinates": [[[9258, 1777], [9232, 1685], [9001, 1661], [8693, 1778], [8781, 1898], [9258, 1777]]]}, "type": "Feature", "properties": {"labelrank": 9, "code_hasc": "UG.SI.BD", "name": "Sironko", "admin": "Uganda", "type_en": "County", "region": "Eastern", "woe_id": -24550737, "longitude": 34, "woe_name": "Sironko", "fips": "UG94", "woe_label": "", "latitude": 1, "iso_a2": "UG", "postal": "BD", "type": "County", "id": "UG.2777"}}, {"geometry": {"type": "Polygon", "coordinates": [[[8693, 1778], [9001, 1661], [8857, 1527], [8703, 1266], [8582, 1379], [8630, 1562], [8558, 1581], [8651, 1704], [8631, 1800], [8693, 1778]]]}, "type": "Feature", "properties": {"labelrank": 9, "code_hasc": "UG.ME.BN", "name": "Mbale", "admin": "Uganda", "type_en": "County", "region": "Eastern", "woe_id": 20070433, "longitude": 34, "woe_name": "Mbale", "fips": "UGA9", "woe_label": "", "latitude": 1, "iso_a2": "UG", "postal": "BN", "type": "County", "id": "UG.2778"}}, {"geometry": {"type": "Polygon", "coordinates": [[[9164, 1529], [9049, 1247], [8907, 1141], [8703, 1266], [8857, 1527], [9164, 1529]]]}, "type": "Feature", "properties": {"labelrank": 9, "code_hasc": "UG.MF", "name": "Manafwa", "admin": "Uganda", "type_en": "District", "region": "Eastern", "woe_id": 20070433, "longitude": 34, "woe_name": "Manafwa", "fips": "UGC5", "woe_label": "Mbale, UG, Uganda", "latitude": 0, "iso_a2": "UG", "postal": "MF", "type": "District", "id": "UG.MF"}}, {"geometry": {"type": "Polygon", "coordinates": [[[8201, 1054], [8244, 1046], [8291, 930], [8386, 862], [8286, 724], [8189, 586], [7967, 492], [7980, 563], [7898, 582], [7850, 676], [7942, 978], [7883, 1120], [8029, 1067], [8058, 1104], [8106, 1037], [8201, 1054]]]}, "type": "Feature", "properties": {"labelrank": 9, "code_hasc": "UG.BG", "name": "Bugiri", "admin": "Uganda", "type_en": "District", "region": "Eastern", "woe_id": 99, "longitude": 33, "woe_name": "", "fips": "UG66", "woe_label": "", "latitude": 0, "iso_a2": "UG", "postal": "BG", "type": "District", "id": "UG.BG"}}, {"geometry": {"type": "Polygon", "coordinates": [[[8654, 870], [8568, 645], [8583, 530], [8391, 304], [8269, 480], [8325, 617], [8286, 724], [8386, 862], [8654, 870]]]}, "type": "Feature", "properties": {"labelrank": 9, "code_hasc": "UG.BU", "name": "Busia", "admin": "Uganda", "type_en": "District", "region": "Eastern", "woe_id": 20070454, "longitude": 34, "woe_name": "Busia", "fips": "UG67", "woe_label": "Busia, UG, Uganda", "latitude": 0, "iso_a2": "UG", "postal": "BU", "type": "District", "id": "UG.BU"}}, {"geometry": {"type": "Polygon", "coordinates": [[[8582, 1379], [8370, 1297], [8244, 1046], [8201, 1054], [8056, 1431], [8211, 1435], [8382, 1449], [8558, 1581], [8630, 1562], [8582, 1379]]]}, "type": "Feature", "properties": {"labelrank": 9, "code_hasc": "UG.BJ.BN", "name": "Butaleja", "admin": "Uganda", "type_en": "County", "region": "Eastern", "woe_id": 56190199, "longitude": 33, "woe_name": "Butaleja", "fips": "UGB7", "woe_label": "", "latitude": 0, "iso_a2": "UG", "postal": "BN", "type": "County", "id": "UG.2782"}}, {"geometry": {"type": "Polygon", "coordinates": [[[7850, 676], [7898, 582], [7980, 563], [7967, 492], [7920, 112], [8053, -62], [8048, -104], [7885, -158], [7885, -1532], [7569, -1532], [7569, 327], [7509, 462], [7689, 530], [7783, 689], [7850, 676]]]}, "type": "Feature", "properties": {"labelrank": 9, "code_hasc": "UG.MG", "name": "Mayuge", "admin": "Uganda", "type_en": "District", "region": "Eastern", "woe_id": 24550732, "longitude": 33, "woe_name": "Mayuge", "fips": "UG86", "woe_label": "Mayuge, UG, Uganda", "latitude": 0, "iso_a2": "UG", "postal": "MG", "type": "District", "id": "UG.MG"}}, {"geometry": {"type": "Polygon", "coordinates": [[[8703, 1266], [8907, 1141], [8877, 1041], [8654, 870], [8386, 862], [8291, 930], [8244, 1046], [8370, 1297], [8582, 1379], [8703, 1266]]]}, "type": "Feature", "properties": {"labelrank": 9, "code_hasc": "UG.TR", "name": "Tororo", "admin": "Uganda", "type_en": "District", "region": "Eastern", "woe_id": 20070455, "longitude": 34, "woe_name": "Tororo", "fips": "UG76", "woe_label": "Tororo, UG, Uganda", "latitude": 0, "iso_a2": "UG", "postal": "TR", "type": "District", "id": "UG.TR"}}, {"geometry": {"type": "Polygon", "coordinates": [[[8777, 2988], [8777, 2493], [8291, 2504], [8160, 2550], [8157, 2611], [8251, 2707], [8223, 2821], [8292, 2899], [8308, 3229], [8264, 3377], [8305, 3522], [8763, 3227], [8777, 2988]]]}, "type": "Feature", "properties": {"labelrank": 9, "code_hasc": "UG.KK.UU", "name": "Katakwi", "admin": "Uganda", "type_en": "County", "region": "Eastern", "woe_id": -56190194, "longitude": 34, "woe_name": "", "fips": "UGA5", "woe_label": "", "latitude": 1, "iso_a2": "UG", "postal": "UU", "type": "County", "id": "UG.2785"}}, {"geometry": {"type": "Polygon", "coordinates": [[[9043, 4711], [8837, 4330], [8797, 4165], [8467, 4213], [8394, 4161], [8374, 4000], [8215, 4079], [8208, 4483], [8013, 4577], [7943, 4667], [7956, 4858], [7766, 4884], [7758, 4996], [7960, 4969], [8055, 5125], [8212, 5029], [8301, 5038], [8305, 4958], [8505, 4951], [8954, 4713], [9043, 4711]]]}, "type": "Feature", "properties": {"labelrank": 9, "code_hasc": "UG.KF.JE", "name": "Kotido", "admin": "Uganda", "type_en": "County", "region": "Northern", "woe_id": 20070429, "longitude": 33, "woe_name": "Kotido", "fips": "UGA6", "woe_label": "", "latitude": 2, "iso_a2": "UG", "postal": "JE", "type": "County", "id": "UG.2786"}}, {"geometry": {"type": "Polygon", "coordinates": [[[8305, 3522], [8264, 3377], [8308, 3229], [8292, 2899], [8223, 2821], [8251, 2707], [8157, 2611], [8071, 2762], [7729, 3076], [7633, 3062], [7595, 2884], [7484, 3086], [7482, 3197], [7637, 3253], [7596, 3417], [7756, 3500], [7753, 3601], [7851, 3564], [7894, 3607], [8026, 3688], [8305, 3522]]]}, "type": "Feature", "properties": {"labelrank": 9, "code_hasc": "UG.AM", "name": "Amuria", "admin": "Uganda", "type_en": "District", "region": "Eastern", "woe_id": 20070446, "longitude": 33, "woe_name": "Amuria", "fips": "UGB5", "woe_label": "Katakwi, UG, Uganda", "latitude": 2, "iso_a2": "UG", "postal": "AM", "type": "District", "id": "UG.AM"}}, {"geometry": {"type": "Polygon", "coordinates": [[[9288, 4735], [9043, 4711], [8954, 4713], [8505, 4951], [8305, 4958], [8301, 5038], [8212, 5029], [8055, 5125], [7723, 5764], [8412, 6450], [8457, 6428], [8554, 6249], [8542, 6126], [8612, 6052], [8578, 5927], [8763, 5923], [8677, 5843], [8723, 5803], [8682, 5771], [8818, 5784], [8877, 5671], [8966, 5709], [9124, 5607], [9131, 5452], [9035, 5315], [9039, 5180], [9133, 4829], [9288, 4735]]]}, "type": "Feature", "properties": {"labelrank": 9, "code_hasc": "UG.AB", "name": "Kaabong", "admin": "Uganda", "type_en": "District", "region": "Northern", "woe_id": 20070429, "longitude": 34, "woe_name": "Kaabong", "fips": "UGC1", "woe_label": "Kotido, UG, Uganda", "latitude": 3, "iso_a2": "UG", "postal": "AB", "type": "District", "id": "UG.AB"}}, {"geometry": {"type": "Polygon", "coordinates": [[[8374, 4000], [8460, 3825], [8099, 3823], [7914, 3754], [7734, 3968], [7720, 4078], [7841, 4254], [7766, 4884], [7956, 4858], [7943, 4667], [8013, 4577], [8208, 4483], [8215, 4079], [8374, 4000]]]}, "type": "Feature", "properties": {"labelrank": 9, "code_hasc": "UG.AI.LB", "name": "Abim", "admin": "Uganda", "type_en": "County", "region": "Northern", "woe_id": -20070429, "longitude": 33, "woe_name": "", "fips": "UGC8", "woe_label": "", "latitude": 2, "iso_a2": "UG", "postal": "LB", "type": "County", "id": "UG.2789"}}, {"geometry": {"type": "Polygon", "coordinates": [[[9869, 3380], [9745, 3231], [9611, 3798], [9530, 3913], [9442, 3942], [9441, 4038], [9316, 4074], [9124, 4243], [8837, 4330], [9043, 4711], [9288, 4735], [9348, 4477], [9434, 4373], [9503, 4405], [9572, 4362], [9709, 3972], [9796, 3962], [9870, 3788], [9771, 3649], [9869, 3380]]]}, "type": "Feature", "properties": {"labelrank": 7, "code_hasc": "UG.MT", "name": "Moroto", "admin": "Uganda", "type_en": "District", "region": "Northern", "woe_id": -20070435, "longitude": 34, "woe_name": "Moroto", "fips": "UG88", "woe_label": "Moroto, UG, Uganda", "latitude": 2, "iso_a2": "UG", "postal": "MT", "type": "District", "id": "UG.MT"}}, {"geometry": {"type": "Polygon", "coordinates": [[[9745, 3231], [9775, 3055], [9694, 3047], [9664, 2570], [9606, 2468], [9432, 2356], [9225, 2434], [9032, 2380], [8804, 2378], [8777, 2493], [8777, 2988], [8985, 3025], [9140, 3164], [9376, 3179], [9420, 3245], [9427, 3788], [9611, 3798], [9745, 3231]]]}, "type": "Feature", "properties": {"labelrank": 9, "code_hasc": "UG.NP", "name": "Nakapiripirit", "admin": "Uganda", "type_en": "District", "region": "Northern", "woe_id": -24550738, "longitude": 34, "woe_name": "Nakapiripirit", "fips": "UG91", "woe_label": "Nakapiripirit, UG, Uganda", "latitude": 1, "iso_a2": "UG", "postal": "NP", "type": "District", "id": "UG.NP"}}, {"geometry": {"type": "Polygon", "coordinates": [[[4792, -718], [4897, -795], [4877, -936], [4993, -1119], [5353, -1183], [5354, -1532], [4268, -1533], [4117, -1320], [4114, -1135], [3951, -998], [4043, -808], [4188, -801], [4200, -710], [4367, -858], [4542, -923], [4646, -787], [4792, -718]]]}, "type": "Feature", "properties": {"labelrank": 9, "code_hasc": "UG.RA", "name": "Rakai", "admin": "Uganda", "type_en": "District", "region": "Central", "woe_id": -20070442, "longitude": 31, "woe_name": "Rakai", "fips": "UG61", "woe_label": "Rakai, UG, Uganda", "latitude": 0, "iso_a2": "UG", "postal": "RA", "type": "District", "id": "UG.RA"}}, {"geometry": {"type": "Polygon", "coordinates": [[[5353, -1183], [4993, -1119], [4877, -936], [4897, -795], [4792, -718], [4788, -579], [4906, -514], [4945, -401], [5208, -405], [5335, -352], [5479, -535], [5353, -632], [5353, -1183]]]}, "type": "Feature", "properties": {"labelrank": 7, "code_hasc": "UG.MA", "name": "Masaka", "admin": "Uganda", "type_en": "District", "region": "Central", "woe_id": -20070451, "longitude": 31, "woe_name": "Masaka", "fips": "UG71", "woe_label": "Masaka, UG, Uganda", "latitude": 0, "iso_a2": "UG", "postal": "MA", "type": "District", "id": "UG.MA"}}, {"geometry": {"type": "Polygon", "coordinates": [[[2508, -639], [2798, -753], [2780, -945], [2550, -969], [2423, -825], [2327, -837], [2207, -773], [2163, -615], [2332, -537], [2508, -639]]]}, "type": "Feature", "properties": {"labelrank": 9, "code_hasc": "UG.BS", "name": "Bushenyi", "admin": "Uganda", "type_en": "District", "region": "Western", "woe_id": -20070414, "longitude": 30, "woe_name": "Bushenyi", "fips": "UG29", "woe_label": "Bushenyi, UG, Uganda", "latitude": 0, "iso_a2": "UG", "postal": "BS", "type": "District", "id": "UG.BS"}}, {"geometry": {"type": "Polygon", "coordinates": [[[2709, 403], [2614, -121], [2500, -116], [2302, -266], [1804, -211], [1838, 111], [1928, 263], [1983, 252], [2038, 516], [2387, 562], [2709, 403]]]}, "type": "Feature", "properties": {"labelrank": 7, "code_hasc": "UG.KS", "name": "Kasese", "admin": "Uganda", "type_en": "District", "region": "Western", "woe_id": 20070424, "longitude": 29, "woe_name": "Kasese", "fips": "UG40", "woe_label": "Kasese, UG, Uganda", "latitude": 0, "iso_a2": "UG", "postal": "KS", "type": "District", "id": "UG.KS"}}, {"geometry": {"type": "Polygon", "coordinates": [[[3657, 634], [3712, 610], [3712, 434], [3622, 371], [3609, 284], [3288, 250], [3027, 154], [2913, -43], [3010, -238], [2937, -264], [2680, -183], [2614, -121], [2709, 403], [2853, 348], [2875, 742], [2955, 828], [3102, 659], [3143, 455], [3498, 641], [3657, 634]]]}, "type": "Feature", "properties": {"labelrank": 9, "code_hasc": "UG.KE", "name": "Kamwenge", "admin": "Uganda", "type_en": "District", "region": "Western", "woe_id": 24550735, "longitude": 30, "woe_name": "Kamwenge", "fips": "UG81", "woe_label": "Kamwenge, UG, Uganda", "latitude": 0, "iso_a2": "UG", "postal": "KE", "type": "District", "id": "UG.KE"}}, {"geometry": {"type": "Polygon", "coordinates": [[[3253, -348], [3071, -391], [2951, -444], [2794, -324], [2680, -183], [2937, -264], [3010, -238], [2913, -43], [3027, 154], [3288, 250], [3324, 184], [3426, 184], [3227, -110], [3197, -212], [3328, -254], [3253, -348]]]}, "type": "Feature", "properties": {"labelrank": 9, "code_hasc": "UG.IB.IA", "name": "Ibanda", "admin": "Uganda", "type_en": "County", "region": "Western", "woe_id": 56190204, "longitude": 30, "woe_name": "", "fips": "UGB8", "woe_label": "", "latitude": 0, "iso_a2": "UG", "postal": "IA", "type": "County", "id": "UG.3386"}}, {"geometry": {"type": "Polygon", "coordinates": [[[3474, -925], [3628, -1063], [3832, -1058], [3951, -998], [4114, -1135], [4117, -1320], [4268, -1533], [3493, -1508], [3280, -1642], [3006, -1627], [3183, -1355], [3205, -1232], [3282, -1245], [3293, -936], [3474, -925]]]}, "type": "Feature", "properties": {"labelrank": 9, "code_hasc": "UG.NG.BK", "name": "Isingiro", "admin": "Uganda", "type_en": "County", "region": "Western", "woe_id": 56190210, "longitude": 30, "woe_name": "", "fips": "UGB9", "woe_label": "", "latitude": 0, "iso_a2": "UG", "postal": "BK", "type": "County", "id": "UG.3387"}}, {"geometry": {"type": "Polygon", "coordinates": [[[3955, -68], [3936, -422], [4050, -698], [4043, -808], [3951, -998], [3832, -1058], [3628, -1063], [3474, -925], [3543, -761], [3227, -440], [3253, -348], [3328, -254], [3197, -212], [3227, -110], [3426, 184], [3324, 184], [3288, 250], [3609, 284], [3837, 309], [3901, 130], [3860, -47], [3955, -68]]]}, "type": "Feature", "properties": {"labelrank": 9, "code_hasc": "UG.RR", "name": "Mbarara", "admin": "Uganda", "type_en": "District", "region": "Western", "woe_id": 20070434, "longitude": 30, "woe_name": "Mbarara", "fips": "UGC3", "woe_label": "Mbarara, UG, Uganda", "latitude": 0, "iso_a2": "UG", "postal": "RR", "type": "District", "id": "UG.RR"}}, {"geometry": {"type": "Polygon", "coordinates": [[[2584, -1109], [2716, -1155], [2700, -1225], [2754, -1242], [3205, -1232], [3183, -1355], [3006, -1627], [2816, -1631], [2744, -1763], [2570, -1826], [2573, -1782], [2433, -1745], [2402, -1663], [2363, -1597], [2416, -1425], [2354, -1379], [2386, -1163], [2584, -1109]]]}, "type": "Feature", "properties": {"labelrank": 7, "code_hasc": "UG.NT", "name": "Ntungamo", "admin": "Uganda", "type_en": "District", "region": "Western", "woe_id": 20070440, "longitude": 30, "woe_name": "Ntungamo", "fips": "UG59", "woe_label": "Ntungamo, UG, Uganda", "latitude": 0, "iso_a2": "UG", "postal": "NT", "type": "District", "id": "UG.NT"}}, {"geometry": {"type": "Polygon", "coordinates": [[[2163, -615], [2207, -773], [2138, -894], [2162, -951], [2386, -1163], [2354, -1379], [2416, -1425], [2363, -1597], [2402, -1663], [2142, -1598], [2035, -1414], [2049, -1162], [1950, -939], [1847, -892], [1849, -662], [1725, -677], [1747, -548], [2163, -615]]]}, "type": "Feature", "properties": {"labelrank": 9, "code_hasc": "UG.RK", "name": "Rukungiri", "admin": "Uganda", "type_en": "District", "region": "Western", "woe_id": 20070443, "longitude": 29, "woe_name": "Rukungiri", "fips": "UG93", "woe_label": "Rukungiri, UG, Uganda", "latitude": 0, "iso_a2": "UG", "postal": "RK", "type": "District", "id": "UG.RK"}}, {"geometry": {"type": "Polygon", "coordinates": [[[3474, -925], [3293, -936], [3282, -1245], [3205, -1232], [2754, -1242], [2700, -1225], [2716, -1155], [2951, -964], [3020, -682], [3071, -391], [3253, -348], [3227, -440], [3543, -761], [3474, -925]]]}, "type": "Feature", "properties": {"labelrank": 9, "code_hasc": "UG.RR.KS", "name": "Mbarara", "admin": "Uganda", "type_en": "County", "region": "Western", "woe_id": 20070434, "longitude": 30, "woe_name": "Mbarara", "fips": "UGB1", "woe_label": "", "latitude": 0, "iso_a2": "UG", "postal": "KS", "type": "County", "id": "UG.3391"}}, {"geometry": {"type": "Polygon", "coordinates": [[[2142, -1598], [2402, -1663], [2433, -1745], [2573, -1782], [2570, -1826], [2744, -1763], [2552, -1955], [2507, -2074], [2202, -2254], [2113, -2225], [2027, -2026], [1943, -1842], [1984, -1811], [1881, -1713], [1918, -1646], [1945, -1569], [2096, -1628], [2142, -1598]]]}, "type": "Feature", "properties": {"labelrank": 7, "code_hasc": "UG.KA", "name": "Kabale", "admin": "Uganda", "type_en": "District", "region": "Western", "woe_id": 20070418, "longitude": 30, "woe_name": "Kabale", "fips": "UG34", "woe_label": "Kabale, UG, Uganda", "latitude": -1, "iso_a2": "UG", "postal": "KA", "type": "District", "id": "UG.KA"}}, {"geometry": {"type": "Polygon", "coordinates": [[[1918, -1646], [1881, -1713], [1984, -1811], [1943, -1842], [2027, -2026], [1950, -2091], [1888, -2064], [1647, -2126], [1605, -1516], [1918, -1646]]]}, "type": "Feature", "properties": {"labelrank": 9, "code_hasc": "UG.KR", "name": "Kisoro", "admin": "Uganda", "type_en": "District", "region": "Western", "woe_id": 20070427, "longitude": 29, "woe_name": "Kisoro", "fips": "UG43", "woe_label": "Kisoro, UG, Uganda", "latitude": -1, "iso_a2": "UG", "postal": "KR", "type": "District", "id": "UG.KR"}}, {"geometry": {"type": "Polygon", "coordinates": [[[2142, -1598], [2096, -1628], [1945, -1569], [1918, -1646], [1605, -1516], [1612, -1408], [1696, -1323], [1708, -918], [1761, -866], [1725, -677], [1849, -662], [1847, -892], [1950, -939], [2049, -1162], [2035, -1414], [2142, -1598]]]}, "type": "Feature", "properties": {"labelrank": 9, "code_hasc": "UG.UU", "name": "Kanungu", "admin": "Uganda", "type_en": "District", "region": "Western", "woe_id": 24550733, "longitude": 29, "woe_name": "Kanungu", "fips": "UG82", "woe_label": "Kanungu, UG, Uganda", "latitude": 0, "iso_a2": "UG", "postal": "UU", "type": "District", "id": "UG.UU"}}, {"geometry": {"type": "Polygon", "coordinates": [[[3913, 3959], [3923, 3803], [3789, 3678], [3732, 3679], [3641, 3566], [3538, 3723], [3393, 3740], [3486, 4092], [3787, 4186], [3821, 3998], [3913, 3959]]]}, "type": "Feature", "properties": {"labelrank": 7, "code_hasc": "UG.ZO", "name": "Zombo", "admin": "Uganda", "type_en": "District", "region": "Northern", "woe_id": 20070439, "longitude": 30, "woe_name": "Nebbi", "fips": "UGH7", "woe_label": "Nebbi, UG, Uganda", "latitude": 2, "iso_a2": "UG", "postal": "NE", "type": "District", "id": "UG.ZO"}}, {"geometry": {"type": "Polygon", "coordinates": [[[8291, 2504], [8205, 2431], [8210, 2188], [8116, 2121], [8127, 2008], [8037, 2049], [7773, 2033], [7939, 2160], [8013, 2433], [8042, 2515], [8160, 2550], [8291, 2504]]]}, "type": "Feature", "properties": {"labelrank": 7, "code_hasc": "UG.NR", "name": "Ngora", "admin": "Uganda", "type_en": "District", "region": "Eastern", "woe_id": -20070430, "longitude": 33, "woe_name": "Kumi", "fips": "UGG9", "woe_label": "Kumi, UG, Uganda", "latitude": 1, "iso_a2": "UG", "postal": "KU", "type": "District", "id": "UG.NR"}}, {"geometry": {"type": "Polygon", "coordinates": [[[8781, 1898], [8693, 1778], [8631, 1800], [8338, 1905], [8455, 1980], [8450, 2130], [8526, 2188], [8517, 2285], [8804, 2378], [8864, 2140], [8781, 1898]]]}, "type": "Feature", "properties": {"labelrank": 7, "code_hasc": "UG.BE", "name": "Bukedea", "admin": "Uganda", "type_en": "District", "region": "Eastern", "woe_id": -20070430, "longitude": 34, "woe_name": "Kumi", "fips": "UGC3", "woe_label": "Kumi, UG, Uganda", "latitude": 1, "iso_a2": "UG", "postal": "KU", "type": "District", "id": "UG.BE"}}, {"geometry": {"type": "Polygon", "coordinates": [[[7571, 1332], [7560, 1113], [7702, 1020], [7709, 837], [7681, 803], [7542, 854], [7333, 1037], [7253, 1027], [7370, 1442], [7434, 1649], [7543, 1506], [7516, 1400], [7571, 1332]]]}, "type": "Feature", "properties": {"labelrank": 7, "code_hasc": "UG.LK", "name": "Luuka", "admin": "Uganda", "type_en": "District", "region": "Eastern", "woe_id": -20070449, "longitude": 33, "woe_name": "Iganga", "fips": "UGG4", "woe_label": "Iganga, UG, Uganda", "latitude": 0, "iso_a2": "UG", "postal": "IN", "type": "District", "id": "UG.LK"}}, {"geometry": {"type": "Polygon", "coordinates": [[[6858, 2252], [7233, 2092], [7495, 2095], [7536, 2041], [7594, 1968], [7434, 1649], [7370, 1442], [7119, 1612], [7088, 1741], [6854, 1806], [6623, 2254], [6858, 2252]]]}, "type": "Feature", "properties": {"labelrank": 7, "code_hasc": "UG.BY", "name": "Buyende", "admin": "Uganda", "type_en": "District", "region": "Eastern", "woe_id": -20070422, "longitude": 33, "woe_name": "Kamuli", "fips": "UGF3", "woe_label": "Kamuli, UG, Uganda", "latitude": 1, "iso_a2": "UG", "postal": "KX", "type": "District", "id": "UG.BY"}}, {"geometry": {"type": "Polygon", "coordinates": [[[8651, 1704], [8558, 1581], [8382, 1449], [8211, 1435], [8219, 1573], [8321, 1666], [8277, 1714], [8303, 1785], [8651, 1704]]]}, "type": "Feature", "properties": {"labelrank": 9, "code_hasc": "UG.BD", "name": "Budaka", "admin": "Uganda", "type_en": "County", "region": "Eastern", "woe_id": 56190197, "longitude": 33, "woe_name": "", "fips": "UGC1", "woe_label": "", "latitude": 1, "iso_a2": "UG", "postal": "BD", "type": "County", "id": "UG.BD"}}, {"geometry": {"type": "Polygon", "coordinates": [[[8211, 1435], [8056, 1431], [7887, 1662], [8005, 1661], [8303, 1785], [8277, 1714], [8321, 1666], [8219, 1573], [8211, 1435]]]}, "type": "Feature", "properties": {"labelrank": 9, "code_hasc": "UG.QB", "name": "Kibuku", "admin": "Uganda", "type_en": "County", "region": "Eastern", "woe_id": -20070441, "longitude": 33, "woe_name": "", "fips": "UGF6", "woe_label": "", "latitude": 1, "iso_a2": "UG", "postal": "BD", "type": "County", "id": "UG.QB"}}, {"geometry": {"type": "Polygon", "coordinates": [[[8013, 2433], [7939, 2160], [7773, 2033], [7536, 2041], [7495, 2095], [7233, 2092], [7243, 2402], [7305, 2597], [7458, 2624], [7696, 2423], [8013, 2433]]]}, "type": "Feature", "properties": {"labelrank": 9, "code_hasc": "UG.SX", "name": "Serere", "admin": "Uganda", "type_en": "District", "region": "Eastern", "woe_id": -20070447, "longitude": 33, "woe_name": "Soroti", "fips": "UGH5", "woe_label": "Soroti, UG, Uganda", "latitude": 1, "iso_a2": "UG", "postal": "SR", "type": "District", "id": "UG.SX"}}, {"geometry": {"type": "Polygon", "coordinates": [[[7065, 832], [7191, 711], [7196, 599], [7333, 535], [7209, 456], [7034, 139], [6934, -225], [6678, -706], [6678, -249], [6305, -249], [6945, 550], [6890, 780], [6895, 854], [6962, 897], [7065, 832]]]}, "type": "Feature", "properties": {"labelrank": 9, "code_hasc": "UG.BZ", "name": "Buikwe", "admin": "Uganda", "type_en": "District", "region": "Central", "woe_id": -20070438, "longitude": 33, "woe_name": "Mukono", "fips": "UGE7", "woe_label": "Mukono, UG, Uganda", "latitude": 0, "iso_a2": "UG", "postal": "MN", "type": "District", "id": "UG.BZ"}}, {"geometry": {"type": "Polygon", "coordinates": [[[7509, 462], [7569, 327], [7569, -1532], [6678, -1532], [6678, -706], [6934, -225], [7034, 139], [7209, 456], [7333, 535], [7509, 462]]]}, "type": "Feature", "properties": {"labelrank": 9, "code_hasc": "UG.BV", "name": "Buvuma", "admin": "Uganda", "type_en": "District", "region": "Central", "woe_id": -20070438, "longitude": 33, "woe_name": "Mukono", "fips": "UGF2", "woe_label": "Mukono, UG, Uganda", "latitude": 0, "iso_a2": "UG", "postal": "MN", "type": "District", "id": "UG.BV"}}, {"geometry": {"type": "Polygon", "coordinates": [[[5153, -11], [5057, 77], [5592, 391], [5782, 408], [5712, 282], [5572, 195], [5414, 178], [5153, -11]]]}, "type": "Feature", "properties": {"labelrank": 7, "code_hasc": "UG.BT", "name": "Butambala", "admin": "Uganda", "type_en": "District", "region": "Central", "woe_id": -20070436, "longitude": 32, "woe_name": "Mpigi", "fips": "UGF1", "woe_label": "Mpigi, UG, Uganda", "latitude": 0, "iso_a2": "UG", "postal": "MI", "type": "District", "id": "UG.BT"}}, {"geometry": {"type": "Polygon", "coordinates": [[[5100, 433], [5238, 338], [5592, 391], [5057, 77], [4908, 115], [4834, 72], [4746, 75], [4351, 307], [4354, 387], [4720, 516], [4950, 461], [5025, 394], [5100, 433]]]}, "type": "Feature", "properties": {"labelrank": 7, "code_hasc": "UG.GM", "name": "Gomba", "admin": "Uganda", "type_en": "District", "region": "Central", "woe_id": -20070436, "longitude": 31, "woe_name": "Mpigi", "fips": "UGF4", "woe_label": "Mpigi, UG, Uganda", "latitude": 0, "iso_a2": "UG", "postal": "MI", "type": "District", "id": "UG.GM"}}, {"geometry": {"type": "Polygon", "coordinates": [[[5648, 5391], [5926, 5023], [5712, 4809], [5651, 4666], [5685, 4172], [5353, 4280], [4988, 4275], [4923, 4178], [4743, 4178], [4490, 4001], [4530, 4118], [4443, 4259], [4404, 4377], [4458, 4518], [4692, 4386], [4800, 4521], [5270, 4641], [5415, 4957], [5461, 5441], [5520, 5387], [5648, 5391]]]}, "type": "Feature", "properties": {"labelrank": 9, "code_hasc": "UG.AY", "name": "Amuru", "admin": "Uganda", "type_en": "District", "region": "Northern", "woe_id": -20070415, "longitude": 32, "woe_name": "Gulu", "fips": "UGB9", "woe_label": "Gulu, UG, Uganda", "latitude": 2, "iso_a2": "UG", "postal": "GL", "type": "District", "id": "UG.AY"}}, {"geometry": {"type": "Polygon", "coordinates": [[[5102, 2074], [5272, 1867], [5302, 1687], [5182, 1660], [4874, 1324], [4510, 1317], [4493, 1416], [4638, 1571], [4463, 1767], [4283, 1855], [4627, 2081], [5007, 2023], [5102, 2074]]]}, "type": "Feature", "properties": {"labelrank": 7, "code_hasc": "UG.QZ", "name": "Kyankwanzi", "admin": "Uganda", "type_en": "District", "region": "Central", "woe_id": -20070426, "longitude": 31, "woe_name": "Kiboga", "fips": "UGG1", "woe_label": "Kiboga, UG, Uganda", "latitude": 1, "iso_a2": "UG", "postal": "KG", "type": "District", "id": "UG.QZ"}}, {"geometry": {"type": "Polygon", "coordinates": [[[7318, 5737], [7286, 5626], [7349, 5443], [7345, 5242], [7260, 5246], [7260, 5327], [7152, 5402], [7080, 5300], [6820, 5300], [6766, 5206], [6559, 5184], [6580, 4860], [6422, 4794], [6168, 4792], [5926, 5023], [5648, 5391], [5666, 5531], [5949, 5702], [6539, 5760], [6909, 5938], [7166, 5751], [7318, 5737]]]}, "type": "Feature", "properties": {"labelrank": 9, "code_hasc": "UG.LM", "name": "Lamwo", "admin": "Uganda", "type_en": "District", "region": "Northern", "woe_id": -20070428, "longitude": 32, "woe_name": "Kitgum", "fips": "UGG3", "woe_label": "Kitgum, UG, Uganda", "latitude": 3, "iso_a2": "UG", "postal": "TG", "type": "District", "id": "UG.LM"}}, {"geometry": {"type": "Polygon", "coordinates": [[[6625, 3220], [6741, 3171], [6710, 2980], [6831, 2946], [6826, 2853], [6951, 2777], [6897, 2622], [6741, 2763], [6565, 2753], [6290, 2525], [5841, 2520], [5648, 2564], [5535, 2519], [5531, 2546], [5626, 2718], [5901, 2855], [5909, 3168], [6099, 3134], [6221, 3332], [6410, 3330], [6625, 3220]]]}, "type": "Feature", "properties": {"labelrank": 9, "code_hasc": "UG.AC", "name": "Apac", "admin": "Uganda", "type_en": "District", "region": "Northern", "woe_id": -20070411, "longitude": 32, "woe_name": "Apac", "fips": "UG98", "woe_label": "Apac, UG, Uganda", "latitude": 1, "iso_a2": "UG", "postal": "AC", "type": "District", "id": "UG.AC"}}, {"geometry": {"type": "Polygon", "coordinates": [[[6625, 3220], [6410, 3330], [6221, 3332], [6303, 3432], [6270, 3612], [6437, 3765], [6569, 3740], [6623, 3782], [6545, 3580], [6648, 3403], [6625, 3220]]]}, "type": "Feature", "properties": {"labelrank": 9, "code_hasc": "UG.QL", "name": "Kole", "admin": "Uganda", "type_en": "District", "region": "Northern", "woe_id": 20070411, "longitude": 32, "woe_name": "Apac", "fips": "UGF8", "woe_label": "Apac, UG, Uganda", "latitude": 2, "iso_a2": "UG", "postal": "AC", "type": "District", "id": "UG.QL"}}, {"geometry": {"type": "Polygon", "coordinates": [[[7753, 3601], [7756, 3500], [7596, 3417], [7637, 3253], [7482, 3197], [7484, 3086], [7361, 3117], [7180, 3227], [7045, 3158], [7004, 3450], [6864, 3580], [6743, 3598], [6860, 3749], [7107, 3758], [7228, 3642], [7516, 3575], [7753, 3601]]]}, "type": "Feature", "properties": {"labelrank": 9, "code_hasc": "UG.AL", "name": "Alebtong", "admin": "Uganda", "type_en": "District", "region": "Northern", "woe_id": -20070431, "longitude": 33, "woe_name": "Lira", "fips": "UGE4", "woe_label": "Lira, UG, Uganda", "latitude": 2, "iso_a2": "UG", "postal": "LA", "type": "District", "id": "UG.AL"}}, {"geometry": {"type": "Polygon", "coordinates": [[[7734, 3968], [7914, 3754], [7894, 3607], [7851, 3564], [7753, 3601], [7516, 3575], [7228, 3642], [7107, 3758], [6860, 3749], [6936, 3871], [7111, 3991], [7402, 3956], [7577, 4018], [7734, 3968]]]}, "type": "Feature", "properties": {"labelrank": 9, "code_hasc": "UG.OT", "name": "Otuke", "admin": "Uganda", "type_en": "District", "region": "Northern", "woe_id": -20070431, "longitude": 33, "woe_name": "Lira", "fips": "UGH3", "woe_label": "Lira, UG, Uganda", "latitude": 2, "iso_a2": "UG", "postal": "LA", "type": "District", "id": "UG.OT"}}, {"geometry": {"type": "Polygon", "coordinates": [[[7758, 4996], [7766, 4884], [7841, 4254], [7720, 4078], [7734, 3968], [7577, 4018], [7402, 3956], [7111, 3991], [6999, 4143], [7040, 4187], [7237, 4196], [7296, 4353], [7264, 4406], [7085, 4424], [7152, 4612], [7242, 4872], [7466, 4884], [7453, 4986], [7553, 4982], [7511, 5042], [7758, 4996]]]}, "type": "Feature", "properties": {"labelrank": 9, "code_hasc": "UG.AG", "name": "Agago", "admin": "Uganda", "type_en": "District", "region": "Northern", "woe_id": -24550736, "longitude": 33, "woe_name": "Pader", "fips": "UGE3", "woe_label": "Pader, UG, Uganda", "latitude": 2, "iso_a2": "UG", "postal": "PD", "type": "District", "id": "UG.AG"}}, {"geometry": {"type": "Polygon", "coordinates": [[[5776, 3449], [5909, 3168], [5901, 2855], [5626, 2718], [5531, 2546], [5413, 2569], [5413, 2511], [5361, 2503], [5228, 2584], [5169, 2768], [5184, 3002], [5125, 3090], [4992, 3149], [5000, 3513], [5190, 3618], [5617, 3411], [5776, 3449]]]}, "type": "Feature", "properties": {"labelrank": 7, "code_hasc": "UG.QD", "name": "Kiryandongo", "admin": "Uganda", "type_en": "District", "region": "Western", "woe_id": 20070432, "longitude": 32, "woe_name": "Masindi", "fips": "UGF7", "woe_label": "Masindi, UG, Uganda", "latitude": 2, "iso_a2": "UG", "postal": "MC", "type": "District", "id": "UG.QD"}}, {"geometry": {"type": "Polygon", "coordinates": [[[3140, 1643], [3108, 1508], [2847, 1253], [2774, 1313], [2738, 1199], [2558, 1094], [2684, 1305], [2579, 1461], [2664, 1738], [2983, 1855], [3149, 2043], [3140, 1643]]]}, "type": "Feature", "properties": {"labelrank": 9, "code_hasc": "UG.NO", "name": "Ntoroko", "admin": "Uganda", "type_en": "District", "region": "Western", "woe_id": -20070413, "longitude": 30, "woe_name": "Bundibugyo", "fips": "UGH1", "woe_label": "Bundibugyo, UG, Uganda", "latitude": 1, "iso_a2": "UG", "postal": "BN", "type": "District", "id": "UG.NO"}}, {"geometry": {"type": "Polygon", "coordinates": [[[4166, 952], [4211, 801], [4048, 742], [4004, 639], [4030, 527], [3849, 316], [3837, 309], [3609, 284], [3622, 371], [3712, 434], [3712, 610], [3657, 634], [3659, 707], [3712, 710], [3712, 849], [3762, 875], [3762, 967], [3667, 1038], [3739, 1067], [4166, 952]]]}, "type": "Feature", "properties": {"labelrank": 9, "code_hasc": "UG.QG", "name": "Kyegegwa", "admin": "Uganda", "type_en": "District", "region": "Western", "woe_id": 24550734, "longitude": 31, "woe_name": "Kyenjojo", "fips": "UGG2", "woe_label": "Kyenjojo, UG, Uganda", "latitude": 0, "iso_a2": "UG", "postal": "KJ", "type": "District", "id": "UG.QG"}}, {"geometry": {"type": "Polygon", "coordinates": [[[9432, 2356], [9593, 2170], [9521, 2030], [9380, 1971], [9295, 1835], [9323, 2100], [9118, 2210], [9148, 2273], [9032, 2380], [9225, 2434], [9432, 2356]]]}, "type": "Feature", "properties": {"labelrank": 9, "code_hasc": "UG.QW", "name": "Kween", "admin": "Uganda", "type_en": "District", "region": "Eastern", "woe_id": -20070423, "longitude": 34, "woe_name": "Kapchorwa", "fips": "UGF9", "woe_label": "Kapchorwa, UG, Uganda", "latitude": 1, "iso_a2": "UG", "postal": "KP", "type": "District", "id": "UG.QW"}}, {"geometry": {"type": "Polygon", "coordinates": [[[9032, 2380], [9148, 2273], [9118, 2210], [8997, 2147], [8927, 2020], [9218, 1868], [9258, 1777], [8781, 1898], [8864, 2140], [8804, 2378], [9032, 2380]]]}, "type": "Feature", "properties": {"labelrank": 9, "code_hasc": "UG.BB", "name": "Bulambuli", "admin": "Uganda", "type_en": "County", "region": "Eastern", "woe_id": -24550737, "longitude": 34, "woe_name": "Sironko", "fips": "UGE9", "woe_label": "", "latitude": 1, "iso_a2": "UG", "postal": "BD", "type": "County", "id": "UG.BB"}}, {"geometry": {"type": "Polygon", "coordinates": [[[8391, 304], [8283, 138], [8380, -236], [8290, -1013], [8304, -1532], [7885, -1532], [7885, -158], [8048, -104], [8053, -62], [7920, 112], [7967, 492], [8189, 586], [8286, 724], [8325, 617], [8269, 480], [8391, 304]]]}, "type": "Feature", "properties": {"labelrank": 9, "code_hasc": "UG.NY", "name": "Namayingo", "admin": "Uganda", "type_en": "District", "region": "Eastern", "woe_id": -20070454, "longitude": 33, "woe_name": "", "fips": "UGG7", "woe_label": "", "latitude": 0, "iso_a2": "UG", "postal": "BG", "type": "District", "id": "UG.NY"}}, {"geometry": {"type": "Polygon", "coordinates": [[[9611, 3798], [9427, 3788], [9420, 3245], [9376, 3179], [9140, 3164], [8985, 3025], [8777, 2988], [8763, 3227], [8305, 3522], [8026, 3688], [7894, 3607], [7914, 3754], [8099, 3823], [8460, 3825], [8374, 4000], [8394, 4161], [8467, 4213], [8797, 4165], [8837, 4330], [9124, 4243], [9316, 4074], [9441, 4038], [9442, 3942], [9530, 3913], [9611, 3798]]]}, "type": "Feature", "properties": {"labelrank": 7, "code_hasc": "UG.NQ", "name": "Napak", "admin": "Uganda", "type_en": "District", "region": "Northern", "woe_id": -20070435, "longitude": 34, "woe_name": "Moroto", "fips": "UGG8", "woe_label": "Moroto, UG, Uganda", "latitude": 2, "iso_a2": "UG", "postal": "MT", "type": "District", "id": "UG.NQ"}}, {"geometry": {"type": "Polygon", "coordinates": [[[9652, 2097], [9593, 2170], [9432, 2356], [9606, 2468], [9664, 2570], [9694, 3047], [9775, 3055], [9745, 3231], [9869, 3380], [9939, 3214], [9931, 3024], [9999, 2931], [9957, 2563], [9652, 2097]]]}, "type": "Feature", "properties": {"labelrank": 9, "code_hasc": "UG.AZ", "name": "Amudat", "admin": "Uganda", "type_en": "District", "region": "Northern", "woe_id": -24550738, "longitude": 34, "woe_name": "Nakapiripirit", "fips": "UGE5", "woe_label": "Nakapiripirit, UG, Uganda", "latitude": 1, "iso_a2": "UG", "postal": "NP", "type": "District", "id": "UG.AZ"}}, {"geometry": {"type": "Polygon", "coordinates": [[[4770, -401], [4945, -401], [4906, -514], [4788, -579], [4792, -718], [4646, -787], [4542, -923], [4367, -858], [4200, -710], [4179, -645], [4264, -399], [4544, -481], [4766, -453], [4770, -401]]]}, "type": "Feature", "properties": {"labelrank": 7, "code_hasc": "UG.LE", "name": "Lwengo", "admin": "Uganda", "type_en": "District", "region": "Central", "woe_id": -20070451, "longitude": 31, "woe_name": "Masaka", "fips": "UGG5", "woe_label": "Masaka, UG, Uganda", "latitude": 0, "iso_a2": "UG", "postal": "MA", "type": "District", "id": "UG.LE"}}, {"geometry": {"type": "Polygon", "coordinates": [[[4264, -399], [4179, -645], [4200, -710], [4188, -801], [4043, -808], [4050, -698], [3936, -422], [3955, -68], [4046, -49], [4215, -141], [4235, -88], [4278, -116], [4314, -241], [4264, -399]]]}, "type": "Feature", "properties": {"labelrank": 7, "code_hasc": "UG.LY", "name": "Lyantonde", "admin": "Uganda", "type_en": "District", "region": "Central", "woe_id": -20070451, "longitude": 31, "woe_name": "Masaka", "fips": "UGD5", "woe_label": "Masaka, UG, Uganda", "latitude": 0, "iso_a2": "UG", "postal": "MA", "type": "District", "id": "UG.LY"}}, {"geometry": {"type": "Polygon", "coordinates": [[[4834, 72], [4998, -314], [4945, -401], [4770, -401], [4683, 28], [4746, 75], [4834, 72]]]}, "type": "Feature", "properties": {"labelrank": 7, "code_hasc": "UG.BM", "name": "Bukomansimbi", "admin": "Uganda", "type_en": "District", "region": "Central", "woe_id": -20070451, "longitude": 31, "woe_name": "Masaka", "fips": "UGE8", "woe_label": "Masaka, UG, Uganda", "latitude": 0, "iso_a2": "UG", "postal": "MA", "type": "District", "id": "UG.BM"}}, {"geometry": {"type": "Polygon", "coordinates": [[[5057, 77], [5153, -11], [5276, -194], [5262, -299], [5331, -279], [5335, -352], [5208, -405], [4945, -401], [4998, -314], [4834, 72], [4908, 115], [5057, 77]]]}, "type": "Feature", "properties": {"labelrank": 7, "code_hasc": "UG.QA", "name": "Kalungu", "admin": "Uganda", "type_en": "District", "region": "Central", "woe_id": -20070451, "longitude": 31, "woe_name": "Masaka", "fips": "UGF5", "woe_label": "Masaka, UG, Uganda", "latitude": 0, "iso_a2": "UG", "postal": "MA", "type": "District", "id": "UG.QA"}}, {"geometry": {"type": "Polygon", "coordinates": [[[2614, -121], [2680, -183], [2794, -324], [2520, -471], [2508, -639], [2332, -537], [2163, -615], [1747, -548], [1804, -211], [2302, -266], [2500, -116], [2614, -121]]]}, "type": "Feature", "properties": {"labelrank": 9, "code_hasc": "UG.RZ", "name": "Rubirizi", "admin": "Uganda", "type_en": "District", "region": "Western", "woe_id": -20070414, "longitude": 29, "woe_name": "Bushenyi", "fips": "UGH4", "woe_label": "Bushenyi, UG, Uganda", "latitude": 0, "iso_a2": "UG", "postal": "BS", "type": "District", "id": "UG.RZ"}}, {"geometry": {"type": "Polygon", "coordinates": [[[2550, -969], [2584, -1109], [2386, -1163], [2162, -951], [2138, -894], [2207, -773], [2327, -837], [2423, -825], [2550, -969]]]}, "type": "Feature", "properties": {"labelrank": 9, "code_hasc": "UG.MM", "name": "Mitooma", "admin": "Uganda", "type_en": "District", "region": "Western", "woe_id": -20070414, "longitude": 30, "woe_name": "Bushenyi", "fips": "UGG6", "woe_label": "Bushenyi, UG, Uganda", "latitude": 0, "iso_a2": "UG", "postal": "BS", "type": "District", "id": "UG.MM"}}, {"geometry": {"type": "Polygon", "coordinates": [[[2716, -1155], [2584, -1109], [2550, -969], [2780, -945], [2798, -753], [2816, -699], [3020, -682], [2951, -964], [2716, -1155]]]}, "type": "Feature", "properties": {"labelrank": 9, "code_hasc": "UG.SH", "name": "Sheema", "admin": "Uganda", "type_en": "District", "region": "Western", "woe_id": -20070414, "longitude": 30, "woe_name": "Bushenyi", "fips": "UGH6", "woe_label": "Bushenyi, UG, Uganda", "latitude": 0, "iso_a2": "UG", "postal": "BS", "type": "District", "id": "UG.SH"}}, {"geometry": {"type": "Polygon", "coordinates": [[[3071, -391], [3020, -682], [2816, -699], [2798, -753], [2508, -639], [2520, -471], [2794, -324], [2951, -444], [3071, -391]]]}, "type": "Feature", "properties": {"labelrank": 9, "code_hasc": "UG.BH", "name": "Buhweju", "admin": "Uganda", "type_en": "District", "region": "Western", "woe_id": -20070414, "longitude": 30, "woe_name": "Bushenyi", "fips": "UGE6", "woe_label": "Bushenyi, UG, Uganda", "latitude": 0, "iso_a2": "UG", "postal": "BS", "type": "District", "id": "UG.BH"}}, {"geometry": {"type": "Polygon", "coordinates": [[[5685, 4172], [5647, 3994], [5787, 3962], [5815, 3843], [5933, 3774], [5748, 3761], [5776, 3449], [5617, 3411], [5190, 3618], [5000, 3513], [4826, 3461], [4677, 3482], [4369, 3332], [4360, 3460], [4556, 3601], [4576, 3738], [4650, 3806], [4490, 4001], [4743, 4178], [4923, 4178], [4988, 4275], [5353, 4280], [5685, 4172]]]}, "type": "Feature", "properties": {"labelrank": 9, "code_hasc": "UG.NW", "name": "Nwoya", "admin": "Uganda", "type_en": "District", "region": "Northern", "woe_id": -20070415, "longitude": 31, "woe_name": "", "fips": "UGH2", "woe_label": "", "latitude": 2, "iso_a2": "UG", "postal": "GL", "type": "District", "id": "UG.NW"}}, {"geometry": {"type": "Polygon", "coordinates": [[[9232, 1685], [9164, 1529], [8857, 1527], [9001, 1661], [9232, 1685]]]}, "type": "Feature", "properties": {"labelrank": 9, "code_hasc": "UG.BA", "name": "Bududa", "admin": "Uganda", "type_en": "District", "region": "Eastern", "woe_id": -20070433, "longitude": 34, "woe_name": "Manafwa", "fips": "UGC2", "woe_label": "Mbale, UG, Uganda", "latitude": 1, "iso_a2": "UG", "postal": "MF", "type": "District", "id": "UG.BA"}}], "ac-tx": {"default": {"crs": "+proj=utm +zone=36 +datum=WGS84 +units=m +no_defs", "scale": 0.013826205895660255}}}