{"crs": {"type": "name", "properties": {"name": "urn:ogc:def:crs:EPSG:4326"}}, "type": "FeatureCollection", "features": [{"geometry": {"type": "Polygon", "coordinates": [[[-7468, 3160], [-7409, 3190], [-7351, 3163], [-7392, 3143], [-7413, 3120], [-7468, 3160]]]}, "type": "Feature", "properties": {"name": "Wrangell City and Borough", "stateAbbrev": "AK", "state": "Alaska", "fips": "275", "incits": "02275", "id": "US.AK.275", "population": 2400}}, {"geometry": {"type": "Polygon", "coordinates": [[[-7413, 3120], [-7392, 3143], [-7351, 3163], [-7304, 3146], [-7299, 3127], [-7289, 3100], [-7324, 3068], [-7388, 3066], [-7413, 3120]]]}, "type": "Feature", "properties": {"name": "Ketchikan Gateway Borough", "stateAbbrev": "AK", "state": "Alaska", "fips": "130", "incits": "02130", "id": "US.AK.130", "population": 13729}}, {"geometry": {"type": "Polygon", "coordinates": [[[-7516, 3134], [-7497, 3160], [-7468, 3160], [-7413, 3120], [-7388, 3066], [-7495, 3064], [-7516, 3134]]]}, "type": "Feature", "properties": {"name": "Prince of Wales-Hyder Census Area", "stateAbbrev": "AK", "state": "Alaska", "fips": "198", "incits": "02198", "id": "US.AK.198", "population": 5786}}, {"geometry": {"type": "MultiPolygon", "coordinates": [[[[-8910, 3193], [-8932, 3173], [-8967, 3168], [-8961, 3139], [-8942, 3119], [-8975, 3109], [-8949, 3084], [-9023, 3090], [-9090, 3063], [-9203, 3059], [-9247, 3049], [-9253, 3063], [-9231, 3080], [-9149, 3097], [-9075, 3137], [-9007, 3144], [-8995, 3158], [-8910, 3193]]], [[[-9321, 3030], [-9289, 3048], [-9256, 3038], [-9307, 3023], [-9321, 3030]]]]}, "type": "Feature", "properties": {"name": "Aleutians East Borough", "stateAbbrev": "AK", "state": "Alaska", "fips": "013", "incits": "02013", "id": "US.AK.013", "population": 3092}}, {"geometry": {"type": "MultiPolygon", "coordinates": [[[[-9999, 2909], [-9943, 2907], [-9871, 2925], [-9844, 2917], [-9802, 2925], [-9775, 2942], [-9757, 2926], [-9784, 2913], [-9833, 2914], [-9909, 2892], [-9930, 2898], [-9992, 2895], [-9999, 2909]]], [[[-9321, 3030], [-9307, 3023], [-9348, 2995], [-9394, 2982], [-9422, 2985], [-9452, 2970], [-9488, 2970], [-9419, 3006], [-9378, 3004], [-9378, 3022], [-9321, 3030]]]]}, "type": "Feature", "properties": {"name": "Aleutians West Census Area", "stateAbbrev": "AK", "state": "Alaska", "fips": "016", "incits": "02016", "id": "US.AK.016", "population": 5511}}, {"geometry": {"type": "Polygon", "coordinates": [[[-8435, 3430], [-8400, 3442], [-8325, 3445], [-8326, 3412], [-8341, 3406], [-8359, 3414], [-8374, 3415], [-8435, 3430]]]}, "type": "Feature", "properties": {"name": "Anchorage Municipality", "stateAbbrev": "AK", "state": "Alaska", "fips": "020", "incits": "02020", "id": "US.AK.020", "population": 300950}}, {"geometry": {"type": "MultiPolygon", "coordinates": [[[[-9267, 3416], [-9210, 3420], [-9165, 3447], [-9085, 3447], [-9035, 3454], [-9002, 3474], [-8931, 3474], [-8890, 3483], [-8808, 3478], [-8621, 3478], [-8580, 3493], [-8580, 3445], [-8606, 3445], [-8604, 3416], [-8746, 3415], [-8913, 3415], [-8960, 3377], [-8973, 3353], [-9018, 3323], [-9047, 3287], [-9076, 3298], [-9094, 3324], [-9077, 3338], [-9094, 3354], [-9184, 3350], [-9282, 3396], [-9267, 3416]]], [[[-9396, 3376], [-9317, 3393], [-9284, 3382], [-9280, 3357], [-9312, 3348], [-9386, 3366], [-9396, 3376]]]]}, "type": "Feature", "properties": {"name": "Bethel Census Area", "stateAbbrev": "AK", "state": "Alaska", "fips": "050", "incits": "02050", "id": "US.AK.050", "population": 17758}}, {"geometry": {"type": "Polygon", "coordinates": [[[-8860, 3287], [-8813, 3301], [-8766, 3303], [-8766, 3287], [-8860, 3287]]]}, "type": "Feature", "properties": {"name": "Bristol Bay Borough", "stateAbbrev": "AK", "state": "Alaska", "fips": "060", "incits": "02060", "id": "US.AK.060", "population": 960}}, {"geometry": {"type": "Polygon", "coordinates": [[[-8580, 3518], [-8548, 3542], [-8527, 3589], [-8485, 3589], [-8454, 3609], [-8299, 3608], [-8243, 3603], [-8242, 3560], [-8301, 3551], [-8382, 3551], [-8517, 3522], [-8580, 3518]]]}, "type": "Feature", "properties": {"name": "Denali Borough", "stateAbbrev": "AK", "state": "Alaska", "fips": "068", "incits": "02068", "id": "US.AK.068", "population": 1867}}, {"geometry": {"type": "Polygon", "coordinates": [[[-8746, 3415], [-8745, 3347], [-8818, 3322], [-8813, 3301], [-8860, 3287], [-8864, 3280], [-8906, 3272], [-8947, 3296], [-9006, 3297], [-9047, 3287], [-9018, 3323], [-8973, 3353], [-8960, 3377], [-8913, 3415], [-8746, 3415]]]}, "type": "Feature", "properties": {"name": "Dillingham Census Area", "stateAbbrev": "AK", "state": "Alaska", "fips": "070", "incits": "02070", "id": "US.AK.070", "population": 5010}}, {"geometry": {"type": "Polygon", "coordinates": [[[-8078, 3627], [-8161, 3612], [-8243, 3603], [-8299, 3608], [-8336, 3623], [-8337, 3657], [-8274, 3657], [-8197, 3670], [-8166, 3653], [-8075, 3642], [-8078, 3627]]]}, "type": "Feature", "properties": {"name": "Fairbanks North Star Borough", "stateAbbrev": "AK", "state": "Alaska", "fips": "090", "incits": "02090", "id": "US.AK.090", "population": 100436}}, {"geometry": {"type": "Polygon", "coordinates": [[[-7611, 3349], [-7572, 3328], [-7532, 3306], [-7583, 3307], [-7575, 3281], [-7620, 3318], [-7654, 3323], [-7637, 3344], [-7611, 3349]]]}, "type": "Feature", "properties": {"name": "Haines Borough", "stateAbbrev": "AK", "state": "Alaska", "fips": "100", "incits": "02100", "id": "US.AK.100", "population": 2592}}, {"geometry": {"type": "Polygon", "coordinates": [[[-7740, 3296], [-7712, 3303], [-7654, 3323], [-7620, 3318], [-7575, 3281], [-7524, 3261], [-7497, 3241], [-7468, 3261], [-7423, 3216], [-7518, 3205], [-7546, 3189], [-7562, 3241], [-7621, 3253], [-7652, 3243], [-7661, 3261], [-7740, 3296]]]}, "type": "Feature", "properties": {"name": "Hoonah-Angoon Census Area", "stateAbbrev": "AK", "state": "Alaska", "fips": "105", "incits": "02105", "id": "US.AK.105", "population": 2145}}, {"geometry": {"type": "Polygon", "coordinates": [[[-7532, 3306], [-7479, 3277], [-7468, 3261], [-7497, 3241], [-7524, 3261], [-7575, 3281], [-7583, 3307], [-7532, 3306]]]}, "type": "Feature", "properties": {"name": "Juneau City and Borough", "stateAbbrev": "AK", "state": "Alaska", "fips": "110", "incits": "02110", "id": "US.AK.110", "population": 32660}}, {"geometry": {"type": "MultiPolygon", "coordinates": [[[[-8688, 3213], [-8675, 3227], [-8610, 3253], [-8563, 3289], [-8508, 3273], [-8536, 3249], [-8525, 3232], [-8538, 3215], [-8602, 3194], [-8632, 3166], [-8688, 3213]]], [[[-8653, 3289], [-8625, 3289], [-8590, 3303], [-8629, 3278], [-8643, 3259], [-8689, 3251], [-8709, 3232], [-8757, 3216], [-8768, 3198], [-8790, 3210], [-8769, 3226], [-8710, 3246], [-8710, 3263], [-8662, 3273], [-8653, 3289]]]]}, "type": "Feature", "properties": {"name": "Kodiak Island Borough", "stateAbbrev": "AK", "state": "Alaska", "fips": "150", "incits": "02150", "id": "US.AK.150", "population": 14135}}, {"geometry": {"type": "Polygon", "coordinates": [[[-8910, 3193], [-8864, 3280], [-8860, 3287], [-8766, 3287], [-8766, 3303], [-8813, 3301], [-8818, 3322], [-8745, 3347], [-8746, 3415], [-8604, 3416], [-8602, 3391], [-8616, 3353], [-8633, 3338], [-8678, 3323], [-8672, 3289], [-8653, 3289], [-8662, 3273], [-8710, 3263], [-8710, 3246], [-8769, 3226], [-8790, 3210], [-8768, 3198], [-8768, 3186], [-8873, 3120], [-8942, 3119], [-8961, 3139], [-8967, 3168], [-8932, 3173], [-8910, 3193]]]}, "type": "Feature", "properties": {"name": "Lake and Peninsula Borough", "stateAbbrev": "AK", "state": "Alaska", "fips": "164", "incits": "02164", "id": "US.AK.164", "population": 1648}}, {"geometry": {"type": "Polygon", "coordinates": [[[-8580, 3493], [-8580, 3518], [-8517, 3522], [-8382, 3551], [-8301, 3551], [-8242, 3560], [-8214, 3543], [-8211, 3491], [-8242, 3491], [-8240, 3447], [-8325, 3445], [-8400, 3442], [-8435, 3430], [-8486, 3444], [-8580, 3445], [-8580, 3493]]]}, "type": "Feature", "properties": {"name": "Matanuska-Susitna Borough", "stateAbbrev": "AK", "state": "Alaska", "fips": "170", "incits": "02170", "id": "US.AK.170", "population": 95192}}, {"geometry": {"type": "MultiPolygon", "coordinates": [[[[-9223, 3736], [-9210, 3689], [-9183, 3669], [-8961, 3669], [-8949, 3674], [-8949, 3641], [-8971, 3631], [-8970, 3592], [-8955, 3577], [-9011, 3563], [-9020, 3534], [-9084, 3534], [-9122, 3551], [-9022, 3576], [-9033, 3600], [-9102, 3619], [-9129, 3604], [-9177, 3618], [-9254, 3611], [-9325, 3619], [-9342, 3640], [-9430, 3686], [-9277, 3728], [-9223, 3736]]], [[[-9643, 3559], [-9637, 3577], [-9587, 3568], [-9550, 3575], [-9529, 3562], [-9457, 3552], [-9510, 3527], [-9593, 3554], [-9643, 3559]]]]}, "type": "Feature", "properties": {"name": "Nome Census Area", "stateAbbrev": "AK", "state": "Alaska", "fips": "180", "incits": "02180", "id": "US.AK.180", "population": 9892}}, {"geometry": {"type": "Polygon", "coordinates": [[[-7907, 3841], [-8187, 3841], [-8187, 3813], [-8412, 3813], [-8709, 3813], [-8813, 3825], [-9057, 3826], [-9225, 3826], [-9284, 3815], [-9332, 3827], [-9319, 3866], [-9213, 3868], [-9161, 3888], [-9151, 3915], [-9077, 3947], [-9039, 3946], [-8956, 3973], [-8835, 3981], [-8774, 4006], [-8630, 3978], [-8535, 3976], [-8481, 3952], [-8379, 3959], [-8186, 3939], [-8133, 3927], [-8032, 3937], [-7907, 3909], [-7907, 3841]]]}, "type": "Feature", "properties": {"name": "North Slope Borough", "stateAbbrev": "AK", "state": "Alaska", "fips": "185", "incits": "02185", "id": "US.AK.185", "population": 9686}}, {"geometry": {"type": "Polygon", "coordinates": [[[-9284, 3815], [-9225, 3826], [-9057, 3826], [-8813, 3825], [-8709, 3813], [-8712, 3801], [-8644, 3766], [-8647, 3741], [-8759, 3728], [-8854, 3728], [-8854, 3708], [-8914, 3708], [-8950, 3699], [-8949, 3674], [-8961, 3669], [-9183, 3669], [-9210, 3689], [-9223, 3736], [-9176, 3736], [-9131, 3753], [-9184, 3761], [-9206, 3788], [-9284, 3815]]]}, "type": "Feature", "properties": {"name": "Northwest Arctic Borough", "stateAbbrev": "AK", "state": "Alaska", "fips": "188", "incits": "02188", "id": "US.AK.188", "population": 7685}}, {"geometry": {"type": "Polygon", "coordinates": [[[-7546, 3189], [-7518, 3205], [-7423, 3216], [-7409, 3190], [-7468, 3160], [-7497, 3160], [-7516, 3134], [-7552, 3148], [-7539, 3156], [-7546, 3189]]]}, "type": "Feature", "properties": {"name": "Petersburg Census Area", "stateAbbrev": "AK", "state": "Alaska", "fips": "195", "incits": "02195", "id": "US.AK.195", "population": 3774}}, {"geometry": {"type": "Polygon", "coordinates": [[[-7652, 3243], [-7621, 3253], [-7562, 3241], [-7546, 3189], [-7539, 3156], [-7552, 3148], [-7619, 3196], [-7652, 3243]]]}, "type": "Feature", "properties": {"name": "Sitka City and Borough", "stateAbbrev": "AK", "state": "Alaska", "fips": "220", "incits": "02220", "id": "US.AK.220", "population": 9020}}, {"geometry": {"type": "Polygon", "coordinates": [[[-8243, 3603], [-8161, 3612], [-8078, 3627], [-8006, 3663], [-7929, 3679], [-7907, 3692], [-7907, 3562], [-7907, 3471], [-7953, 3471], [-7961, 3505], [-8010, 3510], [-8026, 3539], [-8214, 3543], [-8242, 3560], [-8243, 3603]]]}, "type": "Feature", "properties": {"name": "Southeast Fairbanks Census Area", "stateAbbrev": "AK", "state": "Alaska", "fips": "240", "incits": "02240", "id": "US.AK.240", "population": 6985}}, {"geometry": {"type": "Polygon", "coordinates": [[[-8354, 3359], [-8332, 3362], [-8341, 3406], [-8326, 3412], [-8325, 3445], [-8240, 3447], [-8242, 3491], [-8211, 3491], [-8214, 3543], [-8026, 3539], [-8010, 3510], [-7961, 3505], [-7953, 3471], [-7907, 3471], [-7907, 3387], [-7950, 3394], [-8028, 3394], [-8069, 3360], [-8098, 3350], [-8119, 3372], [-8177, 3382], [-8257, 3365], [-8297, 3350], [-8354, 3359]]]}, "type": "Feature", "properties": {"name": "Valdez-Cordova Census Area", "stateAbbrev": "AK", "state": "Alaska", "fips": "261", "incits": "02261", "id": "US.AK.261", "population": 9763}}, {"geometry": {"type": "Polygon", "coordinates": [[[-9122, 3551], [-9084, 3534], [-9020, 3534], [-9031, 3488], [-9002, 3474], [-9035, 3454], [-9085, 3447], [-9165, 3447], [-9210, 3420], [-9267, 3416], [-9290, 3424], [-9325, 3453], [-9311, 3483], [-9278, 3499], [-9247, 3535], [-9199, 3551], [-9147, 3539], [-9122, 3551]]]}, "type": "Feature", "properties": {"name": "Wade Hampton Census Area", "stateAbbrev": "AK", "state": "Alaska", "fips": "270", "incits": "02270", "id": "US.AK.270", "population": 7977}}, {"geometry": {"type": "Polygon", "coordinates": [[[-7907, 3387], [-7850, 3375], [-7834, 3383], [-7717, 3322], [-7712, 3303], [-7740, 3296], [-7755, 3309], [-7888, 3345], [-8000, 3365], [-8069, 3360], [-8028, 3394], [-7950, 3394], [-7907, 3387]]]}, "type": "Feature", "properties": {"name": "Yakutat City and Borough", "stateAbbrev": "AK", "state": "Alaska", "fips": "282", "incits": "02282", "id": "US.AK.282", "population": 642}}, {"geometry": {"type": "Polygon", "coordinates": [[[-8604, 3416], [-8606, 3445], [-8580, 3445], [-8486, 3444], [-8435, 3430], [-8374, 3415], [-8359, 3414], [-8341, 3406], [-8332, 3362], [-8354, 3359], [-8390, 3338], [-8492, 3314], [-8581, 3309], [-8590, 3303], [-8625, 3289], [-8653, 3289], [-8672, 3289], [-8678, 3323], [-8633, 3338], [-8616, 3353], [-8602, 3391], [-8604, 3416]]]}, "type": "Feature", "properties": {"name": "Kenai Peninsula Borough", "stateAbbrev": "AK", "state": "Alaska", "fips": "122", "incits": "02122", "id": "US.AK.122", "population": 57147}}, {"geometry": {"type": "Polygon", "coordinates": [[[-9020, 3534], [-9011, 3563], [-8955, 3577], [-8970, 3592], [-8971, 3631], [-8949, 3641], [-8949, 3674], [-8950, 3699], [-8914, 3708], [-8854, 3708], [-8854, 3728], [-8759, 3728], [-8647, 3741], [-8644, 3766], [-8712, 3801], [-8709, 3813], [-8412, 3813], [-8187, 3813], [-8187, 3841], [-7907, 3841], [-7907, 3692], [-7929, 3679], [-8006, 3663], [-8078, 3627], [-8075, 3642], [-8166, 3653], [-8197, 3670], [-8274, 3657], [-8337, 3657], [-8336, 3623], [-8299, 3608], [-8454, 3609], [-8485, 3589], [-8527, 3589], [-8548, 3542], [-8580, 3518], [-8580, 3493], [-8621, 3478], [-8808, 3478], [-8890, 3483], [-8931, 3474], [-9002, 3474], [-9031, 3488], [-9020, 3534]]]}, "type": "Feature", "properties": {"name": "Yukon-Koyukuk Census Area", "stateAbbrev": "AK", "state": "Alaska", "fips": "290", "incits": "02290", "id": "US.AK.290", "population": 5695}}], "ac-tx": {"default": {"crs": "wsg84", "scale": 56.07665955622587, "xoffset": 0, "yoffset": 0}}}