{"crs": {"type": "name", "properties": {"name": "urn:ogc:def:crs:EPSG:4326"}}, "type": "FeatureCollection", "features": [{"geometry": {"type": "Polygon", "coordinates": [[[-9986, 6160], [-9957, 6163], [-9939, 6160], [-9939, 6149], [-9924, 6149], [-9911, 6139], [-9916, 6134], [-9896, 6124], [-9881, 6116], [-9898, 6094], [-9915, 6089], [-9920, 6074], [-9908, 6071], [-9906, 6061], [-9921, 6061], [-9921, 6045], [-9932, 6046], [-9962, 6066], [-9960, 6080], [-9984, 6099], [-9983, 6129], [-9986, 6160]]]}, "type": "Feature", "properties": {"name": "York County", "stateAbbrev": "ME", "state": "Maine", "fips": "031", "incits": "23031", "id": "US.ME.031", "population": 199431}}, {"geometry": {"type": "Polygon", "coordinates": [[[-9880, 6254], [-9865, 6258], [-9857, 6231], [-9857, 6218], [-9847, 6207], [-9851, 6186], [-9863, 6176], [-9891, 6195], [-9898, 6187], [-9914, 6194], [-9915, 6198], [-9893, 6219], [-9880, 6254]]]}, "type": "Feature", "properties": {"name": "Androscoggin County", "stateAbbrev": "ME", "state": "Maine", "fips": "001", "incits": "23001", "id": "US.ME.001", "population": 107604}}, {"geometry": {"type": "Polygon", "coordinates": [[[-9850, 6551], [-9846, 6568], [-9737, 6676], [-9711, 6670], [-9712, 6646], [-9692, 6637], [-9647, 6652], [-9618, 6652], [-9612, 6662], [-9597, 6660], [-9558, 6639], [-9549, 6626], [-9536, 6621], [-9535, 6555], [-9534, 6463], [-9538, 6452], [-9538, 6426], [-9572, 6420], [-9626, 6411], [-9625, 6461], [-9627, 6524], [-9680, 6526], [-9681, 6551], [-9807, 6551], [-9850, 6551]]]}, "type": "Feature", "properties": {"name": "Aroostook County", "stateAbbrev": "ME", "state": "Maine", "fips": "003", "incits": "23003", "id": "US.ME.003", "population": 70055}}, {"geometry": {"type": "Polygon", "coordinates": [[[-9914, 6194], [-9898, 6187], [-9891, 6195], [-9863, 6176], [-9851, 6186], [-9830, 6169], [-9861, 6165], [-9882, 6144], [-9875, 6131], [-9896, 6124], [-9916, 6134], [-9911, 6139], [-9924, 6149], [-9939, 6149], [-9939, 6160], [-9957, 6163], [-9947, 6184], [-9962, 6200], [-9934, 6213], [-9933, 6198], [-9914, 6194]]]}, "type": "Feature", "properties": {"name": "Cumberland County", "stateAbbrev": "ME", "state": "Maine", "fips": "005", "incits": "23005", "id": "US.ME.005", "population": 285456}}, {"geometry": {"type": "Polygon", "coordinates": [[[-9924, 6424], [-9905, 6350], [-9888, 6345], [-9869, 6348], [-9862, 6322], [-9865, 6309], [-9851, 6311], [-9846, 6285], [-9837, 6275], [-9852, 6272], [-9865, 6258], [-9880, 6254], [-9886, 6269], [-9918, 6277], [-9933, 6301], [-9955, 6292], [-9955, 6307], [-9962, 6332], [-9956, 6332], [-9964, 6369], [-9963, 6386], [-9934, 6387], [-9948, 6402], [-9924, 6424]]]}, "type": "Feature", "properties": {"name": "Franklin County", "stateAbbrev": "ME", "state": "Maine", "fips": "007", "incits": "23007", "id": "US.ME.007", "population": 30495}}, {"geometry": {"type": "Polygon", "coordinates": [[[-9680, 6285], [-9628, 6297], [-9636, 6327], [-9618, 6330], [-9621, 6342], [-9603, 6344], [-9608, 6361], [-9573, 6366], [-9563, 6324], [-9580, 6321], [-9560, 6245], [-9576, 6238], [-9582, 6252], [-9593, 6259], [-9606, 6256], [-9623, 6246], [-9644, 6247], [-9645, 6235], [-9662, 6231], [-9680, 6243], [-9670, 6266], [-9678, 6271], [-9684, 6276], [-9680, 6285]]]}, "type": "Feature", "properties": {"name": "Hancock County", "stateAbbrev": "ME", "state": "Maine", "fips": "009", "incits": "23009", "id": "US.ME.009", "population": 54845}}, {"geometry": {"type": "Polygon", "coordinates": [[[-9865, 6258], [-9852, 6272], [-9837, 6275], [-9826, 6277], [-9791, 6270], [-9795, 6288], [-9772, 6287], [-9761, 6279], [-9769, 6254], [-9777, 6237], [-9783, 6226], [-9797, 6229], [-9798, 6206], [-9812, 6209], [-9826, 6213], [-9832, 6204], [-9847, 6207], [-9857, 6218], [-9857, 6231], [-9865, 6258]]]}, "type": "Feature", "properties": {"name": "Kennebec County", "stateAbbrev": "ME", "state": "Maine", "fips": "011", "incits": "23011", "id": "US.ME.011", "population": 121164}}, {"geometry": {"type": "Polygon", "coordinates": [[[-9763, 6235], [-9744, 6241], [-9723, 6225], [-9710, 6224], [-9720, 6200], [-9730, 6190], [-9759, 6184], [-9746, 6198], [-9753, 6219], [-9767, 6221], [-9763, 6235]]]}, "type": "Feature", "properties": {"name": "Knox County", "stateAbbrev": "ME", "state": "Maine", "fips": "013", "incits": "23013", "id": "US.ME.013", "population": 39550}}, {"geometry": {"type": "Polygon", "coordinates": [[[-9812, 6209], [-9798, 6206], [-9797, 6229], [-9783, 6226], [-9777, 6237], [-9763, 6235], [-9767, 6221], [-9753, 6219], [-9746, 6198], [-9759, 6184], [-9760, 6168], [-9738, 6158], [-9746, 6149], [-9757, 6149], [-9763, 6162], [-9777, 6158], [-9785, 6147], [-9799, 6149], [-9810, 6174], [-9804, 6190], [-9820, 6193], [-9812, 6209]]]}, "type": "Feature", "properties": {"name": "Lincoln County", "stateAbbrev": "ME", "state": "Maine", "fips": "015", "incits": "23015", "id": "US.ME.015", "population": 34088}}, {"geometry": {"type": "Polygon", "coordinates": [[[-9964, 6369], [-9956, 6332], [-9962, 6332], [-9955, 6307], [-9955, 6292], [-9933, 6301], [-9918, 6277], [-9886, 6269], [-9880, 6254], [-9893, 6219], [-9915, 6198], [-9914, 6194], [-9933, 6198], [-9934, 6213], [-9962, 6200], [-9947, 6184], [-9957, 6163], [-9986, 6160], [-9992, 6289], [-9999, 6373], [-9986, 6377], [-9964, 6369]]]}, "type": "Feature", "properties": {"name": "Oxford County", "stateAbbrev": "ME", "state": "Maine", "fips": "017", "incits": "23017", "id": "US.ME.017", "population": 57277}}, {"geometry": {"type": "Polygon", "coordinates": [[[-9756, 6340], [-9686, 6350], [-9689, 6362], [-9674, 6364], [-9686, 6404], [-9701, 6402], [-9700, 6423], [-9681, 6426], [-9680, 6526], [-9627, 6524], [-9625, 6461], [-9626, 6411], [-9572, 6420], [-9557, 6367], [-9573, 6366], [-9608, 6361], [-9603, 6344], [-9621, 6342], [-9618, 6330], [-9636, 6327], [-9628, 6297], [-9680, 6285], [-9692, 6286], [-9732, 6280], [-9743, 6291], [-9756, 6340]]]}, "type": "Feature", "properties": {"name": "Penobscot County", "stateAbbrev": "ME", "state": "Maine", "fips": "019", "incits": "23019", "id": "US.ME.019", "population": 153364}}, {"geometry": {"type": "Polygon", "coordinates": [[[-9807, 6551], [-9681, 6551], [-9680, 6526], [-9681, 6426], [-9700, 6423], [-9701, 6402], [-9686, 6404], [-9674, 6364], [-9689, 6362], [-9686, 6350], [-9756, 6340], [-9793, 6331], [-9816, 6406], [-9805, 6417], [-9810, 6436], [-9803, 6451], [-9809, 6467], [-9809, 6526], [-9807, 6551]]]}, "type": "Feature", "properties": {"name": "Piscataquis County", "stateAbbrev": "ME", "state": "Maine", "fips": "021", "incits": "23021", "id": "US.ME.021", "population": 17124}}, {"geometry": {"type": "Polygon", "coordinates": [[[-9847, 6207], [-9832, 6204], [-9826, 6213], [-9812, 6209], [-9820, 6193], [-9804, 6190], [-9810, 6174], [-9799, 6149], [-9808, 6141], [-9830, 6138], [-9830, 6169], [-9851, 6186], [-9847, 6207]]]}, "type": "Feature", "properties": {"name": "Sagadahoc County", "stateAbbrev": "ME", "state": "Maine", "fips": "023", "incits": "23023", "id": "US.ME.023", "population": 35013}}, {"geometry": {"type": "Polygon", "coordinates": [[[-9924, 6424], [-9903, 6431], [-9905, 6442], [-9882, 6457], [-9890, 6465], [-9888, 6497], [-9876, 6517], [-9854, 6529], [-9850, 6551], [-9807, 6551], [-9809, 6526], [-9809, 6467], [-9803, 6451], [-9810, 6436], [-9805, 6417], [-9816, 6406], [-9793, 6331], [-9756, 6340], [-9743, 6291], [-9772, 6287], [-9795, 6288], [-9791, 6270], [-9826, 6277], [-9837, 6275], [-9846, 6285], [-9851, 6311], [-9865, 6309], [-9862, 6322], [-9869, 6348], [-9888, 6345], [-9905, 6350], [-9924, 6424]]]}, "type": "Feature", "properties": {"name": "Somerset County", "stateAbbrev": "ME", "state": "Maine", "fips": "025", "incits": "23025", "id": "US.ME.025", "population": 51706}}, {"geometry": {"type": "Polygon", "coordinates": [[[-9777, 6237], [-9769, 6254], [-9761, 6279], [-9772, 6287], [-9743, 6291], [-9732, 6280], [-9692, 6286], [-9680, 6285], [-9685, 6279], [-9686, 6274], [-9683, 6274], [-9678, 6269], [-9678, 6254], [-9685, 6246], [-9691, 6218], [-9710, 6224], [-9723, 6225], [-9744, 6241], [-9763, 6235], [-9777, 6237]]]}, "type": "Feature", "properties": {"name": "Waldo County", "stateAbbrev": "ME", "state": "Maine", "fips": "027", "incits": "23027", "id": "US.ME.027", "population": 38940}}, {"geometry": {"type": "Polygon", "coordinates": [[[-9573, 6366], [-9557, 6367], [-9572, 6420], [-9538, 6426], [-9525, 6426], [-9510, 6415], [-9485, 6412], [-9484, 6402], [-9495, 6399], [-9485, 6378], [-9492, 6369], [-9478, 6351], [-9465, 6356], [-9447, 6353], [-9428, 6323], [-9420, 6317], [-9418, 6303], [-9438, 6294], [-9451, 6280], [-9468, 6282], [-9489, 6273], [-9502, 6276], [-9504, 6264], [-9545, 6257], [-9560, 6245], [-9580, 6321], [-9563, 6324], [-9573, 6366]]]}, "type": "Feature", "properties": {"name": "Washington County", "stateAbbrev": "ME", "state": "Maine", "fips": "029", "incits": "23029", "id": "US.ME.029", "population": 32190}}], "ac-tx": {"default": {"crs": "wsg84", "scale": 140.66423084724715, "xoffset": 0, "yoffset": 0}}}