{"type":"Topology","arcs":[[[45,366],[99,10]],[[144,376],[62,-10],[0,-35],[51,0],[45,-32],[-17,-15],[68,-32]],[[353,252],[52,-26],[-58,-70],[-59,-16],[-17,-48],[41,-9],[7,-32],[-51,0],[0,-51],[-38,3],[-103,64],[7,44],[-83,61],[4,96],[-10,98]],[[408,666],[52,12]],[[460,678],[27,-86],[0,-41],[35,-35]],[[522,516],[-14,-67]],[[508,449],[-41,-32],[-96,61],[-24,-26],[-55,23]],[[292,475],[-4,12],[76,67],[44,112]],[[511,1612],[14,54],[374,344],[89,-19],[-3,-77],[69,-28],[154,48],[100,0],[20,31],[52,-6],[134,-67],[30,-41],[45,-16],[3,-210],[4,-293],[-14,-36],[0,-82]],[[1582,1214],[-117,-19]],[[1465,1195],[-185,-29],[4,159],[-7,201],[-182,6]],[[1095,1532],[-4,80],[-432,0]],[[659,1612],[-148,0]],[[508,449],[72,-54]],[[580,395],[-106,-13],[-72,-67],[24,-41],[-73,-22]],[[144,376],[34,67],[-51,51],[96,41],[4,-48],[65,-12]],[[257,1207],[66,-235],[58,-16],[65,9],[24,-83],[-10,-41],[48,6],[17,-82],[31,-32]],[[556,733],[-51,-10],[-45,-45]],[[408,666],[-20,48],[-110,25],[-51,76],[-76,-28],[0,48],[-24,79],[21,0],[-28,118]],[[120,1032],[4,54],[99,3],[-48,48],[82,70]],[[1095,765],[178,38],[-27,95],[62,10],[-11,38],[62,6],[-17,55],[120,16]],[[1462,1023],[34,-134],[-58,-10],[69,-242]],[[1507,637],[-55,-22],[-21,44],[-38,23],[-44,-10],[-59,-32],[-72,3],[-3,-38],[-58,-13],[-62,39],[34,73],[-27,16],[-21,16],[14,29]],[[556,733],[38,6],[120,-22],[-14,57],[79,-3]],[[779,771],[38,-26],[-28,-79],[-27,-54]],[[762,612],[-21,-35],[-48,9],[-3,-73],[-48,9]],[[642,522],[-48,13],[-21,-29],[-51,10]],[[810,605],[65,19],[72,-51],[45,-3]],[[992,570],[-34,-76],[-35,-32],[-99,-19]],[[824,443],[44,44],[-24,67],[-48,7],[14,44]],[[762,612],[48,-7]],[[824,443],[-4,-51],[76,-32],[-28,-29],[-37,0],[-21,42],[-48,-13],[-28,-35],[-48,6]],[[686,331],[-37,80],[20,51],[-55,9],[28,51]],[[45,366],[-21,411],[-24,268],[45,13],[75,-26]],[[834,940],[240,32],[-10,38],[51,6],[-41,128],[-51,-7],[3,67],[65,10],[4,318]],[[1465,1195],[52,-169],[-55,-3]],[[1095,765],[-41,3],[-138,-19],[-37,35]],[[879,784],[-45,156]],[[834,940],[-127,-29],[-79,239],[38,35],[-17,60],[24,48],[-21,51],[0,188],[7,80]],[[686,331],[-30,-25],[-76,-10],[0,99]],[[257,1207],[72,23],[-6,35],[79,47],[-28,26],[7,102],[41,64],[76,38],[13,70]],[[879,784],[-100,-13]],[[1095,765],[-17,-20],[-4,-16],[11,0],[17,-15],[0,-48],[-24,-26],[-21,-89],[-65,19]],[[1582,1214],[45,0],[51,-35],[86,-10],[3,-32],[-37,-9],[34,-67],[-24,-29],[48,-57],[45,16],[61,-10],[66,-95],[27,-20],[7,-44],[-69,-29],[-44,-44],[-59,6],[-72,-29],[-44,10],[-7,-38],[-141,-23],[-51,-38]]],"transform":{"scale":[0.2913741223671013,0.31393034825870647],"translate":[-9999,6045]},"objects":{"maine":{"type":"GeometryCollection","geometries":[{"arcs":[[0,1,2]],"type":"Polygon","properties":{"name":"York County","stateAbbrev":"ME","state":"Maine","fips":"031","incits":"23031","id":"US.ME.031","population":199431}},{"arcs":[[3,4,5,6,7]],"type":"Polygon","properties":{"name":"Androscoggin County","stateAbbrev":"ME","state":"Maine","fips":"001","incits":"23001","id":"US.ME.001","population":107604}},{"arcs":[[8,9,10,11,12]],"type":"Polygon","properties":{"name":"Aroostook County","stateAbbrev":"ME","state":"Maine","fips":"003","incits":"23003","id":"US.ME.003","population":70055}},{"arcs":[[-7,13,14,-2,15]],"type":"Polygon","properties":{"name":"Cumberland County","stateAbbrev":"ME","state":"Maine","fips":"005","incits":"23005","id":"US.ME.005","population":285456}},{"arcs":[[16,17,-4,18,19]],"type":"Polygon","properties":{"name":"Franklin County","stateAbbrev":"ME","state":"Maine","fips":"007","incits":"23007","id":"US.ME.007","population":30495}},{"arcs":[[20,21,22]],"type":"Polygon","properties":{"name":"Hancock County","stateAbbrev":"ME","state":"Maine","fips":"009","incits":"23009","id":"US.ME.009","population":54845}},{"arcs":[[-18,23,24,25,26,-5]],"type":"Polygon","properties":{"name":"Kennebec County","stateAbbrev":"ME","state":"Maine","fips":"011","incits":"23011","id":"US.ME.011","population":121164}},{"arcs":[[27,28,29]],"type":"Polygon","properties":{"name":"Knox County","stateAbbrev":"ME","state":"Maine","fips":"013","incits":"23013","id":"US.ME.013","population":39550}},{"arcs":[[-26,30,-30,31,32]],"type":"Polygon","properties":{"name":"Lincoln County","stateAbbrev":"ME","state":"Maine","fips":"015","incits":"23015","id":"US.ME.015","population":34088}},{"arcs":[[-19,-8,-16,-1,33]],"type":"Polygon","properties":{"name":"Oxford County","stateAbbrev":"ME","state":"Maine","fips":"017","incits":"23017","id":"US.ME.017","population":57277}},{"arcs":[[34,-11,35,-21,36,37]],"type":"Polygon","properties":{"name":"Penobscot County","stateAbbrev":"ME","state":"Maine","fips":"019","incits":"23019","id":"US.ME.019","population":153364}},{"arcs":[[-12,-35,38]],"type":"Polygon","properties":{"name":"Piscataquis County","stateAbbrev":"ME","state":"Maine","fips":"021","incits":"23021","id":"US.ME.021","population":17124}},{"arcs":[[-27,-33,39,-14,-6]],"type":"Polygon","properties":{"name":"Sagadahoc County","stateAbbrev":"ME","state":"Maine","fips":"023","incits":"23023","id":"US.ME.023","population":35013}},{"arcs":[[40,-13,-39,-38,41,-24,-17]],"type":"Polygon","properties":{"name":"Somerset County","stateAbbrev":"ME","state":"Maine","fips":"025","incits":"23025","id":"US.ME.025","population":51706}},{"arcs":[[-25,-42,-37,42,-28,-31]],"type":"Polygon","properties":{"name":"Waldo County","stateAbbrev":"ME","state":"Maine","fips":"027","incits":"23027","id":"US.ME.027","population":38940}},{"arcs":[[-36,-10,43,-22]],"type":"Polygon","properties":{"name":"Washington County","stateAbbrev":"ME","state":"Maine","fips":"029","incits":"23029","id":"US.ME.029","population":32190}}]}},"crs":{"type":"name","properties":{"name":"urn:ogc:def:crs:EPSG:4326"}},"ac-tx":{"default":{"crs":"wsg84","scale":140.66423084724715,"xoffset":0,"yoffset":0}}}