{"crs": {"type": "name", "properties": {"name": "urn:ogc:def:crs:EPSG:4326"}}, "type": "FeatureCollection", "features": [{"geometry": {"type": "Polygon", "coordinates": [[[-9431, 4413], [-9406, 4413], [-9406, 4416], [-9388, 4413], [-9380, 4403], [-9381, 4396], [-9363, 4386], [-9383, 4386], [-9383, 4377], [-9407, 4377], [-9430, 4377], [-9431, 4413]]]}, "type": "Feature", "properties": {"name": "Dubuque County", "stateAbbrev": "IA", "state": "Iowa", "fips": "061", "incits": "19061", "id": "US.IA.061", "population": 95697}}, {"geometry": {"type": "Polygon", "coordinates": [[[-9986, 4404], [-9920, 4404], [-9908, 4404], [-9908, 4395], [-9900, 4395], [-9900, 4368], [-9972, 4368], [-9968, 4370], [-9977, 4381], [-9976, 4397], [-9985, 4400], [-9986, 4404]]]}, "type": "Feature", "properties": {"name": "Woodbury County", "stateAbbrev": "IA", "state": "Iowa", "fips": "193", "incits": "19193", "id": "US.IA.193", "population": 102130}}, {"geometry": {"type": "Polygon", "coordinates": [[[-9949, 4332], [-9901, 4332], [-9889, 4332], [-9889, 4305], [-9883, 4305], [-9882, 4295], [-9934, 4295], [-9944, 4298], [-9947, 4315], [-9942, 4326], [-9949, 4332]]]}, "type": "Feature", "properties": {"name": "Harrison County", "stateAbbrev": "IA", "state": "Iowa", "fips": "085", "incits": "19085", "id": "US.IA.085", "population": 14431}}, {"geometry": {"type": "Polygon", "coordinates": [[[-9915, 4233], [-9871, 4233], [-9870, 4199], [-9910, 4200], [-9913, 4208], [-9923, 4215], [-9918, 4220], [-9919, 4229], [-9915, 4233]]]}, "type": "Feature", "properties": {"name": "Fremont County", "stateAbbrev": "IA", "state": "Iowa", "fips": "071", "incits": "19071", "id": "US.IA.071", "population": 7080}}, {"geometry": {"type": "Polygon", "coordinates": [[[-9934, 4295], [-9882, 4295], [-9847, 4295], [-9847, 4259], [-9871, 4259], [-9922, 4259], [-9927, 4265], [-9929, 4278], [-9927, 4291], [-9934, 4295]]]}, "type": "Feature", "properties": {"name": "Pottawattamie County", "stateAbbrev": "IA", "state": "Iowa", "fips": "155", "incits": "19155", "id": "US.IA.155", "population": 92728}}, {"geometry": {"type": "Polygon", "coordinates": [[[-9972, 4368], [-9900, 4368], [-9901, 4332], [-9949, 4332], [-9948, 4343], [-9963, 4351], [-9962, 4358], [-9970, 4364], [-9972, 4368]]]}, "type": "Feature", "properties": {"name": "Monona County", "stateAbbrev": "IA", "state": "Iowa", "fips": "133", "incits": "19133", "id": "US.IA.133", "population": 9121}}, {"geometry": {"type": "Polygon", "coordinates": [[[-9922, 4259], [-9871, 4259], [-9871, 4233], [-9915, 4233], [-9920, 4243], [-9922, 4259]]]}, "type": "Feature", "properties": {"name": "Mills County", "stateAbbrev": "IA", "state": "Iowa", "fips": "129", "incits": "19129", "id": "US.IA.129", "population": 14896}}, {"geometry": {"type": "Polygon", "coordinates": [[[-9920, 4502], [-9920, 4477], [-9992, 4477], [-9989, 4491], [-9996, 4495], [-9996, 4502], [-9920, 4502]]]}, "type": "Feature", "properties": {"name": "Lyon County", "stateAbbrev": "IA", "state": "Iowa", "fips": "119", "incits": "19119", "id": "US.IA.119", "population": 11712}}, {"geometry": {"type": "Polygon", "coordinates": [[[-9920, 4477], [-9920, 4502], [-9871, 4502], [-9871, 4476], [-9920, 4477]]]}, "type": "Feature", "properties": {"name": "Osceola County", "stateAbbrev": "IA", "state": "Iowa", "fips": "143", "incits": "19143", "id": "US.IA.143", "population": 6211}}, {"geometry": {"type": "Polygon", "coordinates": [[[-9920, 4477], [-9871, 4476], [-9871, 4440], [-9920, 4440], [-9920, 4477]]]}, "type": "Feature", "properties": {"name": "OBrienCounty", "stateAbbrev": "IA", "state": "Iowa", "fips": "141", "incits": "19141", "id": "US.IA.141", "population": 14044}}, {"geometry": {"type": "Polygon", "coordinates": [[[-9822, 4440], [-9822, 4476], [-9773, 4476], [-9774, 4440], [-9822, 4440]]]}, "type": "Feature", "properties": {"name": "Palo Alto County", "stateAbbrev": "IA", "state": "Iowa", "fips": "147", "incits": "19147", "id": "US.IA.147", "population": 9185}}, {"geometry": {"type": "Polygon", "coordinates": [[[-9871, 4476], [-9822, 4476], [-9822, 4440], [-9871, 4440], [-9871, 4476]]]}, "type": "Feature", "properties": {"name": "Clay County", "stateAbbrev": "IA", "state": "Iowa", "fips": "041", "incits": "19041", "id": "US.IA.041", "population": 16491}}, {"geometry": {"type": "Polygon", "coordinates": [[[-9990, 4440], [-9920, 4440], [-9920, 4404], [-9986, 4404], [-9990, 4414], [-9999, 4420], [-9990, 4440]]]}, "type": "Feature", "properties": {"name": "Plymouth County", "stateAbbrev": "IA", "state": "Iowa", "fips": "149", "incits": "19149", "id": "US.IA.149", "population": 24957}}, {"geometry": {"type": "Polygon", "coordinates": [[[-9660, 4332], [-9648, 4332], [-9600, 4332], [-9600, 4305], [-9599, 4296], [-9611, 4295], [-9658, 4295], [-9660, 4305], [-9660, 4332]]]}, "type": "Feature", "properties": {"name": "Jasper County", "stateAbbrev": "IA", "state": "Iowa", "fips": "099", "incits": "19099", "id": "US.IA.099", "population": 36641}}, {"geometry": {"type": "Polygon", "coordinates": [[[-9658, 4295], [-9658, 4294], [-9670, 4295], [-9706, 4296], [-9707, 4305], [-9708, 4319], [-9708, 4326], [-9708, 4332], [-9696, 4332], [-9683, 4332], [-9660, 4332], [-9660, 4305], [-9658, 4295]]]}, "type": "Feature", "properties": {"name": "Polk County", "stateAbbrev": "IA", "state": "Iowa", "fips": "153", "incits": "19153", "id": "US.IA.153", "population": 451677}}, {"geometry": {"type": "Polygon", "coordinates": [[[-9658, 4294], [-9658, 4295], [-9611, 4295], [-9611, 4259], [-9635, 4259], [-9658, 4259], [-9658, 4294]]]}, "type": "Feature", "properties": {"name": "Marion County", "stateAbbrev": "IA", "state": "Iowa", "fips": "125", "incits": "19125", "id": "US.IA.125", "population": 33252}}, {"geometry": {"type": "Polygon", "coordinates": [[[-9706, 4296], [-9670, 4295], [-9658, 4294], [-9658, 4259], [-9682, 4259], [-9706, 4260], [-9706, 4296]]]}, "type": "Feature", "properties": {"name": "Warren County", "stateAbbrev": "IA", "state": "Iowa", "fips": "181", "incits": "19181", "id": "US.IA.181", "population": 47336}}, {"geometry": {"type": "Polygon", "coordinates": [[[-9745, 4368], [-9720, 4368], [-9696, 4368], [-9696, 4332], [-9708, 4332], [-9721, 4332], [-9733, 4332], [-9745, 4332], [-9745, 4368]]]}, "type": "Feature", "properties": {"name": "Boone County", "stateAbbrev": "IA", "state": "Iowa", "fips": "015", "incits": "19015", "id": "US.IA.015", "population": 26364}}, {"geometry": {"type": "Polygon", "coordinates": [[[-9757, 4332], [-9745, 4332], [-9733, 4332], [-9721, 4332], [-9708, 4332], [-9708, 4326], [-9708, 4319], [-9707, 4305], [-9706, 4296], [-9717, 4295], [-9753, 4295], [-9757, 4305], [-9757, 4332]]]}, "type": "Feature", "properties": {"name": "Dallas County", "stateAbbrev": "IA", "state": "Iowa", "fips": "049", "incits": "19049", "id": "US.IA.049", "population": 74641}}, {"geometry": {"type": "Polygon", "coordinates": [[[-9696, 4368], [-9672, 4368], [-9648, 4368], [-9648, 4332], [-9660, 4332], [-9696, 4332], [-9696, 4368]]]}, "type": "Feature", "properties": {"name": "Story County", "stateAbbrev": "IA", "state": "Iowa", "fips": "169", "incits": "19169", "id": "US.IA.169", "population": 92406}}, {"geometry": {"type": "Polygon", "coordinates": [[[-9871, 4440], [-9822, 4440], [-9822, 4404], [-9871, 4404], [-9871, 4440]]]}, "type": "Feature", "properties": {"name": "Buena Vista County", "stateAbbrev": "IA", "state": "Iowa", "fips": "021", "incits": "19021", "id": "US.IA.021", "population": 20567}}, {"geometry": {"type": "Polygon", "coordinates": [[[-9822, 4404], [-9773, 4404], [-9769, 4395], [-9769, 4368], [-9793, 4368], [-9817, 4368], [-9816, 4395], [-9822, 4395], [-9822, 4404]]]}, "type": "Feature", "properties": {"name": "Calhoun County", "stateAbbrev": "IA", "state": "Iowa", "fips": "025", "incits": "19025", "id": "US.IA.025", "population": 9926}}, {"geometry": {"type": "Polygon", "coordinates": [[[-9920, 4440], [-9871, 4440], [-9871, 4404], [-9908, 4404], [-9920, 4404], [-9920, 4440]]]}, "type": "Feature", "properties": {"name": "Cherokee County", "stateAbbrev": "IA", "state": "Iowa", "fips": "035", "incits": "19035", "id": "US.IA.035", "population": 11945}}, {"geometry": {"type": "Polygon", "coordinates": [[[-9908, 4404], [-9871, 4404], [-9871, 4395], [-9864, 4395], [-9864, 4368], [-9900, 4368], [-9900, 4395], [-9908, 4395], [-9908, 4404]]]}, "type": "Feature", "properties": {"name": "Ida County", "stateAbbrev": "IA", "state": "Iowa", "fips": "093", "incits": "19093", "id": "US.IA.093", "population": 7141}}, {"geometry": {"type": "Polygon", "coordinates": [[[-9822, 4440], [-9774, 4440], [-9774, 4413], [-9773, 4404], [-9822, 4404], [-9822, 4440]]]}, "type": "Feature", "properties": {"name": "Pocahontas County", "stateAbbrev": "IA", "state": "Iowa", "fips": "151", "incits": "19151", "id": "US.IA.151", "population": 7154}}, {"geometry": {"type": "Polygon", "coordinates": [[[-9871, 4404], [-9822, 4404], [-9822, 4395], [-9816, 4395], [-9817, 4368], [-9840, 4368], [-9864, 4368], [-9864, 4395], [-9871, 4395], [-9871, 4404]]]}, "type": "Feature", "properties": {"name": "Sac County", "stateAbbrev": "IA", "state": "Iowa", "fips": "161", "incits": "19161", "id": "US.IA.161", "population": 10071}}, {"geometry": {"type": "Polygon", "coordinates": [[[-9992, 4477], [-9920, 4477], [-9920, 4440], [-9990, 4440], [-9987, 4444], [-9980, 4462], [-9984, 4473], [-9992, 4477]]]}, "type": "Feature", "properties": {"name": "Sioux County", "stateAbbrev": "IA", "state": "Iowa", "fips": "167", "incits": "19167", "id": "US.IA.167", "population": 34547}}, {"geometry": {"type": "Polygon", "coordinates": [[[-9648, 4368], [-9624, 4368], [-9600, 4368], [-9600, 4332], [-9648, 4332], [-9648, 4368]]]}, "type": "Feature", "properties": {"name": "Marshall County", "stateAbbrev": "IA", "state": "Iowa", "fips": "127", "incits": "19127", "id": "US.IA.127", "population": 40994}}, {"geometry": {"type": "Polygon", "coordinates": [[[-9774, 4413], [-9774, 4440], [-9724, 4440], [-9725, 4426], [-9725, 4425], [-9725, 4413], [-9774, 4413]]]}, "type": "Feature", "properties": {"name": "Humboldt County", "stateAbbrev": "IA", "state": "Iowa", "fips": "091", "incits": "19091", "id": "US.IA.091", "population": 9688}}, {"geometry": {"type": "Polygon", "coordinates": [[[-9774, 4413], [-9725, 4413], [-9725, 4404], [-9720, 4395], [-9720, 4368], [-9745, 4368], [-9769, 4368], [-9769, 4395], [-9773, 4404], [-9774, 4413]]]}, "type": "Feature", "properties": {"name": "Webster County", "stateAbbrev": "IA", "state": "Iowa", "fips": "187", "incits": "19187", "id": "US.IA.187", "population": 37044}}, {"geometry": {"type": "Polygon", "coordinates": [[[-9871, 4233], [-9824, 4233], [-9822, 4199], [-9870, 4199], [-9871, 4233]]]}, "type": "Feature", "properties": {"name": "Page County", "stateAbbrev": "IA", "state": "Iowa", "fips": "145", "incits": "19145", "id": "US.IA.145", "population": 15713}}, {"geometry": {"type": "Polygon", "coordinates": [[[-9871, 4259], [-9847, 4259], [-9824, 4259], [-9824, 4233], [-9871, 4233], [-9871, 4259]]]}, "type": "Feature", "properties": {"name": "Montgomery County", "stateAbbrev": "IA", "state": "Iowa", "fips": "137", "incits": "19137", "id": "US.IA.137", "population": 10424}}, {"geometry": {"type": "Polygon", "coordinates": [[[-9824, 4233], [-9824, 4259], [-9800, 4259], [-9776, 4259], [-9776, 4232], [-9824, 4233]]]}, "type": "Feature", "properties": {"name": "Adams County", "stateAbbrev": "IA", "state": "Iowa", "fips": "003", "incits": "19003", "id": "US.IA.003", "population": 3894}}, {"geometry": {"type": "Polygon", "coordinates": [[[-9776, 4198], [-9776, 4232], [-9729, 4232], [-9729, 4199], [-9776, 4198]]]}, "type": "Feature", "properties": {"name": "Ringgold County", "stateAbbrev": "IA", "state": "Iowa", "fips": "159", "incits": "19159", "id": "US.IA.159", "population": 5072}}, {"geometry": {"type": "Polygon", "coordinates": [[[-9824, 4233], [-9776, 4232], [-9776, 4198], [-9822, 4199], [-9824, 4233]]]}, "type": "Feature", "properties": {"name": "Taylor County", "stateAbbrev": "IA", "state": "Iowa", "fips": "173", "incits": "19173", "id": "US.IA.173", "population": 6161}}, {"geometry": {"type": "Polygon", "coordinates": [[[-9776, 4259], [-9753, 4259], [-9729, 4259], [-9729, 4232], [-9776, 4232], [-9776, 4259]]]}, "type": "Feature", "properties": {"name": "Union County", "stateAbbrev": "IA", "state": "Iowa", "fips": "175", "incits": "19175", "id": "US.IA.175", "population": 12583}}, {"geometry": {"type": "Polygon", "coordinates": [[[-9800, 4295], [-9753, 4295], [-9753, 4259], [-9776, 4259], [-9800, 4259], [-9800, 4295]]]}, "type": "Feature", "properties": {"name": "Adair County", "stateAbbrev": "IA", "state": "Iowa", "fips": "001", "incits": "19001", "id": "US.IA.001", "population": 7472}}, {"geometry": {"type": "Polygon", "coordinates": [[[-9841, 4332], [-9805, 4332], [-9805, 4305], [-9800, 4295], [-9835, 4295], [-9835, 4305], [-9841, 4305], [-9841, 4332]]]}, "type": "Feature", "properties": {"name": "Audubon County", "stateAbbrev": "IA", "state": "Iowa", "fips": "009", "incits": "19009", "id": "US.IA.009", "population": 5873}}, {"geometry": {"type": "Polygon", "coordinates": [[[-9805, 4332], [-9793, 4332], [-9757, 4332], [-9757, 4305], [-9753, 4295], [-9800, 4295], [-9805, 4305], [-9805, 4332]]]}, "type": "Feature", "properties": {"name": "Guthrie County", "stateAbbrev": "IA", "state": "Iowa", "fips": "077", "incits": "19077", "id": "US.IA.077", "population": 10687}}, {"geometry": {"type": "Polygon", "coordinates": [[[-9847, 4259], [-9847, 4295], [-9835, 4295], [-9800, 4295], [-9800, 4259], [-9824, 4259], [-9847, 4259]]]}, "type": "Feature", "properties": {"name": "Cass County", "stateAbbrev": "IA", "state": "Iowa", "fips": "029", "incits": "19029", "id": "US.IA.029", "population": 13598}}, {"geometry": {"type": "Polygon", "coordinates": [[[-9901, 4332], [-9900, 4368], [-9864, 4368], [-9840, 4368], [-9841, 4332], [-9889, 4332], [-9901, 4332]]]}, "type": "Feature", "properties": {"name": "Crawford County", "stateAbbrev": "IA", "state": "Iowa", "fips": "047", "incits": "19047", "id": "US.IA.047", "population": 17434}}, {"geometry": {"type": "Polygon", "coordinates": [[[-9889, 4332], [-9841, 4332], [-9841, 4305], [-9835, 4305], [-9835, 4295], [-9847, 4295], [-9882, 4295], [-9883, 4305], [-9889, 4305], [-9889, 4332]]]}, "type": "Feature", "properties": {"name": "Shelby County", "stateAbbrev": "IA", "state": "Iowa", "fips": "165", "incits": "19165", "id": "US.IA.165", "population": 11961}}, {"geometry": {"type": "Polygon", "coordinates": [[[-9841, 4332], [-9840, 4368], [-9817, 4368], [-9793, 4368], [-9793, 4332], [-9805, 4332], [-9841, 4332]]]}, "type": "Feature", "properties": {"name": "Carroll County", "stateAbbrev": "IA", "state": "Iowa", "fips": "027", "incits": "19027", "id": "US.IA.027", "population": 20598}}, {"geometry": {"type": "Polygon", "coordinates": [[[-9793, 4368], [-9769, 4368], [-9745, 4368], [-9745, 4332], [-9757, 4332], [-9793, 4332], [-9793, 4368]]]}, "type": "Feature", "properties": {"name": "Greene County", "stateAbbrev": "IA", "state": "Iowa", "fips": "073", "incits": "19073", "id": "US.IA.073", "population": 9139}}, {"geometry": {"type": "Polygon", "coordinates": [[[-9729, 4259], [-9706, 4260], [-9682, 4259], [-9682, 4232], [-9729, 4232], [-9729, 4259]]]}, "type": "Feature", "properties": {"name": "Clarke County", "stateAbbrev": "IA", "state": "Iowa", "fips": "039", "incits": "19039", "id": "US.IA.039", "population": 9325}}, {"geometry": {"type": "Polygon", "coordinates": [[[-9729, 4199], [-9729, 4232], [-9682, 4232], [-9682, 4199], [-9729, 4199]]]}, "type": "Feature", "properties": {"name": "Decatur County", "stateAbbrev": "IA", "state": "Iowa", "fips": "053", "incits": "19053", "id": "US.IA.053", "population": 8136}}, {"geometry": {"type": "Polygon", "coordinates": [[[-9753, 4259], [-9753, 4295], [-9717, 4295], [-9706, 4296], [-9706, 4260], [-9729, 4259], [-9753, 4259]]]}, "type": "Feature", "properties": {"name": "Madison County", "stateAbbrev": "IA", "state": "Iowa", "fips": "121", "incits": "19121", "id": "US.IA.121", "population": 15448}}, {"geometry": {"type": "Polygon", "coordinates": [[[-9539, 4232], [-9491, 4232], [-9491, 4224], [-9491, 4201], [-9492, 4203], [-9539, 4201], [-9539, 4232]]]}, "type": "Feature", "properties": {"name": "Van Buren County", "stateAbbrev": "IA", "state": "Iowa", "fips": "177", "incits": "19177", "id": "US.IA.177", "population": 7436}}, {"geometry": {"type": "Polygon", "coordinates": [[[-9491, 4224], [-9459, 4223], [-9438, 4214], [-9429, 4211], [-9436, 4205], [-9453, 4202], [-9459, 4196], [-9455, 4192], [-9456, 4180], [-9467, 4179], [-9487, 4197], [-9491, 4201], [-9491, 4224]]]}, "type": "Feature", "properties": {"name": "Lee County", "stateAbbrev": "IA", "state": "Iowa", "fips": "111", "incits": "19111", "id": "US.IA.111", "population": 35682}}, {"geometry": {"type": "Polygon", "coordinates": [[[-9459, 4223], [-9456, 4223], [-9455, 4250], [-9412, 4250], [-9413, 4235], [-9427, 4223], [-9429, 4211], [-9438, 4214], [-9459, 4223]]]}, "type": "Feature", "properties": {"name": "Des Moines County", "stateAbbrev": "IA", "state": "Iowa", "fips": "057", "incits": "19057", "id": "US.IA.057", "population": 40480}}, {"geometry": {"type": "Polygon", "coordinates": [[[-9634, 4232], [-9587, 4232], [-9587, 4200], [-9634, 4200], [-9634, 4232]]]}, "type": "Feature", "properties": {"name": "Appanoose County", "stateAbbrev": "IA", "state": "Iowa", "fips": "007", "incits": "19007", "id": "US.IA.007", "population": 12692}}, {"geometry": {"type": "Polygon", "coordinates": [[[-9587, 4232], [-9539, 4232], [-9539, 4201], [-9587, 4200], [-9587, 4232]]]}, "type": "Feature", "properties": {"name": "Davis County", "stateAbbrev": "IA", "state": "Iowa", "fips": "051", "incits": "19051", "id": "US.IA.051", "population": 8791}}, {"geometry": {"type": "Polygon", "coordinates": [[[-9491, 4224], [-9491, 4232], [-9491, 4260], [-9467, 4260], [-9455, 4260], [-9455, 4250], [-9456, 4223], [-9459, 4223], [-9491, 4224]]]}, "type": "Feature", "properties": {"name": "Henry County", "stateAbbrev": "IA", "state": "Iowa", "fips": "087", "incits": "19087", "id": "US.IA.087", "population": 20222}}, {"geometry": {"type": "Polygon", "coordinates": [[[-9539, 4260], [-9515, 4260], [-9491, 4260], [-9491, 4232], [-9539, 4232], [-9539, 4260]]]}, "type": "Feature", "properties": {"name": "Jefferson County", "stateAbbrev": "IA", "state": "Iowa", "fips": "101", "incits": "19101", "id": "US.IA.101", "population": 16810}}, {"geometry": {"type": "Polygon", "coordinates": [[[-9682, 4259], [-9658, 4259], [-9635, 4259], [-9634, 4232], [-9682, 4232], [-9682, 4259]]]}, "type": "Feature", "properties": {"name": "Lucas County", "stateAbbrev": "IA", "state": "Iowa", "fips": "117", "incits": "19117", "id": "US.IA.117", "population": 8746}}, {"geometry": {"type": "Polygon", "coordinates": [[[-9635, 4259], [-9611, 4259], [-9587, 4259], [-9587, 4232], [-9634, 4232], [-9635, 4259]]]}, "type": "Feature", "properties": {"name": "Monroe County", "stateAbbrev": "IA", "state": "Iowa", "fips": "135", "incits": "19135", "id": "US.IA.135", "population": 8012}}, {"geometry": {"type": "Polygon", "coordinates": [[[-9587, 4259], [-9563, 4260], [-9539, 4260], [-9539, 4232], [-9587, 4232], [-9587, 4259]]]}, "type": "Feature", "properties": {"name": "Wapello County", "stateAbbrev": "IA", "state": "Iowa", "fips": "179", "incits": "19179", "id": "US.IA.179", "population": 35391}}, {"geometry": {"type": "Polygon", "coordinates": [[[-9682, 4232], [-9634, 4232], [-9634, 4200], [-9682, 4199], [-9682, 4232]]]}, "type": "Feature", "properties": {"name": "Wayne County", "stateAbbrev": "IA", "state": "Iowa", "fips": "185", "incits": "19185", "id": "US.IA.185", "population": 6402}}, {"geometry": {"type": "Polygon", "coordinates": [[[-9467, 4260], [-9467, 4287], [-9455, 4287], [-9455, 4278], [-9424, 4277], [-9429, 4268], [-9421, 4260], [-9416, 4259], [-9412, 4250], [-9455, 4250], [-9455, 4260], [-9467, 4260]]]}, "type": "Feature", "properties": {"name": "Louisa County", "stateAbbrev": "IA", "state": "Iowa", "fips": "115", "incits": "19115", "id": "US.IA.115", "population": 11282}}, {"geometry": {"type": "Polygon", "coordinates": [[[-9871, 4476], [-9871, 4502], [-9822, 4502], [-9822, 4476], [-9871, 4476]]]}, "type": "Feature", "properties": {"name": "Dickinson County", "stateAbbrev": "IA", "state": "Iowa", "fips": "059", "incits": "19059", "id": "US.IA.059", "population": 16955}}, {"geometry": {"type": "Polygon", "coordinates": [[[-9822, 4502], [-9773, 4502], [-9773, 4476], [-9822, 4476], [-9822, 4502]]]}, "type": "Feature", "properties": {"name": "Emmet County", "stateAbbrev": "IA", "state": "Iowa", "fips": "063", "incits": "19063", "id": "US.IA.063", "population": 9996}}, {"geometry": {"type": "Polygon", "coordinates": [[[-9551, 4332], [-9503, 4332], [-9503, 4296], [-9515, 4296], [-9552, 4296], [-9551, 4332]]]}, "type": "Feature", "properties": {"name": "Iowa County", "stateAbbrev": "IA", "state": "Iowa", "fips": "095", "incits": "19095", "id": "US.IA.095", "population": 16330}}, {"geometry": {"type": "Polygon", "coordinates": [[[-9503, 4332], [-9455, 4332], [-9455, 4305], [-9455, 4287], [-9467, 4287], [-9472, 4295], [-9503, 4296], [-9503, 4332]]]}, "type": "Feature", "properties": {"name": "Johnson County", "stateAbbrev": "IA", "state": "Iowa", "fips": "103", "incits": "19103", "id": "US.IA.103", "population": 139155}}, {"geometry": {"type": "Polygon", "coordinates": [[[-9563, 4295], [-9552, 4296], [-9515, 4296], [-9515, 4260], [-9539, 4260], [-9563, 4260], [-9563, 4295]]]}, "type": "Feature", "properties": {"name": "Keokuk County", "stateAbbrev": "IA", "state": "Iowa", "fips": "107", "incits": "19107", "id": "US.IA.107", "population": 10329}}, {"geometry": {"type": "Polygon", "coordinates": [[[-9774, 4440], [-9773, 4476], [-9773, 4502], [-9724, 4502], [-9724, 4476], [-9724, 4440], [-9774, 4440]]]}, "type": "Feature", "properties": {"name": "Kossuth County", "stateAbbrev": "IA", "state": "Iowa", "fips": "109", "incits": "19109", "id": "US.IA.109", "population": 15321}}, {"geometry": {"type": "Polygon", "coordinates": [[[-9611, 4259], [-9611, 4295], [-9599, 4296], [-9563, 4295], [-9563, 4260], [-9587, 4259], [-9611, 4259]]]}, "type": "Feature", "properties": {"name": "Mahaska County", "stateAbbrev": "IA", "state": "Iowa", "fips": "123", "incits": "19123", "id": "US.IA.123", "population": 22417}}, {"geometry": {"type": "Polygon", "coordinates": [[[-9600, 4332], [-9551, 4332], [-9552, 4296], [-9563, 4295], [-9599, 4296], [-9600, 4305], [-9600, 4332]]]}, "type": "Feature", "properties": {"name": "Poweshiek County", "stateAbbrev": "IA", "state": "Iowa", "fips": "157", "incits": "19157", "id": "US.IA.157", "population": 18601}}, {"geometry": {"type": "Polygon", "coordinates": [[[-9515, 4296], [-9503, 4296], [-9472, 4295], [-9467, 4287], [-9467, 4260], [-9491, 4260], [-9515, 4260], [-9515, 4296]]]}, "type": "Feature", "properties": {"name": "Washington County", "stateAbbrev": "IA", "state": "Iowa", "fips": "183", "incits": "19183", "id": "US.IA.183", "population": 22015}}, {"geometry": {"type": "Polygon", "coordinates": [[[-9455, 4287], [-9455, 4305], [-9407, 4305], [-9395, 4305], [-9395, 4290], [-9422, 4285], [-9424, 4277], [-9455, 4278], [-9455, 4287]]]}, "type": "Feature", "properties": {"name": "Muscatine County", "stateAbbrev": "IA", "state": "Iowa", "fips": "139", "incits": "19139", "id": "US.IA.139", "population": 42836}}, {"geometry": {"type": "Polygon", "coordinates": [[[-9455, 4332], [-9455, 4341], [-9407, 4341], [-9407, 4323], [-9407, 4305], [-9455, 4305], [-9455, 4332]]]}, "type": "Feature", "properties": {"name": "Cedar County", "stateAbbrev": "IA", "state": "Iowa", "fips": "031", "incits": "19031", "id": "US.IA.031", "population": 18393}}, {"geometry": {"type": "Polygon", "coordinates": [[[-9407, 4323], [-9407, 4341], [-9407, 4350], [-9330, 4350], [-9329, 4337], [-9333, 4326], [-9346, 4318], [-9356, 4319], [-9363, 4323], [-9383, 4322], [-9390, 4319], [-9395, 4323], [-9407, 4323]]]}, "type": "Feature", "properties": {"name": "Clinton County", "stateAbbrev": "IA", "state": "Iowa", "fips": "045", "incits": "19045", "id": "US.IA.045", "population": 48420}}, {"geometry": {"type": "Polygon", "coordinates": [[[-9407, 4377], [-9383, 4377], [-9383, 4386], [-9363, 4386], [-9357, 4380], [-9354, 4370], [-9335, 4362], [-9330, 4358], [-9330, 4350], [-9407, 4350], [-9407, 4377]]]}, "type": "Feature", "properties": {"name": "Jackson County", "stateAbbrev": "IA", "state": "Iowa", "fips": "097", "incits": "19097", "id": "US.IA.097", "population": 19587}}, {"geometry": {"type": "Polygon", "coordinates": [[[-9407, 4305], [-9407, 4323], [-9395, 4323], [-9390, 4319], [-9383, 4322], [-9363, 4323], [-9356, 4319], [-9346, 4318], [-9349, 4304], [-9361, 4297], [-9370, 4297], [-9381, 4291], [-9395, 4290], [-9395, 4305], [-9407, 4305]]]}, "type": "Feature", "properties": {"name": "Scott County", "stateAbbrev": "IA", "state": "Iowa", "fips": "163", "incits": "19163", "id": "US.IA.163", "population": 170385}}, {"geometry": {"type": "Polygon", "coordinates": [[[-9480, 4502], [-9440, 4502], [-9441, 4497], [-9438, 4486], [-9430, 4484], [-9423, 4476], [-9435, 4463], [-9435, 4458], [-9480, 4458], [-9480, 4502]]]}, "type": "Feature", "properties": {"name": "Allamakee County", "stateAbbrev": "IA", "state": "Iowa", "fips": "005", "incits": "19005", "id": "US.IA.005", "population": 14169}}, {"geometry": {"type": "Polygon", "coordinates": [[[-9480, 4413], [-9480, 4458], [-9435, 4458], [-9432, 4440], [-9427, 4438], [-9422, 4423], [-9406, 4416], [-9406, 4413], [-9431, 4413], [-9480, 4413]]]}, "type": "Feature", "properties": {"name": "Clayton County", "stateAbbrev": "IA", "state": "Iowa", "fips": "043", "incits": "19043", "id": "US.IA.043", "population": 17773}}, {"geometry": {"type": "Polygon", "coordinates": [[[-9529, 4472], [-9529, 4502], [-9480, 4502], [-9480, 4458], [-9529, 4458], [-9529, 4472]]]}, "type": "Feature", "properties": {"name": "Winneshiek County", "stateAbbrev": "IA", "state": "Iowa", "fips": "191", "incits": "19191", "id": "US.IA.191", "population": 20994}}, {"geometry": {"type": "Polygon", "coordinates": [[[-9551, 4377], [-9527, 4377], [-9503, 4377], [-9503, 4332], [-9551, 4332], [-9551, 4377]]]}, "type": "Feature", "properties": {"name": "Benton County", "stateAbbrev": "IA", "state": "Iowa", "fips": "011", "incits": "19011", "id": "US.IA.011", "population": 25699}}, {"geometry": {"type": "Polygon", "coordinates": [[[-9578, 4413], [-9529, 4413], [-9529, 4395], [-9527, 4377], [-9551, 4377], [-9576, 4377], [-9576, 4395], [-9578, 4404], [-9578, 4404], [-9578, 4413]]]}, "type": "Feature", "properties": {"name": "Black Hawk County", "stateAbbrev": "IA", "state": "Iowa", "fips": "013", "incits": "19013", "id": "US.IA.013", "population": 132546}}, {"geometry": {"type": "Polygon", "coordinates": [[[-9578, 4413], [-9578, 4440], [-9529, 4440], [-9529, 4413], [-9578, 4413]]]}, "type": "Feature", "properties": {"name": "Bremer County", "stateAbbrev": "IA", "state": "Iowa", "fips": "017", "incits": "19017", "id": "US.IA.017", "population": 24624}}, {"geometry": {"type": "Polygon", "coordinates": [[[-9529, 4413], [-9480, 4413], [-9479, 4377], [-9503, 4377], [-9527, 4377], [-9529, 4395], [-9529, 4413]]]}, "type": "Feature", "properties": {"name": "Buchanan County", "stateAbbrev": "IA", "state": "Iowa", "fips": "019", "incits": "19019", "id": "US.IA.019", "population": 20976}}, {"geometry": {"type": "Polygon", "coordinates": [[[-9627, 4404], [-9627, 4440], [-9578, 4440], [-9578, 4413], [-9578, 4404], [-9578, 4404], [-9627, 4404]]]}, "type": "Feature", "properties": {"name": "Butler County", "stateAbbrev": "IA", "state": "Iowa", "fips": "023", "incits": "19023", "id": "US.IA.023", "population": 15021}}, {"geometry": {"type": "Polygon", "coordinates": [[[-9676, 4440], [-9675, 4476], [-9626, 4476], [-9627, 4472], [-9627, 4440], [-9676, 4440]]]}, "type": "Feature", "properties": {"name": "Cerro Gordo County", "stateAbbrev": "IA", "state": "Iowa", "fips": "033", "incits": "19033", "id": "US.IA.033", "population": 43575}}, {"geometry": {"type": "Polygon", "coordinates": [[[-9578, 4472], [-9529, 4472], [-9529, 4458], [-9529, 4440], [-9578, 4440], [-9578, 4472]]]}, "type": "Feature", "properties": {"name": "Chickasaw County", "stateAbbrev": "IA", "state": "Iowa", "fips": "037", "incits": "19037", "id": "US.IA.037", "population": 12321}}, {"geometry": {"type": "Polygon", "coordinates": [[[-9480, 4413], [-9431, 4413], [-9430, 4377], [-9455, 4377], [-9479, 4377], [-9480, 4413]]]}, "type": "Feature", "properties": {"name": "Delaware County", "stateAbbrev": "IA", "state": "Iowa", "fips": "055", "incits": "19055", "id": "US.IA.055", "population": 17534}}, {"geometry": {"type": "Polygon", "coordinates": [[[-9529, 4440], [-9529, 4458], [-9480, 4458], [-9480, 4413], [-9529, 4413], [-9529, 4440]]]}, "type": "Feature", "properties": {"name": "Fayette County", "stateAbbrev": "IA", "state": "Iowa", "fips": "065", "incits": "19065", "id": "US.IA.065", "population": 20502}}, {"geometry": {"type": "Polygon", "coordinates": [[[-9627, 4440], [-9627, 4472], [-9578, 4472], [-9578, 4440], [-9627, 4440]]]}, "type": "Feature", "properties": {"name": "Floyd County", "stateAbbrev": "IA", "state": "Iowa", "fips": "067", "incits": "19067", "id": "US.IA.067", "population": 16092}}, {"geometry": {"type": "Polygon", "coordinates": [[[-9676, 4440], [-9627, 4440], [-9627, 4404], [-9676, 4404], [-9676, 4440]]]}, "type": "Feature", "properties": {"name": "Franklin County", "stateAbbrev": "IA", "state": "Iowa", "fips": "069", "incits": "19069", "id": "US.IA.069", "population": 10548}}, {"geometry": {"type": "Polygon", "coordinates": [[[-9627, 4404], [-9578, 4404], [-9576, 4395], [-9576, 4377], [-9600, 4377], [-9600, 4368], [-9624, 4368], [-9624, 4395], [-9627, 4404]]]}, "type": "Feature", "properties": {"name": "Grundy County", "stateAbbrev": "IA", "state": "Iowa", "fips": "075", "incits": "19075", "id": "US.IA.075", "population": 12314}}, {"geometry": {"type": "Polygon", "coordinates": [[[-9725, 4404], [-9676, 4404], [-9672, 4395], [-9672, 4368], [-9696, 4368], [-9720, 4368], [-9720, 4395], [-9725, 4404]]]}, "type": "Feature", "properties": {"name": "Hamilton County", "stateAbbrev": "IA", "state": "Iowa", "fips": "079", "incits": "19079", "id": "US.IA.079", "population": 15312}}, {"geometry": {"type": "Polygon", "coordinates": [[[-9724, 4476], [-9675, 4476], [-9676, 4440], [-9724, 4440], [-9724, 4476]]]}, "type": "Feature", "properties": {"name": "Hancock County", "stateAbbrev": "IA", "state": "Iowa", "fips": "081", "incits": "19081", "id": "US.IA.081", "population": 11094}}, {"geometry": {"type": "Polygon", "coordinates": [[[-9676, 4404], [-9627, 4404], [-9624, 4395], [-9624, 4368], [-9648, 4368], [-9672, 4368], [-9672, 4395], [-9676, 4404]]]}, "type": "Feature", "properties": {"name": "Hardin County", "stateAbbrev": "IA", "state": "Iowa", "fips": "083", "incits": "19083", "id": "US.IA.083", "population": 17441}}, {"geometry": {"type": "Polygon", "coordinates": [[[-9578, 4502], [-9529, 4502], [-9529, 4472], [-9578, 4472], [-9578, 4502]]]}, "type": "Feature", "properties": {"name": "Howard County", "stateAbbrev": "IA", "state": "Iowa", "fips": "089", "incits": "19089", "id": "US.IA.089", "population": 9526}}, {"geometry": {"type": "Polygon", "coordinates": [[[-9455, 4341], [-9455, 4377], [-9430, 4377], [-9407, 4377], [-9407, 4350], [-9407, 4341], [-9455, 4341]]]}, "type": "Feature", "properties": {"name": "Jones County", "stateAbbrev": "IA", "state": "Iowa", "fips": "105", "incits": "19105", "id": "US.IA.105", "population": 20611}}, {"geometry": {"type": "Polygon", "coordinates": [[[-9503, 4377], [-9479, 4377], [-9455, 4377], [-9455, 4341], [-9455, 4332], [-9503, 4332], [-9503, 4377]]]}, "type": "Feature", "properties": {"name": "Linn County", "stateAbbrev": "IA", "state": "Iowa", "fips": "113", "incits": "19113", "id": "US.IA.113", "population": 216111}}, {"geometry": {"type": "Polygon", "coordinates": [[[-9627, 4472], [-9626, 4476], [-9626, 4502], [-9578, 4502], [-9578, 4472], [-9627, 4472]]]}, "type": "Feature", "properties": {"name": "Mitchell County", "stateAbbrev": "IA", "state": "Iowa", "fips": "131", "incits": "19131", "id": "US.IA.131", "population": 10709}}, {"geometry": {"type": "Polygon", "coordinates": [[[-9576, 4377], [-9551, 4377], [-9551, 4332], [-9600, 4332], [-9600, 4368], [-9600, 4377], [-9576, 4377]]]}, "type": "Feature", "properties": {"name": "Tama County", "stateAbbrev": "IA", "state": "Iowa", "fips": "171", "incits": "19171", "id": "US.IA.171", "population": 17576}}, {"geometry": {"type": "Polygon", "coordinates": [[[-9724, 4502], [-9675, 4502], [-9675, 4476], [-9724, 4476], [-9724, 4502]]]}, "type": "Feature", "properties": {"name": "Winnebago County", "stateAbbrev": "IA", "state": "Iowa", "fips": "189", "incits": "19189", "id": "US.IA.189", "population": 10554}}, {"geometry": {"type": "Polygon", "coordinates": [[[-9675, 4476], [-9675, 4502], [-9626, 4502], [-9626, 4476], [-9675, 4476]]]}, "type": "Feature", "properties": {"name": "Worth County", "stateAbbrev": "IA", "state": "Iowa", "fips": "195", "incits": "19195", "id": "US.IA.195", "population": 7541}}, {"geometry": {"type": "Polygon", "coordinates": [[[-9725, 4426], [-9724, 4440], [-9676, 4440], [-9676, 4404], [-9725, 4404], [-9725, 4413], [-9725, 4425], [-9725, 4426]]]}, "type": "Feature", "properties": {"name": "Wright County", "stateAbbrev": "IA", "state": "Iowa", "fips": "197", "incits": "19197", "id": "US.IA.197", "population": 12972}}], "ac-tx": {"default": {"crs": "wsg84", "scale": 103.48374610792472, "xoffset": 0, "yoffset": 0}}}