{"crs": {"type": "name", "properties": {"name": "urn:ogc:def:crs:EPSG:4326"}}, "type": "FeatureCollection", "features": [{"geometry": {"type": "Polygon", "coordinates": [[[-9592, 4759], [-9569, 4776], [-9554, 4775], [-9534, 4793], [-9517, 4784], [-9531, 4773], [-9540, 4760], [-9557, 4748], [-9575, 4757], [-9592, 4759]]]}, "type": "Feature", "properties": {"name": "Mineral County", "stateAbbrev": "WV", "state": "West Virginia", "fips": "057", "incits": "54057", "id": "US.WV.057", "population": 27704}}, {"geometry": {"type": "Polygon", "coordinates": [[[-9466, 4766], [-9455, 4791], [-9441, 4794], [-9425, 4791], [-9417, 4779], [-9442, 4751], [-9466, 4766]]]}, "type": "Feature", "properties": {"name": "Berkeley County", "stateAbbrev": "WV", "state": "West Virginia", "fips": "003", "incits": "54003", "id": "US.WV.003", "population": 108706}}, {"geometry": {"type": "Polygon", "coordinates": [[[-9417, 4779], [-9406, 4766], [-9405, 4758], [-9417, 4735], [-9442, 4751], [-9417, 4779]]]}, "type": "Feature", "properties": {"name": "Jefferson County", "stateAbbrev": "WV", "state": "West Virginia", "fips": "037", "incits": "54037", "id": "US.WV.037", "population": 55073}}, {"geometry": {"type": "Polygon", "coordinates": [[[-9557, 4748], [-9540, 4760], [-9531, 4773], [-9517, 4784], [-9495, 4781], [-9480, 4775], [-9479, 4762], [-9489, 4750], [-9487, 4739], [-9499, 4730], [-9547, 4743], [-9557, 4748]]]}, "type": "Feature", "properties": {"name": "Hampshire County", "stateAbbrev": "WV", "state": "West Virginia", "fips": "027", "incits": "54027", "id": "US.WV.027", "population": 23445}}, {"geometry": {"type": "Polygon", "coordinates": [[[-9495, 4781], [-9480, 4796], [-9470, 4794], [-9460, 4803], [-9441, 4794], [-9455, 4791], [-9466, 4766], [-9480, 4775], [-9495, 4781]]]}, "type": "Feature", "properties": {"name": "Morgan County", "stateAbbrev": "WV", "state": "West Virginia", "fips": "065", "incits": "54065", "id": "US.WV.065", "population": 17498}}, {"geometry": {"type": "Polygon", "coordinates": [[[-9618, 4743], [-9618, 4744], [-9615, 4744], [-9610, 4746], [-9599, 4755], [-9592, 4759], [-9575, 4757], [-9557, 4748], [-9570, 4724], [-9565, 4710], [-9575, 4696], [-9601, 4714], [-9602, 4715], [-9598, 4745], [-9617, 4742], [-9618, 4743]]]}, "type": "Feature", "properties": {"name": "Grant County", "stateAbbrev": "WV", "state": "West Virginia", "fips": "023", "incits": "54023", "id": "US.WV.023", "population": 11759}}, {"geometry": {"type": "Polygon", "coordinates": [[[-9651, 4806], [-9617, 4806], [-9617, 4783], [-9618, 4761], [-9618, 4751], [-9618, 4751], [-9618, 4744], [-9618, 4743], [-9620, 4745], [-9642, 4752], [-9656, 4747], [-9667, 4755], [-9667, 4772], [-9668, 4777], [-9654, 4794], [-9651, 4806]]]}, "type": "Feature", "properties": {"name": "Preston County", "stateAbbrev": "WV", "state": "West Virginia", "fips": "077", "incits": "54077", "id": "US.WV.077", "population": 33859}}, {"geometry": {"type": "Polygon", "coordinates": [[[-9762, 4862], [-9753, 4878], [-9756, 4888], [-9743, 4888], [-9743, 4859], [-9762, 4862]]]}, "type": "Feature", "properties": {"name": "Brooke County", "stateAbbrev": "WV", "state": "West Virginia", "fips": "009", "incits": "54009", "id": "US.WV.009", "population": 23737}}, {"geometry": {"type": "Polygon", "coordinates": [[[-9743, 4888], [-9756, 4888], [-9752, 4898], [-9761, 4909], [-9743, 4917], [-9743, 4888]]]}, "type": "Feature", "properties": {"name": "Hancock County", "stateAbbrev": "WV", "state": "West Virginia", "fips": "029", "incits": "54029", "id": "US.WV.029", "population": 30291}}, {"geometry": {"type": "Polygon", "coordinates": [[[-9769, 4844], [-9743, 4842], [-9743, 4806], [-9781, 4806], [-9780, 4821], [-9771, 4829], [-9769, 4844]]]}, "type": "Feature", "properties": {"name": "Marshall County", "stateAbbrev": "WV", "state": "West Virginia", "fips": "051", "incits": "54051", "id": "US.WV.051", "population": 32459}}, {"geometry": {"type": "Polygon", "coordinates": [[[-9762, 4862], [-9743, 4859], [-9743, 4842], [-9769, 4844], [-9762, 4862]]]}, "type": "Feature", "properties": {"name": "Ohio County", "stateAbbrev": "WV", "state": "West Virginia", "fips": "069", "incits": "54069", "id": "US.WV.069", "population": 43727}}, {"geometry": {"type": "Polygon", "coordinates": [[[-9700, 4748], [-9682, 4749], [-9667, 4755], [-9656, 4747], [-9659, 4733], [-9667, 4716], [-9690, 4713], [-9685, 4720], [-9707, 4732], [-9700, 4748]]]}, "type": "Feature", "properties": {"name": "Barbour County", "stateAbbrev": "WV", "state": "West Virginia", "fips": "001", "incits": "54001", "id": "US.WV.001", "population": 16770}}, {"geometry": {"type": "Polygon", "coordinates": [[[-9746, 4771], [-9740, 4776], [-9716, 4772], [-9704, 4767], [-9700, 4748], [-9707, 4732], [-9716, 4731], [-9752, 4739], [-9744, 4744], [-9753, 4754], [-9746, 4771]]]}, "type": "Feature", "properties": {"name": "Harrison County", "stateAbbrev": "WV", "state": "West Virginia", "fips": "033", "incits": "54033", "id": "US.WV.033", "population": 68972}}, {"geometry": {"type": "Polygon", "coordinates": [[[-9728, 4796], [-9699, 4793], [-9672, 4774], [-9690, 4765], [-9704, 4767], [-9716, 4772], [-9740, 4776], [-9740, 4787], [-9728, 4796]]]}, "type": "Feature", "properties": {"name": "Marion County", "stateAbbrev": "WV", "state": "West Virginia", "fips": "049", "incits": "54049", "id": "US.WV.049", "population": 56868}}, {"geometry": {"type": "Polygon", "coordinates": [[[-9731, 4806], [-9651, 4806], [-9654, 4794], [-9668, 4777], [-9667, 4772], [-9672, 4774], [-9699, 4793], [-9728, 4796], [-9731, 4806]]]}, "type": "Feature", "properties": {"name": "Monongalia County", "stateAbbrev": "WV", "state": "West Virginia", "fips": "061", "incits": "54061", "id": "US.WV.061", "population": 102274}}, {"geometry": {"type": "Polygon", "coordinates": [[[-9704, 4767], [-9690, 4765], [-9672, 4774], [-9667, 4772], [-9667, 4755], [-9682, 4749], [-9700, 4748], [-9704, 4767]]]}, "type": "Feature", "properties": {"name": "Taylor County", "stateAbbrev": "WV", "state": "West Virginia", "fips": "091", "incits": "54091", "id": "US.WV.091", "population": 16973}}, {"geometry": {"type": "Polygon", "coordinates": [[[-9656, 4747], [-9642, 4752], [-9620, 4745], [-9618, 4743], [-9617, 4742], [-9598, 4745], [-9602, 4715], [-9619, 4716], [-9654, 4723], [-9659, 4733], [-9656, 4747]]]}, "type": "Feature", "properties": {"name": "Tucker County", "stateAbbrev": "WV", "state": "West Virginia", "fips": "093", "incits": "54093", "id": "US.WV.093", "population": 6968}}, {"geometry": {"type": "Polygon", "coordinates": [[[-9794, 4792], [-9781, 4806], [-9743, 4806], [-9731, 4806], [-9728, 4796], [-9740, 4787], [-9740, 4776], [-9746, 4771], [-9755, 4773], [-9766, 4776], [-9782, 4790], [-9794, 4792]]]}, "type": "Feature", "properties": {"name": "Wetzel County", "stateAbbrev": "WV", "state": "West Virginia", "fips": "103", "incits": "54103", "id": "US.WV.103", "population": 16204}}, {"geometry": {"type": "Polygon", "coordinates": [[[-9816, 4774], [-9794, 4792], [-9782, 4790], [-9766, 4776], [-9755, 4773], [-9787, 4755], [-9802, 4761], [-9804, 4775], [-9816, 4774]]]}, "type": "Feature", "properties": {"name": "Tyler County", "stateAbbrev": "WV", "state": "West Virginia", "fips": "095", "incits": "54095", "id": "US.WV.095", "population": 8995}}, {"geometry": {"type": "Polygon", "coordinates": [[[-9805, 4679], [-9799, 4685], [-9762, 4706], [-9753, 4708], [-9737, 4698], [-9735, 4687], [-9742, 4676], [-9759, 4662], [-9775, 4665], [-9787, 4659], [-9805, 4679]]]}, "type": "Feature", "properties": {"name": "Braxton County", "stateAbbrev": "WV", "state": "West Virginia", "fips": "007", "incits": "54007", "id": "US.WV.007", "population": 14502}}, {"geometry": {"type": "Polygon", "coordinates": [[[-9983, 4648], [-9960, 4654], [-9957, 4668], [-9948, 4670], [-9929, 4655], [-9928, 4643], [-9943, 4639], [-9954, 4626], [-9983, 4648]]]}, "type": "Feature", "properties": {"name": "Cabell County", "stateAbbrev": "WV", "state": "West Virginia", "fips": "011", "incits": "54011", "id": "US.WV.011", "population": 97133}}, {"geometry": {"type": "Polygon", "coordinates": [[[-9835, 4709], [-9834, 4711], [-9819, 4724], [-9817, 4724], [-9816, 4724], [-9816, 4724], [-9816, 4724], [-9815, 4724], [-9815, 4724], [-9812, 4721], [-9811, 4721], [-9810, 4720], [-9808, 4720], [-9808, 4720], [-9808, 4720], [-9806, 4720], [-9806, 4720], [-9805, 4720], [-9805, 4719], [-9805, 4719], [-9802, 4700], [-9808, 4694], [-9799, 4685], [-9805, 4679], [-9811, 4672], [-9820, 4676], [-9827, 4700], [-9835, 4709]]]}, "type": "Feature", "properties": {"name": "Calhoun County", "stateAbbrev": "WV", "state": "West Virginia", "fips": "013", "incits": "54013", "id": "US.WV.013", "population": 7564}}, {"geometry": {"type": "Polygon", "coordinates": [[[-9824, 4662], [-9811, 4672], [-9805, 4679], [-9787, 4659], [-9790, 4648], [-9829, 4630], [-9835, 4655], [-9824, 4662]]]}, "type": "Feature", "properties": {"name": "Clay County", "stateAbbrev": "WV", "state": "West Virginia", "fips": "015", "incits": "54015", "id": "US.WV.015", "population": 9244}}, {"geometry": {"type": "Polygon", "coordinates": [[[-9787, 4755], [-9755, 4773], [-9746, 4771], [-9753, 4754], [-9744, 4744], [-9752, 4739], [-9768, 4730], [-9778, 4732], [-9787, 4755]]]}, "type": "Feature", "properties": {"name": "Doddridge County", "stateAbbrev": "WV", "state": "West Virginia", "fips": "017", "incits": "54017", "id": "US.WV.017", "population": 8344}}, {"geometry": {"type": "Polygon", "coordinates": [[[-9847, 4594], [-9840, 4621], [-9829, 4630], [-9811, 4623], [-9799, 4625], [-9787, 4611], [-9773, 4596], [-9777, 4582], [-9794, 4576], [-9810, 4583], [-9837, 4585], [-9847, 4594]]]}, "type": "Feature", "properties": {"name": "Fayette County", "stateAbbrev": "WV", "state": "West Virginia", "fips": "019", "incits": "54019", "id": "US.WV.019", "population": 45599}}, {"geometry": {"type": "Polygon", "coordinates": [[[-9805, 4719], [-9804, 4720], [-9778, 4732], [-9768, 4730], [-9767, 4720], [-9753, 4708], [-9762, 4706], [-9799, 4685], [-9808, 4694], [-9802, 4700], [-9805, 4719]]]}, "type": "Feature", "properties": {"name": "Gilmer County", "stateAbbrev": "WV", "state": "West Virginia", "fips": "021", "incits": "54021", "id": "US.WV.021", "population": 8672}}, {"geometry": {"type": "Polygon", "coordinates": [[[-9911, 4704], [-9895, 4715], [-9899, 4726], [-9891, 4730], [-9871, 4722], [-9862, 4709], [-9867, 4679], [-9864, 4672], [-9877, 4665], [-9885, 4674], [-9895, 4681], [-9911, 4704]]]}, "type": "Feature", "properties": {"name": "Jackson County", "stateAbbrev": "WV", "state": "West Virginia", "fips": "035", "incits": "54035", "id": "US.WV.035", "population": 29178}}, {"geometry": {"type": "Polygon", "coordinates": [[[-9912, 4637], [-9910, 4646], [-9888, 4655], [-9892, 4669], [-9885, 4674], [-9877, 4665], [-9864, 4672], [-9857, 4665], [-9824, 4662], [-9835, 4655], [-9829, 4630], [-9840, 4621], [-9847, 4594], [-9856, 4596], [-9865, 4612], [-9879, 4625], [-9902, 4624], [-9899, 4636], [-9912, 4637]]]}, "type": "Feature", "properties": {"name": "Kanawha County", "stateAbbrev": "WV", "state": "West Virginia", "fips": "039", "incits": "54039", "id": "US.WV.039", "population": 191275}}, {"geometry": {"type": "Polygon", "coordinates": [[[-9768, 4730], [-9752, 4739], [-9716, 4731], [-9718, 4714], [-9727, 4704], [-9728, 4686], [-9735, 4687], [-9737, 4698], [-9753, 4708], [-9767, 4720], [-9768, 4730]]]}, "type": "Feature", "properties": {"name": "Lewis County", "stateAbbrev": "WV", "state": "West Virginia", "fips": "041", "incits": "54041", "id": "US.WV.041", "population": 16452}}, {"geometry": {"type": "Polygon", "coordinates": [[[-9911, 4704], [-9895, 4681], [-9917, 4677], [-9929, 4672], [-9929, 4655], [-9948, 4670], [-9944, 4683], [-9949, 4693], [-9940, 4699], [-9933, 4716], [-9923, 4723], [-9914, 4717], [-9911, 4704]]]}, "type": "Feature", "properties": {"name": "Mason County", "stateAbbrev": "WV", "state": "West Virginia", "fips": "053", "incits": "54053", "id": "US.WV.053", "population": 27126}}, {"geometry": {"type": "Polygon", "coordinates": [[[-9973, 4580], [-9959, 4591], [-9945, 4595], [-9932, 4563], [-9919, 4558], [-9898, 4556], [-9904, 4543], [-9913, 4539], [-9937, 4544], [-9958, 4560], [-9973, 4580]]]}, "type": "Feature", "properties": {"name": "Mingo County", "stateAbbrev": "WV", "state": "West Virginia", "fips": "059", "incits": "54059", "id": "US.WV.059", "population": 25900}}, {"geometry": {"type": "Polygon", "coordinates": [[[-9829, 4630], [-9790, 4648], [-9787, 4659], [-9775, 4665], [-9759, 4662], [-9756, 4642], [-9733, 4630], [-9766, 4608], [-9787, 4611], [-9799, 4625], [-9811, 4623], [-9829, 4630]]]}, "type": "Feature", "properties": {"name": "Nicholas County", "stateAbbrev": "WV", "state": "West Virginia", "fips": "067", "incits": "54067", "id": "US.WV.067", "population": 25965}}, {"geometry": {"type": "Polygon", "coordinates": [[[-9846, 4760], [-9828, 4766], [-9816, 4774], [-9804, 4775], [-9802, 4761], [-9827, 4756], [-9830, 4751], [-9846, 4760]]]}, "type": "Feature", "properties": {"name": "Pleasants County", "stateAbbrev": "WV", "state": "West Virginia", "fips": "073", "incits": "54073", "id": "US.WV.073", "population": 7577}}, {"geometry": {"type": "Polygon", "coordinates": [[[-9895, 4681], [-9885, 4674], [-9892, 4669], [-9888, 4655], [-9910, 4646], [-9912, 4637], [-9928, 4633], [-9928, 4643], [-9929, 4655], [-9929, 4672], [-9917, 4677], [-9895, 4681]]]}, "type": "Feature", "properties": {"name": "Putnam County", "stateAbbrev": "WV", "state": "West Virginia", "fips": "079", "incits": "54079", "id": "US.WV.079", "population": 56650}}, {"geometry": {"type": "Polygon", "coordinates": [[[-9714, 4682], [-9695, 4688], [-9690, 4713], [-9667, 4716], [-9659, 4733], [-9654, 4723], [-9619, 4716], [-9602, 4715], [-9601, 4714], [-9623, 4700], [-9620, 4694], [-9635, 4678], [-9653, 4688], [-9663, 4665], [-9683, 4653], [-9694, 4655], [-9710, 4645], [-9702, 4661], [-9714, 4682]]]}, "type": "Feature", "properties": {"name": "Randolph County", "stateAbbrev": "WV", "state": "West Virginia", "fips": "083", "incits": "54083", "id": "US.WV.083", "population": 29415}}, {"geometry": {"type": "Polygon", "coordinates": [[[-9837, 4741], [-9830, 4751], [-9827, 4756], [-9802, 4761], [-9787, 4755], [-9778, 4732], [-9804, 4720], [-9805, 4719], [-9805, 4719], [-9805, 4720], [-9806, 4720], [-9806, 4720], [-9808, 4720], [-9808, 4720], [-9808, 4720], [-9810, 4720], [-9812, 4721], [-9814, 4723], [-9815, 4724], [-9815, 4724], [-9816, 4724], [-9816, 4724], [-9816, 4724], [-9819, 4724], [-9820, 4723], [-9831, 4723], [-9837, 4741]]]}, "type": "Feature", "properties": {"name": "Ritchie County", "stateAbbrev": "WV", "state": "West Virginia", "fips": "085", "incits": "54085", "id": "US.WV.085", "population": 10073}}, {"geometry": {"type": "Polygon", "coordinates": [[[-9862, 4709], [-9838, 4708], [-9835, 4709], [-9827, 4700], [-9820, 4676], [-9811, 4672], [-9824, 4662], [-9857, 4665], [-9864, 4672], [-9867, 4679], [-9862, 4709]]]}, "type": "Feature", "properties": {"name": "Roane County", "stateAbbrev": "WV", "state": "West Virginia", "fips": "087", "incits": "54087", "id": "US.WV.087", "population": 14656}}, {"geometry": {"type": "Polygon", "coordinates": [[[-9716, 4731], [-9707, 4732], [-9685, 4720], [-9690, 4713], [-9695, 4688], [-9714, 4682], [-9728, 4686], [-9727, 4704], [-9718, 4714], [-9716, 4731]]]}, "type": "Feature", "properties": {"name": "Upshur County", "stateAbbrev": "WV", "state": "West Virginia", "fips": "097", "incits": "54097", "id": "US.WV.097", "population": 24665}}, {"geometry": {"type": "Polygon", "coordinates": [[[-9983, 4648], [-9954, 4626], [-9956, 4615], [-9946, 4603], [-9959, 4591], [-9973, 4580], [-9983, 4590], [-9989, 4607], [-9999, 4615], [-9991, 4630], [-9994, 4648], [-9983, 4648]]]}, "type": "Feature", "properties": {"name": "Wayne County", "stateAbbrev": "WV", "state": "West Virginia", "fips": "099", "incits": "54099", "id": "US.WV.099", "population": 41437}}, {"geometry": {"type": "Polygon", "coordinates": [[[-9871, 4722], [-9852, 4736], [-9837, 4741], [-9831, 4723], [-9820, 4723], [-9838, 4708], [-9862, 4709], [-9871, 4722]]]}, "type": "Feature", "properties": {"name": "Wirt County", "stateAbbrev": "WV", "state": "West Virginia", "fips": "105", "incits": "54105", "id": "US.WV.105", "population": 5901}}, {"geometry": {"type": "Polygon", "coordinates": [[[-9846, 4760], [-9830, 4751], [-9837, 4741], [-9852, 4736], [-9871, 4722], [-9891, 4730], [-9892, 4741], [-9856, 4768], [-9846, 4760]]]}, "type": "Feature", "properties": {"name": "Wood County", "stateAbbrev": "WV", "state": "West Virginia", "fips": "107", "incits": "54107", "id": "US.WV.107", "population": 86569}}, {"geometry": {"type": "Polygon", "coordinates": [[[-9913, 4601], [-9919, 4608], [-9902, 4624], [-9879, 4625], [-9865, 4612], [-9856, 4596], [-9870, 4589], [-9863, 4573], [-9875, 4573], [-9888, 4575], [-9900, 4591], [-9913, 4601]]]}, "type": "Feature", "properties": {"name": "Boone County", "stateAbbrev": "WV", "state": "West Virginia", "fips": "005", "incits": "54005", "id": "US.WV.005", "population": 24224}}, {"geometry": {"type": "Polygon", "coordinates": [[[-9787, 4611], [-9766, 4608], [-9733, 4630], [-9724, 4625], [-9724, 4612], [-9712, 4604], [-9675, 4606], [-9680, 4597], [-9700, 4583], [-9716, 4561], [-9742, 4561], [-9760, 4565], [-9777, 4582], [-9773, 4596], [-9787, 4611]]]}, "type": "Feature", "properties": {"name": "Greenbrier County", "stateAbbrev": "WV", "state": "West Virginia", "fips": "025", "incits": "54025", "id": "US.WV.025", "population": 35644}}, {"geometry": {"type": "Polygon", "coordinates": [[[-9575, 4696], [-9565, 4710], [-9570, 4724], [-9557, 4748], [-9547, 4743], [-9499, 4730], [-9511, 4715], [-9533, 4705], [-9543, 4690], [-9558, 4701], [-9566, 4690], [-9575, 4696]]]}, "type": "Feature", "properties": {"name": "Hardy County", "stateAbbrev": "WV", "state": "West Virginia", "fips": "031", "incits": "54031", "id": "US.WV.031", "population": 13920}}, {"geometry": {"type": "Polygon", "coordinates": [[[-9959, 4591], [-9946, 4603], [-9956, 4615], [-9954, 4626], [-9943, 4639], [-9928, 4643], [-9928, 4633], [-9912, 4637], [-9899, 4636], [-9902, 4624], [-9919, 4608], [-9913, 4601], [-9945, 4595], [-9959, 4591]]]}, "type": "Feature", "properties": {"name": "Lincoln County", "stateAbbrev": "WV", "state": "West Virginia", "fips": "043", "incits": "54043", "id": "US.WV.043", "population": 21559}}, {"geometry": {"type": "Polygon", "coordinates": [[[-9945, 4595], [-9913, 4601], [-9900, 4591], [-9888, 4575], [-9875, 4573], [-9898, 4556], [-9919, 4558], [-9932, 4563], [-9945, 4595]]]}, "type": "Feature", "properties": {"name": "Logan County", "stateAbbrev": "WV", "state": "West Virginia", "fips": "045", "incits": "54045", "id": "US.WV.045", "population": 35987}}, {"geometry": {"type": "Polygon", "coordinates": [[[-9913, 4539], [-9904, 4543], [-9901, 4539], [-9861, 4534], [-9838, 4528], [-9845, 4518], [-9869, 4502], [-9883, 4501], [-9893, 4510], [-9913, 4521], [-9913, 4539]]]}, "type": "Feature", "properties": {"name": "McDowell County", "stateAbbrev": "WV", "state": "West Virginia", "fips": "047", "incits": "54047", "id": "US.WV.047", "population": 20876}}, {"geometry": {"type": "Polygon", "coordinates": [[[-9845, 4518], [-9838, 4528], [-9828, 4539], [-9812, 4548], [-9784, 4529], [-9783, 4519], [-9795, 4513], [-9815, 4511], [-9828, 4505], [-9845, 4518]]]}, "type": "Feature", "properties": {"name": "Mercer County", "stateAbbrev": "WV", "state": "West Virginia", "fips": "055", "incits": "54055", "id": "US.WV.055", "population": 61984}}, {"geometry": {"type": "Polygon", "coordinates": [[[-9784, 4529], [-9760, 4565], [-9742, 4561], [-9716, 4561], [-9711, 4549], [-9716, 4538], [-9737, 4528], [-9747, 4534], [-9765, 4525], [-9784, 4529]]]}, "type": "Feature", "properties": {"name": "Monroe County", "stateAbbrev": "WV", "state": "West Virginia", "fips": "063", "incits": "54063", "id": "US.WV.063", "population": 13483}}, {"geometry": {"type": "Polygon", "coordinates": [[[-9637, 4670], [-9635, 4678], [-9620, 4694], [-9623, 4700], [-9601, 4714], [-9575, 4696], [-9566, 4690], [-9584, 4658], [-9597, 4648], [-9617, 4653], [-9624, 4665], [-9637, 4670]]]}, "type": "Feature", "properties": {"name": "Pendleton County", "stateAbbrev": "WV", "state": "West Virginia", "fips": "071", "incits": "54071", "id": "US.WV.071", "population": 7471}}, {"geometry": {"type": "Polygon", "coordinates": [[[-9724, 4625], [-9720, 4639], [-9710, 4645], [-9694, 4655], [-9683, 4653], [-9663, 4665], [-9653, 4688], [-9635, 4678], [-9637, 4670], [-9642, 4650], [-9654, 4631], [-9668, 4621], [-9675, 4606], [-9712, 4604], [-9724, 4612], [-9724, 4625]]]}, "type": "Feature", "properties": {"name": "Pocahontas County", "stateAbbrev": "WV", "state": "West Virginia", "fips": "075", "incits": "54075", "id": "US.WV.075", "population": 8669}}, {"geometry": {"type": "Polygon", "coordinates": [[[-9856, 4596], [-9847, 4594], [-9837, 4585], [-9810, 4583], [-9794, 4576], [-9793, 4563], [-9812, 4548], [-9828, 4539], [-9839, 4548], [-9856, 4572], [-9863, 4573], [-9870, 4589], [-9856, 4596]]]}, "type": "Feature", "properties": {"name": "Raleigh County", "stateAbbrev": "WV", "state": "West Virginia", "fips": "081", "incits": "54081", "id": "US.WV.081", "population": 78833}}, {"geometry": {"type": "Polygon", "coordinates": [[[-9812, 4548], [-9793, 4563], [-9794, 4576], [-9777, 4582], [-9760, 4565], [-9784, 4529], [-9812, 4548]]]}, "type": "Feature", "properties": {"name": "Summers County", "stateAbbrev": "WV", "state": "West Virginia", "fips": "089", "incits": "54089", "id": "US.WV.089", "population": 13563}}, {"geometry": {"type": "Polygon", "coordinates": [[[-9759, 4662], [-9742, 4676], [-9735, 4687], [-9728, 4686], [-9714, 4682], [-9702, 4661], [-9710, 4645], [-9720, 4639], [-9724, 4625], [-9733, 4630], [-9756, 4642], [-9759, 4662]]]}, "type": "Feature", "properties": {"name": "Webster County", "stateAbbrev": "WV", "state": "West Virginia", "fips": "101", "incits": "54101", "id": "US.WV.101", "population": 8893}}, {"geometry": {"type": "Polygon", "coordinates": [[[-9898, 4556], [-9875, 4573], [-9863, 4573], [-9856, 4572], [-9839, 4548], [-9828, 4539], [-9838, 4528], [-9861, 4534], [-9901, 4539], [-9904, 4543], [-9898, 4556]]]}, "type": "Feature", "properties": {"name": "Wyoming County", "stateAbbrev": "WV", "state": "West Virginia", "fips": "109", "incits": "54109", "id": "US.WV.109", "population": 23019}}], "ac-tx": {"default": {"crs": "wsg84", "scale": 120.99862030957135, "xoffset": 0, "yoffset": 0}}}