{"type":"Topology","arcs":[[[326,428],[17,-50],[84,13]],[[427,391],[6,-87],[39,0],[16,-69],[36,-46]],[[524,189],[-68,-5],[-62,9],[-58,-9],[-65,-50]],[[271,134],[13,92],[-61,73],[-39,23]],[[184,322],[68,28],[74,78]],[[317,677],[216,0]],[[533,677],[-3,-111],[19,-27],[30,-134]],[[579,405],[-26,-9]],[[553,396],[-16,37],[-91,-9],[-19,-33]],[[326,428],[-16,101],[33,5],[3,55],[22,46],[-61,0],[10,42]],[[90,447],[17,239],[210,-9]],[[184,322],[-61,37],[-33,88]],[[271,134],[-29,0],[-51,-56],[-29,0],[-42,-60],[-68,-18],[-52,92],[107,69],[-29,55],[12,231]],[[553,396],[16,-37],[45,5],[10,-60],[-55,-9],[32,-65],[-3,-32]],[[598,198],[-74,-9]],[[579,405],[74,69]],[[653,474],[39,-27],[87,-19],[71,0]],[[850,428],[-3,-138],[-13,-46],[-236,-46]],[[533,677],[178,-5]],[[711,672],[3,-41],[-51,-5],[0,-74],[25,-50],[-35,-28]],[[711,672],[133,-4],[6,-240]]],"transform":{"scale":[0.3094117647058824,0.217201166180758],"translate":[-9999,5554]},"objects":{"connecticut":{"type":"GeometryCollection","geometries":[{"arcs":[[0,1,2,3,4]],"type":"Polygon","properties":{"name":"New Haven County","stateAbbrev":"CT","state":"Connecticut","fips":"009","incits":"09009","id":"US.CT.009","population":862287}},{"arcs":[[5,6,7,8,-1,9]],"type":"Polygon","properties":{"name":"Hartford County","stateAbbrev":"CT","state":"Connecticut","fips":"003","incits":"09003","id":"US.CT.003","population":898272}},{"arcs":[[10,-10,-5,11]],"type":"Polygon","properties":{"name":"Litchfield County","stateAbbrev":"CT","state":"Connecticut","fips":"005","incits":"09005","id":"US.CT.005","population":186924}},{"arcs":[[-12,-4,12]],"type":"Polygon","properties":{"name":"Fairfield County","stateAbbrev":"CT","state":"Connecticut","fips":"001","incits":"09001","id":"US.CT.001","population":939904}},{"arcs":[[13,14,-2,-9]],"type":"Polygon","properties":{"name":"Middlesex County","stateAbbrev":"CT","state":"Connecticut","fips":"007","incits":"09007","id":"US.CT.007","population":165562}},{"arcs":[[-8,15,16,17,-14]],"type":"Polygon","properties":{"name":"New London County","stateAbbrev":"CT","state":"Connecticut","fips":"011","incits":"09011","id":"US.CT.011","population":274150}},{"arcs":[[18,19,-16,-7]],"type":"Polygon","properties":{"name":"Tolland County","stateAbbrev":"CT","state":"Connecticut","fips":"013","incits":"09013","id":"US.CT.013","population":151377}},{"arcs":[[20,-17,-20]],"type":"Polygon","properties":{"name":"Windham County","stateAbbrev":"CT","state":"Connecticut","fips":"015","incits":"09015","id":"US.CT.015","population":117604}}]}},"crs":{"type":"name","properties":{"name":"urn:ogc:def:crs:EPSG:4326"}},"ac-tx":{"default":{"crs":"wsg84","scale":135.6205312524629,"xoffset":0,"yoffset":0}}}