{"type":"Topology","arcs":[[[1676,1895],[332,0],[0,-227],[0,-234],[0,-150],[0,-215],[0,-250]],[[2008,819],[-104,0],[-8,-19],[-24,-4],[-20,-19]],[[1852,777],[-36,-16],[-56,-46],[-44,31]],[[1716,746],[0,73],[12,0],[0,115],[4,115],[-8,31],[8,89],[4,230],[0,50],[-60,0],[0,254],[0,192]],[[1520,135],[0,138],[0,92]],[[1520,365],[176,0],[252,0],[36,0]],[[1984,365],[24,0]],[[2008,365],[0,-138],[0,-227],[-284,0],[-208,0]],[[1516,0],[0,96],[4,39]],[[792,1895],[240,0],[200,0],[184,4]],[[1416,1899],[0,-919]],[[1416,980],[-32,0],[-36,19],[-36,20],[-36,4],[-36,19],[-24,-8],[-36,8],[-12,-8],[-32,15]],[[1136,1049],[0,112],[-76,0],[0,58],[-12,0],[-184,0],[0,57],[-36,0],[-12,31],[-36,0],[-24,19],[-40,4],[-68,15],[-8,12],[-100,46],[-24,0]],[[516,1403],[0,92],[8,20],[-4,34],[-12,27],[16,19],[28,-4],[12,24],[20,3],[44,23],[12,-3],[104,38],[16,15],[-8,54],[12,16],[-8,27],[8,34],[32,58],[-4,15]],[[1416,980],[0,-88],[260,0],[0,-142]],[[1676,750],[0,-35],[-60,0],[-84,-23],[-12,-15],[0,-54]],[[1520,623],[-48,-19],[-16,0],[-32,-24],[-20,-26],[-56,88],[-32,73]],[[1316,715],[-40,69],[-20,-15],[-20,0],[-44,50],[8,11],[-28,35],[4,27],[-20,0]],[[1156,892],[12,23],[-4,27],[-84,0],[20,81],[28,11],[8,15]],[[1676,750],[40,-4]],[[1852,777],[0,-193],[56,-80],[32,-35],[12,-35],[-4,-34],[36,-35]],[[1520,365],[0,31]],[[1520,396],[0,227]],[[2008,819],[0,-269],[0,-185]],[[236,996],[44,-20],[56,0],[4,-11],[36,8],[24,-12],[28,12],[16,23],[60,-8],[12,11]],[[516,999],[0,-107]],[[516,892],[0,-208]],[[516,684],[-216,0],[0,31],[-108,0],[0,-146],[-92,0]],[[100,569],[-32,-4],[-32,23],[12,23],[0,39],[-16,4],[8,23],[48,57],[12,8],[0,42],[8,4],[-12,81],[32,27],[12,30],[56,24],[28,26],[12,20]],[[516,892],[204,0],[164,-39],[16,23],[28,31],[152,-15],[76,0]],[[1316,715],[-188,0],[-4,-88],[-172,0],[-40,19],[-4,-46],[0,-208]],[[908,392],[-128,0],[-264,0]],[[516,392],[0,235],[0,57]],[[516,1403],[0,-142],[0,-262]],[[236,996],[-72,46],[-32,57],[-12,31],[-32,19],[-24,35],[-4,50],[24,46],[-8,54],[-28,58],[8,38],[-12,15],[-8,50],[16,23],[-24,23],[0,54],[56,16],[24,-4],[44,4],[48,-46],[28,3],[32,54],[8,4],[-4,269],[324,0],[204,0]],[[1416,1899],[96,-4],[164,0]],[[908,392],[224,0],[144,0],[244,4]],[[1520,135],[-140,-4],[-108,0],[0,-69],[-72,0],[0,-31]],[[1200,31],[-304,92],[-316,92],[-64,19]],[[516,234],[0,158]],[[1516,0],[-212,0],[-104,31]],[[516,234],[-256,77],[-260,77],[0,39],[16,11],[24,35],[28,-8],[32,12],[20,27],[4,23],[-24,42]]],"transform":{"scale":[0.25,0.2601369141653502],"translate":[-9999,2729]},"objects":{"arizona":{"type":"GeometryCollection","geometries":[{"arcs":[[0,1,2,3]],"type":"Polygon","properties":{"name":"Apache County","stateAbbrev":"AZ","state":"Arizona","fips":"001","incits":"04001","id":"US.AZ.001","population":71934}},{"arcs":[[4,5,6,7,8]],"type":"Polygon","properties":{"name":"Cochise County","stateAbbrev":"AZ","state":"Arizona","fips":"003","incits":"04003","id":"US.AZ.003","population":129473}},{"arcs":[[9,10,11,12,13]],"type":"Polygon","properties":{"name":"Coconino County","stateAbbrev":"AZ","state":"Arizona","fips":"005","incits":"04005","id":"US.AZ.005","population":136539}},{"arcs":[[-12,14,15,16,17,18]],"type":"Polygon","properties":{"name":"Gila County","stateAbbrev":"AZ","state":"Arizona","fips":"007","incits":"04007","id":"US.AZ.007","population":53053}},{"arcs":[[19,-3,20,-6,21,22,-16]],"type":"Polygon","properties":{"name":"Graham County","stateAbbrev":"AZ","state":"Arizona","fips":"009","incits":"04009","id":"US.AZ.009","population":37482}},{"arcs":[[-2,23,-7,-21]],"type":"Polygon","properties":{"name":"Greenlee County","stateAbbrev":"AZ","state":"Arizona","fips":"011","incits":"04011","id":"US.AZ.011","population":9049}},{"arcs":[[24,25,26,27,28]],"type":"Polygon","properties":{"name":"La Paz County","stateAbbrev":"AZ","state":"Arizona","fips":"012","incits":"04012","id":"US.AZ.012","population":20324}},{"arcs":[[29,-18,30,31,32,-27]],"type":"Polygon","properties":{"name":"Maricopa County","stateAbbrev":"AZ","state":"Arizona","fips":"013","incits":"04013","id":"US.AZ.013","population":4009412}},{"arcs":[[-14,33,-25,34]],"type":"Polygon","properties":{"name":"Mohave County","stateAbbrev":"AZ","state":"Arizona","fips":"015","incits":"04015","id":"US.AZ.015","population":203030}},{"arcs":[[35,-4,-20,-15,-11]],"type":"Polygon","properties":{"name":"Navajo County","stateAbbrev":"AZ","state":"Arizona","fips":"017","incits":"04017","id":"US.AZ.017","population":107322}},{"arcs":[[-32,36,-22,-5,37,38,39]],"type":"Polygon","properties":{"name":"Pima County","stateAbbrev":"AZ","state":"Arizona","fips":"019","incits":"04019","id":"US.AZ.019","population":996554}},{"arcs":[[-17,-23,-37,-31]],"type":"Polygon","properties":{"name":"Pinal County","stateAbbrev":"AZ","state":"Arizona","fips":"021","incits":"04021","id":"US.AZ.021","population":389350}},{"arcs":[[-9,40,-38]],"type":"Polygon","properties":{"name":"Santa Cruz County","stateAbbrev":"AZ","state":"Arizona","fips":"023","incits":"04023","id":"US.AZ.023","population":46768}},{"arcs":[[-34,-13,-19,-30,-26]],"type":"Polygon","properties":{"name":"Yavapai County","stateAbbrev":"AZ","state":"Arizona","fips":"025","incits":"04025","id":"US.AZ.025","population":215133}},{"arcs":[[-28,-33,-40,41]],"type":"Polygon","properties":{"name":"Yuma County","stateAbbrev":"AZ","state":"Arizona","fips":"027","incits":"04027","id":"US.AZ.027","population":201201}}]}},"crs":{"type":"name","properties":{"name":"urn:ogc:def:crs:EPSG:4326"}},"ac-tx":{"default":{"crs":"wsg84","scale":87.08900038576446,"xoffset":0,"yoffset":0}}}