{"crs": {"type": "name", "properties": {"name": "urn:ogc:def:crs:EPSG:4326"}}, "type": "FeatureCollection", "features": [{"geometry": {"type": "Polygon", "coordinates": [[[-9681, 3953], [-9669, 3960], [-9667, 3974], [-9619, 3958], [-9627, 3938], [-9639, 3926], [-9657, 3930], [-9666, 3927], [-9676, 3929], [-9675, 3940], [-9681, 3953]]]}, "type": "Feature", "properties": {"name": "Maury County", "stateAbbrev": "TN", "state": "Tennessee", "fips": "119", "incits": "47119", "id": "US.TN.119", "population": 83761}}, {"geometry": {"type": "Polygon", "coordinates": [[[-9935, 4011], [-9919, 4014], [-9882, 4013], [-9886, 3990], [-9896, 3978], [-9903, 3977], [-9910, 3984], [-9936, 3980], [-9946, 3991], [-9935, 4011]]]}, "type": "Feature", "properties": {"name": "Dyer County", "stateAbbrev": "TN", "state": "Tennessee", "fips": "045", "incits": "47045", "id": "US.TN.045", "population": 38213}}, {"geometry": {"type": "Polygon", "coordinates": [[[-9921, 3944], [-9910, 3970], [-9904, 3970], [-9895, 3963], [-9873, 3956], [-9874, 3927], [-9885, 3924], [-9917, 3924], [-9921, 3944]]]}, "type": "Feature", "properties": {"name": "Haywood County", "stateAbbrev": "TN", "state": "Tennessee", "fips": "075", "incits": "47075", "id": "US.TN.075", "population": 18224}}, {"geometry": {"type": "Polygon", "coordinates": [[[-9936, 3980], [-9910, 3984], [-9903, 3977], [-9904, 3970], [-9910, 3970], [-9921, 3944], [-9935, 3951], [-9949, 3952], [-9966, 3939], [-9970, 3961], [-9955, 3964], [-9947, 3980], [-9936, 3980]]]}, "type": "Feature", "properties": {"name": "Lauderdale County", "stateAbbrev": "TN", "state": "Tennessee", "fips": "097", "incits": "47097", "id": "US.TN.097", "population": 27795}}, {"geometry": {"type": "Polygon", "coordinates": [[[-9966, 3939], [-9949, 3952], [-9935, 3951], [-9921, 3944], [-9917, 3924], [-9935, 3921], [-9979, 3923], [-9986, 3919], [-9975, 3942], [-9966, 3939]]]}, "type": "Feature", "properties": {"name": "Tipton County", "stateAbbrev": "TN", "state": "Tennessee", "fips": "167", "incits": "47167", "id": "US.TN.167", "population": 61586}}, {"geometry": {"type": "Polygon", "coordinates": [[[-9986, 3919], [-9979, 3923], [-9935, 3921], [-9936, 3879], [-9999, 3882], [-9985, 3905], [-9993, 3909], [-9986, 3919]]]}, "type": "Feature", "properties": {"name": "Shelby County", "stateAbbrev": "TN", "state": "Tennessee", "fips": "157", "incits": "47157", "id": "US.TN.157", "population": 939465}}, {"geometry": {"type": "Polygon", "coordinates": [[[-9936, 3879], [-9935, 3921], [-9917, 3924], [-9885, 3924], [-9887, 3879], [-9936, 3879]]]}, "type": "Feature", "properties": {"name": "Fayette County", "stateAbbrev": "TN", "state": "Tennessee", "fips": "047", "incits": "47047", "id": "US.TN.047", "population": 38690}}, {"geometry": {"type": "Polygon", "coordinates": [[[-9778, 4004], [-9764, 4019], [-9765, 4030], [-9753, 4030], [-9752, 4030], [-9749, 4017], [-9745, 4004], [-9754, 3994], [-9746, 3983], [-9750, 3973], [-9751, 3970], [-9774, 3973], [-9778, 3973], [-9778, 4004]]]}, "type": "Feature", "properties": {"name": "Benton County", "stateAbbrev": "TN", "state": "Tennessee", "fips": "005", "incits": "47005", "id": "US.TN.005", "population": 16290}}, {"geometry": {"type": "Polygon", "coordinates": [[[-9340, 4056], [-9312, 4056], [-9300, 4037], [-9312, 4020], [-9319, 4016], [-9336, 4017], [-9352, 4014], [-9347, 4022], [-9350, 4042], [-9339, 4047], [-9340, 4056]]]}, "type": "Feature", "properties": {"name": "Campbell County", "stateAbbrev": "TN", "state": "Tennessee", "fips": "013", "incits": "47013", "id": "US.TN.013", "population": 40238}}, {"geometry": {"type": "Polygon", "coordinates": [[[-9832, 3967], [-9831, 3997], [-9813, 4007], [-9778, 4004], [-9778, 3973], [-9774, 3973], [-9774, 3970], [-9818, 3971], [-9821, 3967], [-9832, 3967]]]}, "type": "Feature", "properties": {"name": "Carroll County", "stateAbbrev": "TN", "state": "Tennessee", "fips": "017", "incits": "47017", "id": "US.TN.017", "population": 28513}}, {"geometry": {"type": "Polygon", "coordinates": [[[-9122, 4034], [-9110, 4035], [-9087, 4047], [-9093, 4033], [-9082, 4020], [-9093, 4004], [-9104, 4002], [-9114, 4008], [-9127, 4018], [-9122, 4034]]]}, "type": "Feature", "properties": {"name": "Carter County", "stateAbbrev": "TN", "state": "Tennessee", "fips": "019", "incits": "47019", "id": "US.TN.019", "population": 57338}}, {"geometry": {"type": "Polygon", "coordinates": [[[-9675, 4026], [-9657, 4041], [-9642, 4031], [-9634, 4033], [-9649, 3995], [-9664, 3996], [-9660, 4011], [-9663, 4025], [-9675, 4026]]]}, "type": "Feature", "properties": {"name": "Cheatham County", "stateAbbrev": "TN", "state": "Tennessee", "fips": "021", "incits": "47021", "id": "US.TN.021", "population": 39492}}, {"geometry": {"type": "Polygon", "coordinates": [[[-9847, 3927], [-9829, 3934], [-9822, 3944], [-9799, 3933], [-9794, 3926], [-9794, 3922], [-9812, 3922], [-9828, 3917], [-9841, 3907], [-9847, 3927]]]}, "type": "Feature", "properties": {"name": "Chester County", "stateAbbrev": "TN", "state": "Tennessee", "fips": "023", "incits": "47023", "id": "US.TN.023", "population": 17321}}, {"geometry": {"type": "Polygon", "coordinates": [[[-9312, 4056], [-9276, 4055], [-9252, 4057], [-9244, 4050], [-9243, 4036], [-9252, 4031], [-9274, 4028], [-9289, 4039], [-9300, 4037], [-9312, 4056]]]}, "type": "Feature", "properties": {"name": "Claiborne County", "stateAbbrev": "TN", "state": "Tennessee", "fips": "025", "incits": "47025", "id": "US.TN.025", "population": 31560}}, {"geometry": {"type": "Polygon", "coordinates": [[[-9512, 4046], [-9509, 4059], [-9452, 4060], [-9453, 4050], [-9470, 4046], [-9477, 4035], [-9486, 4043], [-9512, 4046]]]}, "type": "Feature", "properties": {"name": "Clay County", "stateAbbrev": "TN", "state": "Tennessee", "fips": "027", "incits": "47027", "id": "US.TN.027", "population": 7774}}, {"geometry": {"type": "Polygon", "coordinates": [[[-9903, 3977], [-9896, 3978], [-9886, 3990], [-9877, 3975], [-9856, 3968], [-9867, 3954], [-9873, 3956], [-9895, 3963], [-9904, 3970], [-9903, 3977]]]}, "type": "Feature", "properties": {"name": "Crockett County", "stateAbbrev": "TN", "state": "Tennessee", "fips": "033", "incits": "47033", "id": "US.TN.033", "population": 14591}}, {"geometry": {"type": "Polygon", "coordinates": [[[-9634, 4033], [-9624, 4029], [-9616, 4035], [-9598, 4017], [-9590, 4001], [-9601, 3987], [-9620, 3994], [-9649, 3995], [-9634, 4033]]]}, "type": "Feature", "properties": {"name": "Davidson County", "stateAbbrev": "TN", "state": "Tennessee", "fips": "037", "incits": "47037", "id": "US.TN.037", "population": 658602}}, {"geometry": {"type": "Polygon", "coordinates": [[[-9781, 3926], [-9781, 3938], [-9775, 3947], [-9774, 3970], [-9774, 3973], [-9751, 3970], [-9758, 3960], [-9758, 3948], [-9751, 3936], [-9755, 3926], [-9757, 3923], [-9775, 3922], [-9781, 3926]]]}, "type": "Feature", "properties": {"name": "Decatur County", "stateAbbrev": "TN", "state": "Tennessee", "fips": "039", "incits": "47039", "id": "US.TN.039", "population": 11661}}, {"geometry": {"type": "Polygon", "coordinates": [[[-9706, 4010], [-9701, 4027], [-9675, 4026], [-9663, 4025], [-9660, 4011], [-9664, 3996], [-9666, 3986], [-9703, 3990], [-9706, 4010]]]}, "type": "Feature", "properties": {"name": "Dickson County", "stateAbbrev": "TN", "state": "Tennessee", "fips": "043", "incits": "47043", "id": "US.TN.043", "population": 50266}}, {"geometry": {"type": "Polygon", "coordinates": [[[-9882, 4013], [-9860, 4015], [-9847, 4004], [-9831, 3997], [-9832, 3967], [-9856, 3968], [-9877, 3975], [-9886, 3990], [-9882, 4013]]]}, "type": "Feature", "properties": {"name": "Gibson County", "stateAbbrev": "TN", "state": "Tennessee", "fips": "053", "incits": "47053", "id": "US.TN.053", "population": 49457}}, {"geometry": {"type": "Polygon", "coordinates": [[[-9252, 4057], [-9181, 4056], [-9214, 4047], [-9221, 4037], [-9231, 4034], [-9243, 4036], [-9244, 4050], [-9252, 4057]]]}, "type": "Feature", "properties": {"name": "Hancock County", "stateAbbrev": "TN", "state": "Tennessee", "fips": "067", "incits": "47067", "id": "US.TN.067", "population": 6679}}, {"geometry": {"type": "Polygon", "coordinates": [[[-9887, 3879], [-9885, 3924], [-9874, 3927], [-9847, 3927], [-9841, 3907], [-9841, 3879], [-9887, 3879]]]}, "type": "Feature", "properties": {"name": "Hardeman County", "stateAbbrev": "TN", "state": "Tennessee", "fips": "069", "incits": "47069", "id": "US.TN.069", "population": 26306}}, {"geometry": {"type": "Polygon", "coordinates": [[[-9796, 3879], [-9794, 3922], [-9794, 3926], [-9781, 3926], [-9775, 3922], [-9757, 3923], [-9752, 3912], [-9753, 3880], [-9796, 3879]]]}, "type": "Feature", "properties": {"name": "Hardin County", "stateAbbrev": "TN", "state": "Tennessee", "fips": "071", "incits": "47071", "id": "US.TN.071", "population": 26034}}, {"geometry": {"type": "Polygon", "coordinates": [[[-9231, 4034], [-9221, 4037], [-9214, 4047], [-9181, 4056], [-9157, 4056], [-9165, 4038], [-9167, 4036], [-9182, 4031], [-9209, 4017], [-9220, 4025], [-9228, 4022], [-9231, 4034]]]}, "type": "Feature", "properties": {"name": "Hawkins County", "stateAbbrev": "TN", "state": "Tennessee", "fips": "073", "incits": "47073", "id": "US.TN.073", "population": 56800}}, {"geometry": {"type": "Polygon", "coordinates": [[[-9822, 3944], [-9821, 3967], [-9818, 3971], [-9774, 3970], [-9775, 3947], [-9781, 3938], [-9781, 3926], [-9794, 3926], [-9799, 3933], [-9822, 3944]]]}, "type": "Feature", "properties": {"name": "Henderson County", "stateAbbrev": "TN", "state": "Tennessee", "fips": "077", "incits": "47077", "id": "US.TN.077", "population": 28048}}, {"geometry": {"type": "Polygon", "coordinates": [[[-9813, 4007], [-9811, 4046], [-9760, 4046], [-9753, 4030], [-9765, 4030], [-9764, 4019], [-9778, 4004], [-9813, 4007]]]}, "type": "Feature", "properties": {"name": "Henry County", "stateAbbrev": "TN", "state": "Tennessee", "fips": "079", "incits": "47079", "id": "US.TN.079", "population": 32210}}, {"geometry": {"type": "Polygon", "coordinates": [[[-9723, 3972], [-9722, 3980], [-9703, 3990], [-9666, 3986], [-9667, 3974], [-9669, 3960], [-9681, 3953], [-9694, 3948], [-9708, 3952], [-9716, 3947], [-9726, 3953], [-9723, 3972]]]}, "type": "Feature", "properties": {"name": "Hickman County", "stateAbbrev": "TN", "state": "Tennessee", "fips": "081", "incits": "47081", "id": "US.TN.081", "population": 24267}}, {"geometry": {"type": "Polygon", "coordinates": [[[-9752, 4030], [-9734, 4027], [-9709, 4031], [-9701, 4027], [-9706, 4010], [-9725, 4017], [-9749, 4017], [-9752, 4030]]]}, "type": "Feature", "properties": {"name": "Houston County", "stateAbbrev": "TN", "state": "Tennessee", "fips": "083", "incits": "47083", "id": "US.TN.083", "population": 8292}}, {"geometry": {"type": "Polygon", "coordinates": [[[-9749, 4017], [-9725, 4017], [-9706, 4010], [-9703, 3990], [-9722, 3980], [-9723, 3972], [-9738, 3969], [-9750, 3973], [-9746, 3983], [-9754, 3994], [-9745, 4004], [-9749, 4017]]]}, "type": "Feature", "properties": {"name": "Humphreys County", "stateAbbrev": "TN", "state": "Tennessee", "fips": "085", "incits": "47085", "id": "US.TN.085", "population": 18243}}, {"geometry": {"type": "Polygon", "coordinates": [[[-9087, 4047], [-9070, 4058], [-9050, 4058], [-9055, 4042], [-9066, 4030], [-9082, 4020], [-9093, 4033], [-9087, 4047]]]}, "type": "Feature", "properties": {"name": "Johnson County", "stateAbbrev": "TN", "state": "Tennessee", "fips": "091", "incits": "47091", "id": "US.TN.091", "population": 17977}}, {"geometry": {"type": "Polygon", "coordinates": [[[-9904, 4046], [-9912, 4019], [-9919, 4014], [-9935, 4011], [-9924, 4020], [-9925, 4037], [-9904, 4046]]]}, "type": "Feature", "properties": {"name": "Lake County", "stateAbbrev": "TN", "state": "Tennessee", "fips": "095", "incits": "47095", "id": "US.TN.095", "population": 7731}}, {"geometry": {"type": "Polygon", "coordinates": [[[-9555, 4061], [-9509, 4059], [-9512, 4046], [-9513, 4036], [-9530, 4038], [-9551, 4040], [-9558, 4044], [-9555, 4061]]]}, "type": "Feature", "properties": {"name": "Macon County", "stateAbbrev": "TN", "state": "Tennessee", "fips": "111", "incits": "47111", "id": "US.TN.111", "population": 22701}}, {"geometry": {"type": "Polygon", "coordinates": [[[-9874, 3927], [-9873, 3956], [-9867, 3954], [-9856, 3968], [-9832, 3967], [-9821, 3967], [-9822, 3944], [-9829, 3934], [-9847, 3927], [-9874, 3927]]]}, "type": "Feature", "properties": {"name": "Madison County", "stateAbbrev": "TN", "state": "Tennessee", "fips": "113", "incits": "47113", "id": "US.TN.113", "population": 98733}}, {"geometry": {"type": "Polygon", "coordinates": [[[-9841, 3879], [-9841, 3907], [-9828, 3917], [-9812, 3922], [-9794, 3922], [-9796, 3879], [-9841, 3879]]]}, "type": "Feature", "properties": {"name": "McNairy County", "stateAbbrev": "TN", "state": "Tennessee", "fips": "109", "incits": "47109", "id": "US.TN.109", "population": 26140}}, {"geometry": {"type": "Polygon", "coordinates": [[[-9714, 4061], [-9656, 4062], [-9657, 4041], [-9675, 4026], [-9701, 4027], [-9709, 4031], [-9714, 4061]]]}, "type": "Feature", "properties": {"name": "Montgomery County", "stateAbbrev": "TN", "state": "Tennessee", "fips": "125", "incits": "47125", "id": "US.TN.125", "population": 184119}}, {"geometry": {"type": "Polygon", "coordinates": [[[-9904, 4046], [-9846, 4046], [-9845, 4036], [-9859, 4036], [-9860, 4015], [-9882, 4013], [-9919, 4014], [-9912, 4019], [-9904, 4046]]]}, "type": "Feature", "properties": {"name": "Obion County", "stateAbbrev": "TN", "state": "Tennessee", "fips": "131", "incits": "47131", "id": "US.TN.131", "population": 31131}}, {"geometry": {"type": "Polygon", "coordinates": [[[-9751, 3970], [-9750, 3973], [-9738, 3969], [-9723, 3972], [-9726, 3953], [-9716, 3947], [-9723, 3933], [-9752, 3930], [-9755, 3926], [-9751, 3936], [-9758, 3948], [-9758, 3960], [-9751, 3970]]]}, "type": "Feature", "properties": {"name": "Perry County", "stateAbbrev": "TN", "state": "Tennessee", "fips": "135", "incits": "47135", "id": "US.TN.135", "population": 7869}}, {"geometry": {"type": "Polygon", "coordinates": [[[-9453, 4050], [-9452, 4060], [-9398, 4057], [-9392, 4049], [-9408, 4054], [-9427, 4052], [-9435, 4036], [-9453, 4050]]]}, "type": "Feature", "properties": {"name": "Pickett County", "stateAbbrev": "TN", "state": "Tennessee", "fips": "137", "incits": "47137", "id": "US.TN.137", "population": 5090}}, {"geometry": {"type": "Polygon", "coordinates": [[[-9656, 4062], [-9598, 4063], [-9595, 4061], [-9610, 4036], [-9616, 4035], [-9624, 4029], [-9634, 4033], [-9642, 4031], [-9657, 4041], [-9656, 4062]]]}, "type": "Feature", "properties": {"name": "Robertson County", "stateAbbrev": "TN", "state": "Tennessee", "fips": "147", "incits": "47147", "id": "US.TN.147", "population": 67383}}, {"geometry": {"type": "Polygon", "coordinates": [[[-9398, 4057], [-9340, 4056], [-9339, 4047], [-9350, 4042], [-9347, 4022], [-9352, 4014], [-9360, 4008], [-9374, 4017], [-9388, 4031], [-9392, 4049], [-9398, 4057]]]}, "type": "Feature", "properties": {"name": "Scott County", "stateAbbrev": "TN", "state": "Tennessee", "fips": "151", "incits": "47151", "id": "US.TN.151", "population": 22015}}, {"geometry": {"type": "Polygon", "coordinates": [[[-9714, 4061], [-9709, 4031], [-9734, 4027], [-9752, 4030], [-9753, 4030], [-9760, 4046], [-9762, 4065], [-9714, 4061]]]}, "type": "Feature", "properties": {"name": "Stewart County", "stateAbbrev": "TN", "state": "Tennessee", "fips": "161", "incits": "47161", "id": "US.TN.161", "population": 13362}}, {"geometry": {"type": "Polygon", "coordinates": [[[-9157, 4056], [-9082, 4056], [-9070, 4058], [-9087, 4047], [-9110, 4035], [-9122, 4034], [-9138, 4040], [-9165, 4038], [-9157, 4056]]]}, "type": "Feature", "properties": {"name": "Sullivan County", "stateAbbrev": "TN", "state": "Tennessee", "fips": "163", "incits": "47163", "id": "US.TN.163", "population": 156595}}, {"geometry": {"type": "Polygon", "coordinates": [[[-9616, 4035], [-9610, 4036], [-9595, 4061], [-9589, 4063], [-9555, 4061], [-9558, 4044], [-9564, 4029], [-9572, 4030], [-9598, 4017], [-9616, 4035]]]}, "type": "Feature", "properties": {"name": "Sumner County", "stateAbbrev": "TN", "state": "Tennessee", "fips": "165", "incits": "47165", "id": "US.TN.165", "population": 168888}}, {"geometry": {"type": "Polygon", "coordinates": [[[-9860, 4015], [-9859, 4036], [-9845, 4036], [-9846, 4046], [-9811, 4046], [-9813, 4007], [-9831, 3997], [-9847, 4004], [-9860, 4015]]]}, "type": "Feature", "properties": {"name": "Weakley County", "stateAbbrev": "TN", "state": "Tennessee", "fips": "183", "incits": "47183", "id": "US.TN.183", "population": 34450}}, {"geometry": {"type": "Polygon", "coordinates": [[[-9667, 3974], [-9666, 3986], [-9664, 3996], [-9649, 3995], [-9620, 3994], [-9601, 3987], [-9602, 3969], [-9608, 3958], [-9619, 3958], [-9667, 3974]]]}, "type": "Feature", "properties": {"name": "Williamson County", "stateAbbrev": "TN", "state": "Tennessee", "fips": "187", "incits": "47187", "id": "US.TN.187", "population": 198901}}, {"geometry": {"type": "Polygon", "coordinates": [[[-9723, 3933], [-9716, 3947], [-9708, 3952], [-9694, 3948], [-9681, 3953], [-9675, 3940], [-9676, 3929], [-9707, 3924], [-9723, 3933]]]}, "type": "Feature", "properties": {"name": "Lewis County", "stateAbbrev": "TN", "state": "Tennessee", "fips": "101", "incits": "47101", "id": "US.TN.101", "population": 11961}}, {"geometry": {"type": "Polygon", "coordinates": [[[-9423, 3925], [-9413, 3928], [-9400, 3945], [-9391, 3963], [-9379, 3951], [-9400, 3930], [-9406, 3918], [-9416, 3911], [-9423, 3925]]]}, "type": "Feature", "properties": {"name": "Meigs County", "stateAbbrev": "TN", "state": "Tennessee", "fips": "121", "incits": "47121", "id": "US.TN.121", "population": 11649}}, {"geometry": {"type": "Polygon", "coordinates": [[[-9360, 4008], [-9352, 4014], [-9336, 4017], [-9319, 4016], [-9312, 4020], [-9304, 4011], [-9333, 3990], [-9341, 3980], [-9349, 3996], [-9360, 4008]]]}, "type": "Feature", "properties": {"name": "Anderson County", "stateAbbrev": "TN", "state": "Tennessee", "fips": "001", "incits": "47001", "id": "US.TN.001", "population": 75542}}, {"geometry": {"type": "Polygon", "coordinates": [[[-9603, 3956], [-9585, 3951], [-9570, 3953], [-9560, 3950], [-9561, 3925], [-9582, 3915], [-9591, 3919], [-9599, 3920], [-9605, 3928], [-9603, 3956]]]}, "type": "Feature", "properties": {"name": "Bedford County", "stateAbbrev": "TN", "state": "Tennessee", "fips": "003", "incits": "47003", "id": "US.TN.003", "population": 45901}}, {"geometry": {"type": "Polygon", "coordinates": [[[-9469, 3942], [-9451, 3959], [-9450, 3965], [-9411, 3965], [-9434, 3943], [-9437, 3930], [-9447, 3919], [-9466, 3934], [-9469, 3942]]]}, "type": "Feature", "properties": {"name": "Bledsoe County", "stateAbbrev": "TN", "state": "Tennessee", "fips": "007", "incits": "47007", "id": "US.TN.007", "population": 12841}}, {"geometry": {"type": "Polygon", "coordinates": [[[-9332, 3947], [-9326, 3953], [-9329, 3969], [-9305, 3976], [-9288, 3978], [-9273, 3956], [-9273, 3943], [-9285, 3942], [-9306, 3931], [-9332, 3947]]]}, "type": "Feature", "properties": {"name": "Blount County", "stateAbbrev": "TN", "state": "Tennessee", "fips": "009", "incits": "47009", "id": "US.TN.009", "population": 125099}}, {"geometry": {"type": "Polygon", "coordinates": [[[-9416, 3911], [-9406, 3918], [-9389, 3906], [-9389, 3898], [-9397, 3878], [-9419, 3878], [-9425, 3894], [-9416, 3911]]]}, "type": "Feature", "properties": {"name": "Bradley County", "stateAbbrev": "TN", "state": "Tennessee", "fips": "011", "incits": "47011", "id": "US.TN.011", "population": 101848}}, {"geometry": {"type": "Polygon", "coordinates": [[[-9557, 3958], [-9552, 3965], [-9549, 3985], [-9534, 3986], [-9519, 3972], [-9531, 3961], [-9531, 3952], [-9542, 3951], [-9557, 3958]]]}, "type": "Feature", "properties": {"name": "Cannon County", "stateAbbrev": "TN", "state": "Tennessee", "fips": "015", "incits": "47015", "id": "US.TN.015", "population": 13775}}, {"geometry": {"type": "Polygon", "coordinates": [[[-9234, 3979], [-9226, 4000], [-9218, 4010], [-9189, 3984], [-9189, 3976], [-9199, 3965], [-9209, 3967], [-9228, 3959], [-9234, 3979]]]}, "type": "Feature", "properties": {"name": "Cocke County", "stateAbbrev": "TN", "state": "Tennessee", "fips": "029", "incits": "47029", "id": "US.TN.029", "population": 35479}}, {"geometry": {"type": "Polygon", "coordinates": [[[-9561, 3925], [-9560, 3950], [-9557, 3958], [-9542, 3951], [-9531, 3952], [-9519, 3938], [-9518, 3922], [-9523, 3912], [-9550, 3920], [-9561, 3916], [-9561, 3925]]]}, "type": "Feature", "properties": {"name": "Coffee County", "stateAbbrev": "TN", "state": "Tennessee", "fips": "031", "incits": "47031", "id": "US.TN.031", "population": 53357}}, {"geometry": {"type": "Polygon", "coordinates": [[[-9451, 3988], [-9448, 4002], [-9433, 4006], [-9411, 4008], [-9391, 3990], [-9386, 3980], [-9397, 3971], [-9411, 3965], [-9450, 3965], [-9447, 3977], [-9451, 3988]]]}, "type": "Feature", "properties": {"name": "Cumberland County", "stateAbbrev": "TN", "state": "Tennessee", "fips": "035", "incits": "47035", "id": "US.TN.035", "population": 57466}}, {"geometry": {"type": "Polygon", "coordinates": [[[-9538, 4000], [-9511, 4005], [-9493, 3992], [-9492, 3977], [-9497, 3972], [-9519, 3972], [-9534, 3986], [-9538, 4000]]]}, "type": "Feature", "properties": {"name": "DeKalb County", "stateAbbrev": "TN", "state": "Tennessee", "fips": "041", "incits": "47041", "id": "US.TN.041", "population": 19164}}, {"geometry": {"type": "Polygon", "coordinates": [[[-9477, 4035], [-9470, 4046], [-9453, 4050], [-9435, 4036], [-9431, 4012], [-9435, 4006], [-9444, 4007], [-9468, 4017], [-9476, 4024], [-9477, 4035]]]}, "type": "Feature", "properties": {"name": "Fentress County", "stateAbbrev": "TN", "state": "Tennessee", "fips": "049", "incits": "47049", "id": "US.TN.049", "population": 17909}}, {"geometry": {"type": "Polygon", "coordinates": [[[-9561, 3916], [-9550, 3920], [-9523, 3912], [-9518, 3904], [-9517, 3878], [-9568, 3878], [-9567, 3894], [-9561, 3916]]]}, "type": "Feature", "properties": {"name": "Franklin County", "stateAbbrev": "TN", "state": "Tennessee", "fips": "051", "incits": "47051", "id": "US.TN.051", "population": 41129}}, {"geometry": {"type": "Polygon", "coordinates": [[[-9666, 3927], [-9657, 3930], [-9639, 3926], [-9624, 3909], [-9625, 3879], [-9668, 3879], [-9666, 3927]]]}, "type": "Feature", "properties": {"name": "Giles County", "stateAbbrev": "TN", "state": "Tennessee", "fips": "055", "incits": "47055", "id": "US.TN.055", "population": 28746}}, {"geometry": {"type": "Polygon", "coordinates": [[[-9281, 4009], [-9274, 4028], [-9252, 4031], [-9243, 4036], [-9231, 4034], [-9228, 4022], [-9236, 4023], [-9252, 4010], [-9262, 4010], [-9274, 3999], [-9281, 4009]]]}, "type": "Feature", "properties": {"name": "Grainger County", "stateAbbrev": "TN", "state": "Tennessee", "fips": "057", "incits": "47057", "id": "US.TN.057", "population": 22702}}, {"geometry": {"type": "Polygon", "coordinates": [[[-9218, 4010], [-9209, 4017], [-9182, 4031], [-9167, 4036], [-9159, 4037], [-9161, 4007], [-9155, 4001], [-9156, 3995], [-9159, 3998], [-9189, 3984], [-9218, 4010]]]}, "type": "Feature", "properties": {"name": "Greene County", "stateAbbrev": "TN", "state": "Tennessee", "fips": "059", "incits": "47059", "id": "US.TN.059", "population": 68267}}, {"geometry": {"type": "Polygon", "coordinates": [[[-9523, 3912], [-9518, 3922], [-9519, 3938], [-9488, 3938], [-9475, 3925], [-9484, 3915], [-9500, 3912], [-9504, 3903], [-9518, 3904], [-9523, 3912]]]}, "type": "Feature", "properties": {"name": "Grundy County", "stateAbbrev": "TN", "state": "Tennessee", "fips": "061", "incits": "47061", "id": "US.TN.061", "population": 13498}}, {"geometry": {"type": "Polygon", "coordinates": [[[-9228, 4022], [-9220, 4025], [-9209, 4017], [-9218, 4010], [-9226, 4000], [-9232, 4006], [-9252, 4010], [-9236, 4023], [-9228, 4022]]]}, "type": "Feature", "properties": {"name": "Hamblen County", "stateAbbrev": "TN", "state": "Tennessee", "fips": "063", "incits": "47063", "id": "US.TN.063", "population": 63074}}, {"geometry": {"type": "Polygon", "coordinates": [[[-9474, 3878], [-9464, 3885], [-9464, 3896], [-9447, 3919], [-9437, 3930], [-9423, 3925], [-9416, 3911], [-9425, 3894], [-9419, 3878], [-9474, 3878]]]}, "type": "Feature", "properties": {"name": "Hamilton County", "stateAbbrev": "TN", "state": "Tennessee", "fips": "065", "incits": "47065", "id": "US.TN.065", "population": 348673}}, {"geometry": {"type": "Polygon", "coordinates": [[[-9513, 4036], [-9512, 4046], [-9486, 4043], [-9477, 4035], [-9476, 4024], [-9490, 4014], [-9509, 4017], [-9515, 4022], [-9513, 4036]]]}, "type": "Feature", "properties": {"name": "Jackson County", "stateAbbrev": "TN", "state": "Tennessee", "fips": "087", "incits": "47087", "id": "US.TN.087", "population": 11517}}, {"geometry": {"type": "Polygon", "coordinates": [[[-9274, 3999], [-9262, 4010], [-9252, 4010], [-9232, 4006], [-9226, 4000], [-9234, 3979], [-9252, 3982], [-9275, 3995], [-9274, 3999]]]}, "type": "Feature", "properties": {"name": "Jefferson County", "stateAbbrev": "TN", "state": "Tennessee", "fips": "089", "incits": "47089", "id": "US.TN.089", "population": 52123}}, {"geometry": {"type": "Polygon", "coordinates": [[[-9341, 3980], [-9333, 3990], [-9304, 4011], [-9281, 4009], [-9274, 3999], [-9275, 3995], [-9272, 3987], [-9288, 3978], [-9305, 3976], [-9329, 3969], [-9340, 3979], [-9341, 3980]]]}, "type": "Feature", "properties": {"name": "Knox County", "stateAbbrev": "TN", "state": "Tennessee", "fips": "093", "incits": "47093", "id": "US.TN.093", "population": 444622}}, {"geometry": {"type": "Polygon", "coordinates": [[[-9707, 3924], [-9676, 3929], [-9666, 3927], [-9668, 3879], [-9711, 3880], [-9709, 3886], [-9707, 3924]]]}, "type": "Feature", "properties": {"name": "Lawrence County", "stateAbbrev": "TN", "state": "Tennessee", "fips": "099", "incits": "47099", "id": "US.TN.099", "population": 41990}}, {"geometry": {"type": "Polygon", "coordinates": [[[-9625, 3879], [-9624, 3909], [-9615, 3907], [-9599, 3920], [-9591, 3919], [-9576, 3906], [-9567, 3894], [-9568, 3878], [-9625, 3879]]]}, "type": "Feature", "properties": {"name": "Lincoln County", "stateAbbrev": "TN", "state": "Tennessee", "fips": "103", "incits": "47103", "id": "US.TN.103", "population": 33633}}, {"geometry": {"type": "Polygon", "coordinates": [[[-9376, 3951], [-9348, 3977], [-9340, 3979], [-9329, 3969], [-9326, 3953], [-9332, 3947], [-9344, 3952], [-9367, 3953], [-9369, 3949], [-9376, 3951]]]}, "type": "Feature", "properties": {"name": "Loudon County", "stateAbbrev": "TN", "state": "Tennessee", "fips": "105", "incits": "47105", "id": "US.TN.105", "population": 50448}}, {"geometry": {"type": "Polygon", "coordinates": [[[-9518, 3904], [-9504, 3903], [-9500, 3912], [-9484, 3915], [-9472, 3909], [-9464, 3896], [-9464, 3885], [-9474, 3878], [-9517, 3878], [-9518, 3904]]]}, "type": "Feature", "properties": {"name": "Marion County", "stateAbbrev": "TN", "state": "Tennessee", "fips": "115", "incits": "47115", "id": "US.TN.115", "population": 28374}}, {"geometry": {"type": "Polygon", "coordinates": [[[-9639, 3926], [-9627, 3938], [-9619, 3958], [-9608, 3958], [-9603, 3956], [-9605, 3928], [-9599, 3920], [-9615, 3907], [-9624, 3909], [-9639, 3926]]]}, "type": "Feature", "properties": {"name": "Marshall County", "stateAbbrev": "TN", "state": "Tennessee", "fips": "117", "incits": "47117", "id": "US.TN.117", "population": 31130}}, {"geometry": {"type": "Polygon", "coordinates": [[[-9406, 3918], [-9400, 3930], [-9379, 3951], [-9376, 3951], [-9369, 3949], [-9356, 3924], [-9366, 3911], [-9389, 3906], [-9406, 3918]]]}, "type": "Feature", "properties": {"name": "McMinn County", "stateAbbrev": "TN", "state": "Tennessee", "fips": "107", "incits": "47107", "id": "US.TN.107", "population": 52341}}, {"geometry": {"type": "Polygon", "coordinates": [[[-9369, 3949], [-9367, 3953], [-9344, 3952], [-9332, 3947], [-9306, 3931], [-9313, 3924], [-9313, 3913], [-9322, 3907], [-9343, 3902], [-9366, 3911], [-9356, 3924], [-9369, 3949]]]}, "type": "Feature", "properties": {"name": "Monroe County", "stateAbbrev": "TN", "state": "Tennessee", "fips": "123", "incits": "47123", "id": "US.TN.123", "population": 45265}}, {"geometry": {"type": "Polygon", "coordinates": [[[-9591, 3919], [-9582, 3915], [-9561, 3925], [-9561, 3916], [-9567, 3894], [-9576, 3906], [-9591, 3919]]]}, "type": "Feature", "properties": {"name": "Moore County", "stateAbbrev": "TN", "state": "Tennessee", "fips": "127", "incits": "47127", "id": "US.TN.127", "population": 6301}}, {"geometry": {"type": "Polygon", "coordinates": [[[-9388, 4031], [-9374, 4017], [-9360, 4008], [-9349, 3996], [-9360, 3989], [-9386, 3980], [-9391, 3990], [-9411, 4008], [-9408, 4022], [-9388, 4031]]]}, "type": "Feature", "properties": {"name": "Morgan County", "stateAbbrev": "TN", "state": "Tennessee", "fips": "129", "incits": "47129", "id": "US.TN.129", "population": 21915}}, {"geometry": {"type": "Polygon", "coordinates": [[[-9435, 4036], [-9427, 4052], [-9408, 4054], [-9392, 4049], [-9388, 4031], [-9408, 4022], [-9411, 4008], [-9433, 4006], [-9435, 4006], [-9431, 4012], [-9435, 4036]]]}, "type": "Feature", "properties": {"name": "Overton County", "stateAbbrev": "TN", "state": "Tennessee", "fips": "133", "incits": "47133", "id": "US.TN.133", "population": 22075}}, {"geometry": {"type": "Polygon", "coordinates": [[[-9397, 3878], [-9389, 3898], [-9389, 3906], [-9366, 3911], [-9343, 3902], [-9346, 3878], [-9397, 3878]]]}, "type": "Feature", "properties": {"name": "Polk County", "stateAbbrev": "TN", "state": "Tennessee", "fips": "139", "incits": "47139", "id": "US.TN.139", "population": 16690}}, {"geometry": {"type": "Polygon", "coordinates": [[[-9511, 4005], [-9509, 4017], [-9490, 4014], [-9476, 4024], [-9468, 4017], [-9444, 4007], [-9435, 4006], [-9433, 4006], [-9448, 4002], [-9451, 3988], [-9456, 3994], [-9478, 4000], [-9493, 3992], [-9511, 4005]]]}, "type": "Feature", "properties": {"name": "Putnam County", "stateAbbrev": "TN", "state": "Tennessee", "fips": "141", "incits": "47141", "id": "US.TN.141", "population": 73525}}, {"geometry": {"type": "Polygon", "coordinates": [[[-9411, 3965], [-9397, 3971], [-9391, 3963], [-9400, 3945], [-9413, 3928], [-9423, 3925], [-9437, 3930], [-9434, 3943], [-9411, 3965]]]}, "type": "Feature", "properties": {"name": "Rhea County", "stateAbbrev": "TN", "state": "Tennessee", "fips": "143", "incits": "47143", "id": "US.TN.143", "population": 32513}}, {"geometry": {"type": "Polygon", "coordinates": [[[-9397, 3971], [-9386, 3980], [-9360, 3989], [-9349, 3996], [-9341, 3980], [-9340, 3979], [-9348, 3977], [-9376, 3951], [-9379, 3951], [-9391, 3963], [-9397, 3971]]]}, "type": "Feature", "properties": {"name": "Roane County", "stateAbbrev": "TN", "state": "Tennessee", "fips": "145", "incits": "47145", "id": "US.TN.145", "population": 53047}}, {"geometry": {"type": "Polygon", "coordinates": [[[-9601, 3987], [-9590, 4001], [-9564, 3987], [-9549, 3985], [-9552, 3965], [-9557, 3958], [-9560, 3950], [-9570, 3953], [-9585, 3951], [-9603, 3956], [-9608, 3958], [-9602, 3969], [-9601, 3987]]]}, "type": "Feature", "properties": {"name": "Rutherford County", "stateAbbrev": "TN", "state": "Tennessee", "fips": "149", "incits": "47149", "id": "US.TN.149", "population": 281029}}, {"geometry": {"type": "Polygon", "coordinates": [[[-9488, 3938], [-9483, 3939], [-9469, 3942], [-9466, 3934], [-9447, 3919], [-9464, 3896], [-9472, 3909], [-9484, 3915], [-9475, 3925], [-9488, 3938]]]}, "type": "Feature", "properties": {"name": "Sequatchie County", "stateAbbrev": "TN", "state": "Tennessee", "fips": "153", "incits": "47153", "id": "US.TN.153", "population": 14681}}, {"geometry": {"type": "Polygon", "coordinates": [[[-9288, 3978], [-9272, 3987], [-9275, 3995], [-9252, 3982], [-9234, 3979], [-9228, 3959], [-9235, 3952], [-9255, 3942], [-9273, 3943], [-9273, 3956], [-9288, 3978]]]}, "type": "Feature", "properties": {"name": "Sevier County", "stateAbbrev": "TN", "state": "Tennessee", "fips": "155", "incits": "47155", "id": "US.TN.155", "population": 93570}}, {"geometry": {"type": "Polygon", "coordinates": [[[-9548, 4023], [-9530, 4038], [-9513, 4036], [-9515, 4022], [-9509, 4017], [-9511, 4005], [-9538, 4000], [-9548, 4023]]]}, "type": "Feature", "properties": {"name": "Smith County", "stateAbbrev": "TN", "state": "Tennessee", "fips": "159", "incits": "47159", "id": "US.TN.159", "population": 19074}}, {"geometry": {"type": "Polygon", "coordinates": [[[-9558, 4044], [-9551, 4040], [-9530, 4038], [-9548, 4023], [-9564, 4029], [-9558, 4044]]]}, "type": "Feature", "properties": {"name": "Trousdale County", "stateAbbrev": "TN", "state": "Tennessee", "fips": "169", "incits": "47169", "id": "US.TN.169", "population": 7828}}, {"geometry": {"type": "Polygon", "coordinates": [[[-9156, 3995], [-9155, 4001], [-9138, 4007], [-9127, 4018], [-9114, 4008], [-9134, 4000], [-9150, 3986], [-9156, 3995]]]}, "type": "Feature", "properties": {"name": "Unicoi County", "stateAbbrev": "TN", "state": "Tennessee", "fips": "171", "incits": "47171", "id": "US.TN.171", "population": 18082}}, {"geometry": {"type": "Polygon", "coordinates": [[[-9312, 4020], [-9300, 4037], [-9289, 4039], [-9274, 4028], [-9281, 4009], [-9304, 4011], [-9312, 4020]]]}, "type": "Feature", "properties": {"name": "Union County", "stateAbbrev": "TN", "state": "Tennessee", "fips": "173", "incits": "47173", "id": "US.TN.173", "population": 19102}}, {"geometry": {"type": "Polygon", "coordinates": [[[-9488, 3968], [-9474, 3971], [-9450, 3965], [-9451, 3959], [-9469, 3942], [-9483, 3939], [-9487, 3948], [-9488, 3968]]]}, "type": "Feature", "properties": {"name": "Van Buren County", "stateAbbrev": "TN", "state": "Tennessee", "fips": "175", "incits": "47175", "id": "US.TN.175", "population": 5583}}, {"geometry": {"type": "Polygon", "coordinates": [[[-9519, 3972], [-9497, 3972], [-9488, 3968], [-9487, 3948], [-9483, 3939], [-9488, 3938], [-9519, 3938], [-9531, 3952], [-9531, 3961], [-9519, 3972]]]}, "type": "Feature", "properties": {"name": "Warren County", "stateAbbrev": "TN", "state": "Tennessee", "fips": "177", "incits": "47177", "id": "US.TN.177", "population": 39965}}, {"geometry": {"type": "Polygon", "coordinates": [[[-9167, 4036], [-9165, 4038], [-9138, 4040], [-9122, 4034], [-9127, 4018], [-9138, 4007], [-9155, 4001], [-9161, 4007], [-9159, 4037], [-9167, 4036]]]}, "type": "Feature", "properties": {"name": "Washington County", "stateAbbrev": "TN", "state": "Tennessee", "fips": "179", "incits": "47179", "id": "US.TN.179", "population": 125546}}, {"geometry": {"type": "Polygon", "coordinates": [[[-9757, 3923], [-9755, 3926], [-9752, 3930], [-9723, 3933], [-9707, 3924], [-9709, 3886], [-9711, 3880], [-9753, 3880], [-9752, 3912], [-9757, 3923]]]}, "type": "Feature", "properties": {"name": "Wayne County", "stateAbbrev": "TN", "state": "Tennessee", "fips": "181", "incits": "47181", "id": "US.TN.181", "population": 16939}}, {"geometry": {"type": "Polygon", "coordinates": [[[-9497, 3972], [-9492, 3977], [-9493, 3992], [-9478, 4000], [-9456, 3994], [-9451, 3988], [-9447, 3977], [-9450, 3965], [-9474, 3971], [-9488, 3968], [-9497, 3972]]]}, "type": "Feature", "properties": {"name": "White County", "stateAbbrev": "TN", "state": "Tennessee", "fips": "185", "incits": "47185", "id": "US.TN.185", "population": 26244}}, {"geometry": {"type": "Polygon", "coordinates": [[[-9598, 4017], [-9572, 4030], [-9564, 4029], [-9548, 4023], [-9538, 4000], [-9534, 3986], [-9549, 3985], [-9564, 3987], [-9590, 4001], [-9598, 4017]]]}, "type": "Feature", "properties": {"name": "Wilson County", "stateAbbrev": "TN", "state": "Tennessee", "fips": "189", "incits": "47189", "id": "US.TN.189", "population": 121945}}], "ac-tx": {"default": {"crs": "wsg84", "scale": 110.84211117256676, "xoffset": 0, "yoffset": 0}}}