{"type":"Topology","arcs":[[[107,703],[73,74],[58,-27],[41,76],[-12,85],[47,71]],[[314,982],[111,32]],[[425,1014],[42,-65],[-54,-82]],[[413,867],[-24,-30],[27,-60],[31,3]],[[447,780],[-53,-57],[22,-33]],[[416,690],[-42,-14],[-7,-57],[-95,-57],[-27,-82],[-46,-33],[34,-60],[-9,-46]],[[224,341],[-30,-68],[-68,21],[-21,126],[-20,30],[51,71],[-31,49],[-83,-17],[-22,30],[112,85],[-5,35]],[[168,1156],[26,-57],[61,-19],[59,-98]],[[107,703],[-17,14],[-15,134],[8,98],[-15,30],[41,158],[59,19]],[[887,758],[58,-22],[34,25],[44,-17]],[[1023,744],[-31,-81],[68,-148],[2,-73],[41,-11],[-34,-93]],[[1069,338],[-70,22],[-10,71],[-65,60]],[[924,491],[-56,147]],[[868,638],[19,120]],[[447,780],[59,43],[41,-40],[87,-6]],[[634,777],[22,-27]],[[656,750],[22,-63],[46,6],[44,-58]],[[768,635],[-92,-52]],[[676,583],[-115,101],[-70,-27],[-75,33]],[[676,583],[-3,-46],[-75,11],[-39,-55]],[[559,493],[-46,0],[-7,-81],[-61,-33]],[[445,379],[-71,-11],[-63,-49],[-66,-14],[-21,36]],[[705,322],[48,16],[51,-14],[71,11],[41,71],[8,85]],[[1069,338],[22,-27],[-26,-87],[4,-66],[-77,-30],[-90,44],[-37,-57],[3,-80],[-47,-5],[-26,57],[-63,14]],[[732,101],[21,46],[-48,175]],[[559,493],[68,-8],[58,-43],[20,-120]],[[732,101],[-37,-3],[-2,-63],[-29,-35],[-73,3],[-127,120],[49,51],[-27,110],[20,62],[-61,33]],[[365,1191],[87,-21],[61,-36],[-20,-57],[-68,-63]],[[168,1156],[17,35],[70,6],[54,-36],[56,30]],[[768,635],[56,-19],[44,22]],[[717,1129],[-22,-87],[20,-99],[-30,-16],[-124,-5],[-148,-55]],[[365,1191],[-22,71],[46,14],[107,-19],[61,-33],[92,-16],[68,-79]],[[1099,902],[-81,-30],[-68,55],[-43,-35],[-105,5]],[[802,897],[-36,30],[87,87],[-129,120]],[[724,1134],[37,27],[143,-40],[68,81],[37,-30],[19,-54],[-32,-49],[73,-47],[44,-54],[-14,-66]],[[717,1129],[7,5]],[[802,897],[-29,-49],[-129,-30],[-10,-41]],[[656,750],[83,13],[148,-5]],[[1099,902],[36,-54],[-112,-104]]],"transform":{"scale":[0.41145374449339206,0.3667711598746081],"translate":[9532,2168]},"objects":{"hunan":{"type":"GeometryCollection","geometries":[{"arcs":[[0,1,2,3,4,5,6]],"type":"Polygon","properties":{"admin_leve":"5","localname":"怀化市 / Huaihua","boundary":"administrative","id":"CN.hunan.2773826","name":"Huaihua City"}},{"arcs":[[7,-1,8]],"type":"Polygon","properties":{"admin_leve":"5","localname":"湘西州 / Xiangxi","boundary":"administrative","id":"CN.hunan.2972168","name":"Xiangxi Tujia and Miao Autonomous Prefecture"}},{"arcs":[[9,10,11,12,13]],"type":"Polygon","properties":{"admin_leve":"5","localname":"株洲市 / Zhuzhou","boundary":"administrative","id":"CN.hunan.2972720","name":"Zhuzhou City"}},{"arcs":[[14,15,16,17,18,-5]],"type":"Polygon","properties":{"admin_leve":"5","localname":"娄底市 / Loudi","boundary":"administrative","id":"CN.hunan.3070610","name":"Loudi City"}},{"arcs":[[-19,19,20,21,-6]],"type":"Polygon","properties":{"name":"Shaoyang City","admin_leve":"5","wikipedia":"en:Shaoyang","localname":"邵阳市 / Shaoyang","boundary":"administrative","id":"CN.hunan.3075378"}},{"arcs":[[22,-12,23,24]],"type":"Polygon","properties":{"admin_leve":"5","localname":"郴州市 (Chenzhou)","boundary":"administrative","id":"CN.hunan.3123920","name":"Chenzhou City"}},{"arcs":[[-21,25,-25,26]],"type":"Polygon","properties":{"admin_leve":"5","localname":"永州市 / Yongzhou","boundary":"administrative","id":"CN.hunan.3149752","name":"Yongzhou City"}},{"arcs":[[27,-2,-8,28]],"type":"Polygon","properties":{"admin_leve":"5","localname":"张家界市 / Zhangjiajie","boundary":"administrative","id":"CN.hunan.3152588","name":"Zhangjiajie City"}},{"arcs":[[-18,29,-13,-23,-26,-20]],"type":"Polygon","properties":{"admin_leve":"5","localname":"衡阳市 / Hengyang","boundary":"administrative","id":"CN.hunan.3156043","name":"Hengyang City"}},{"arcs":[[30,-3,-28,31]],"type":"Polygon","properties":{"admin_leve":"5","localname":"常德市 / Changde","boundary":"administrative","id":"CN.hunan.3161246","name":"Changde City"}},{"arcs":[[32,33,34]],"type":"Polygon","properties":{"name":"Yueyang City","admin_leve":"5","wikipedia":"en:Yueyang","localname":"岳阳市 / Yueyang","boundary":"administrative","id":"CN.hunan.3202467"}},{"arcs":[[-31,35,-34,36,-15,-4]],"type":"Polygon","properties":{"admin_leve":"5","localname":"益阳市 / Yiyang","boundary":"administrative","id":"CN.hunan.3202593","name":"Yiyang City"}},{"arcs":[[37,-14,-30,-17]],"type":"Polygon","properties":{"admin_leve":"5","localname":"湘潭市 / Xiangtan","boundary":"administrative","id":"CN.hunan.3202624","name":"Xiangtan City"}},{"arcs":[[-37,-33,38,-10,-38,-16]],"type":"Polygon","properties":{"admin_leve":"5","localname":"长沙市 / Changsha","boundary":"administrative","id":"CN.hunan.3202711","name":"Changsha City"}}]}},"crs":{"type":"name","properties":{"name":"urn:ogc:def:crs:EPSG:4326"}},"ac-tx":{"default":{"crs":"wsg84","scale":87.52041715268076,"xoffset":0,"yoffset":0}}}