{"type":"Topology","arcs":[[[328,1017],[-17,-39],[17,-76],[-155,-59],[0,-76],[31,-23],[-21,-82]],[[183,662],[-50,-69]],[[133,593],[-36,33],[-80,161],[-17,76],[26,26],[67,3],[106,60],[48,3],[19,39],[62,23]],[[929,1294],[40,46],[52,-23],[-7,-89],[38,-23],[-62,-92],[-42,-16]],[[948,1097],[-12,9]],[[936,1106],[-15,106],[8,82]],[[183,662],[78,-23],[60,-43],[61,43]],[[382,639],[110,-43],[128,-66],[-5,-53]],[[615,477],[-43,-29],[17,-129],[50,-6],[31,39],[33,-29]],[[703,323],[-19,-50]],[[684,273],[-59,-42],[-43,42],[-98,-19],[-121,6],[-102,73],[-24,-4],[-71,139],[-38,39],[5,86]],[[703,323],[150,-89],[85,105],[48,-16]],[[986,323],[42,-7],[29,-43],[64,10],[17,-82],[-12,-96],[-81,-46],[-24,-49],[-47,33],[-62,-43],[-109,82],[-67,0],[-50,96],[-2,95]],[[997,955],[31,-3],[26,-73],[112,10],[26,-66],[74,-52],[14,-60],[-43,-49],[-57,-26],[-35,56],[-67,42]],[[1078,734],[-109,-26],[0,69],[-43,20]],[[926,797],[3,135],[68,23]],[[620,1143],[45,33],[7,59]],[[672,1235],[69,-36]],[[741,1199],[14,-40],[71,-23]],[[826,1136],[-4,-59],[114,29]],[[948,1097],[-34,-50],[-2,-49]],[[912,998],[-21,-30],[-110,13]],[[781,981],[-73,-16],[-55,23]],[[653,988],[14,16],[-47,139]],[[449,985],[40,72]],[[489,1057],[131,86]],[[653,988],[-164,-40]],[[489,948],[-40,37]],[[328,1017],[14,-6]],[[342,1011],[90,-40],[17,14]],[[489,948],[31,-95],[-31,-40]],[[489,813],[-45,-125],[-62,-49]],[[615,477],[52,4],[10,69]],[[677,550],[123,20]],[[800,570],[31,-4],[93,-108]],[[924,458],[-3,-30],[65,-43],[0,-62]],[[489,813],[64,-23]],[[553,790],[105,-154]],[[658,636],[-26,-80],[45,-6]],[[781,981],[-19,-112],[-45,-59]],[[717,810],[-45,-16],[-64,36],[-55,-40]],[[717,810],[81,-26]],[[798,784],[9,-116],[-33,-9]],[[774,659],[-24,52],[-38,-13],[-54,-62]],[[912,998],[52,3],[33,-46]],[[926,797],[-38,-17],[-90,4]],[[774,659],[26,-89]],[[1078,734],[-12,-112],[-57,-66],[-4,-82],[-81,-16]],[[826,1136],[62,63],[-90,75],[-50,-10],[-7,-65]],[[672,1235],[0,92],[17,56],[45,-3],[195,-86]],[[342,1011],[7,53],[140,-7]]],"transform":{"scale":[0.42109375,0.3036876355748373],"translate":[9460,2696.9999999999995]},"objects":{"henan":{"type":"GeometryCollection","geometries":[{"arcs":[[0,1,2]],"type":"Polygon","properties":{"name":"Sanmenxia City","admin_leve":"5","wikipedia":"zh:三门峡市","localname":"三门峡 / Sanmenxia","boundary":"administrative","id":"CN.henan.2992284"}},{"arcs":[[3,4,5]],"type":"Polygon","properties":{"admin_leve":"5","localname":"濮阳市 / Puyang","boundary":"administrative","id":"CN.henan.3060567","name":"Puyang City"}},{"arcs":[[-2,6,7,8,9,10]],"type":"Polygon","properties":{"admin_leve":"5","localname":"南阳市 / Nanyang","boundary":"administrative","id":"CN.henan.3206852","name":"Nanyang City"}},{"arcs":[[-10,11,12]],"type":"Polygon","properties":{"name":"Xinyang City","admin_leve":"5","wikipedia":"en:Xinyang","localname":"信阳市 / Xinyang","boundary":"administrative","id":"CN.henan.3218104"}},{"arcs":[[13,14,15]],"type":"Polygon","properties":{"name":"Shangqiu City","admin_leve":"5","wikipedia":"en:Shangqiu","localname":"商丘市 / Shangqiu","boundary":"administrative","id":"CN.henan.3218285"}},{"arcs":[[16,17,18,19,-5,20,21,22,23]],"type":"Polygon","properties":{"name":"Xinxiang City","admin_leve":"5","wikipedia":"en:Xinxiang","localname":"新乡市 / Xinxiang","boundary":"administrative","id":"CN.henan.3237011"}},{"arcs":[[24,25,-24,26,27]],"type":"Polygon","properties":{"name":"Jiaozuo City","admin_leve":"5","wikipedia":"en:Jiaozuo","localname":"焦作市 / Jiaozuo","boundary":"administrative","id":"CN.henan.3237564"}},{"arcs":[[28,29,-28,30,31,-7,-1]],"type":"Polygon","properties":{"name":"Luoyang City","admin_leve":"5","wikipedia":"en:Luoyang","localname":"洛阳市 / Luoyang","boundary":"administrative","id":"CN.henan.3246491"}},{"arcs":[[32,33,34,35,-12,-9]],"type":"Polygon","properties":{"name":"Zhumadian City","admin_leve":"5","wikipedia":"en:Zhumadian","localname":"驻马店 / Zhumadian","boundary":"administrative","id":"CN.henan.3259366"}},{"arcs":[[-32,36,37,38,-33,-8]],"type":"Polygon","properties":{"name":"Pingdingshan City","admin_leve":"5","wikipedia":"en:Pingdingshan","localname":"平顶山市 / Pingdingshan","boundary":"administrative","id":"CN.henan.3259379"}},{"arcs":[[-27,-23,39,40,-37,-31]],"type":"Polygon","properties":{"name":"Zhengzhou City","admin_leve":"5","wikipedia":"en:Zhengzhou","localname":"郑州市 / Zhengzhou","boundary":"administrative","id":"CN.henan.3283765"}},{"arcs":[[-41,41,42,43,-38]],"type":"Polygon","properties":{"name":"Xuchang City","admin_leve":"5","wikipedia":"en:Xuchang","localname":"许昌市 / Xuchang","boundary":"administrative","id":"CN.henan.3283887"}},{"arcs":[[-22,44,-16,45,-42,-40]],"type":"Polygon","properties":{"name":"Kaifeng City","admin_leve":"5","wikipedia":"en:Kaifeng","localname":"开封市 / Kaifeng","boundary":"administrative","id":"CN.henan.3283913"}},{"arcs":[[-44,46,-34,-39]],"type":"Polygon","properties":{"name":"Luohe City","admin_leve":"5","wikipedia":"en:Luohe","localname":"漯河市 / Luohe","boundary":"administrative","id":"CN.henan.3284027"}},{"arcs":[[-43,-46,-15,47,-35,-47]],"type":"Polygon","properties":{"name":"Zhoukou City","admin_leve":"5","wikipedia":"en:Zhoukou","localname":"周口市 / Zhoukou","boundary":"administrative","id":"CN.henan.3284144"}},{"arcs":[[-6,-20,48,-18,49]],"type":"Polygon","properties":{"name":"Anyang City","admin_leve":"5","wikipedia":"en:Anyang","localname":"安阳市 / Anyang","boundary":"administrative","id":"CN.henan.4433277"}},{"arcs":[[-49,-19]],"type":"Polygon","properties":{"name":"Hebi City","admin_leve":"5","wikipedia":"en:Hebi","localname":"鹤壁市 / Hebi","boundary":"administrative","id":"CN.henan.4433278"}},{"arcs":[[50,-25,-30]],"type":"Polygon","properties":{"admin_leve":"6","localname":"济源市 (Jiyuan)","boundary":"administrative","id":"CN.henan.3010773","name":"Jiyuan City"}}]}},"crs":{"type":"name","properties":{"name":"urn:ogc:def:crs:EPSG:4326"}},"ac-tx":{"default":{"crs":"wsg84","scale":85.72422716735016,"xoffset":0,"yoffset":0}}}