{"crs": {"type": "name", "properties": {"name": "urn:ogc:def:crs:EPSG:4326"}}, "type": "FeatureCollection", "features": [{"geometry": {"type": "Polygon", "coordinates": [[[-9390, 3721], [-9375, 3719], [-9365, 3697], [-9365, 3684], [-9410, 3684], [-9405, 3694], [-9405, 3715], [-9390, 3721]]]}, "type": "Feature", "properties": {"name": "Asotin County", "stateAbbrev": "WA", "state": "Washington", "fips": "003", "incits": "53003", "id": "US.WA.003", "population": 22110}}, {"geometry": {"type": "Polygon", "coordinates": [[[-9440, 3735], [-9431, 3740], [-9402, 3736], [-9390, 3721], [-9405, 3715], [-9405, 3694], [-9410, 3684], [-9420, 3684], [-9420, 3712], [-9430, 3722], [-9440, 3722], [-9440, 3735]]]}, "type": "Feature", "properties": {"name": "Garfield County", "stateAbbrev": "WA", "state": "Washington", "fips": "023", "incits": "53023", "id": "US.WA.023", "population": 2256}}, {"geometry": {"type": "Polygon", "coordinates": [[[-9468, 3744], [-9455, 3746], [-9448, 3758], [-9448, 3785], [-9437, 3785], [-9375, 3785], [-9375, 3719], [-9390, 3721], [-9402, 3736], [-9431, 3740], [-9440, 3735], [-9465, 3729], [-9469, 3732], [-9468, 3744]]]}, "type": "Feature", "properties": {"name": "Whitman County", "stateAbbrev": "WA", "state": "Washington", "fips": "075", "incits": "53075", "id": "US.WA.075", "population": 46570}}, {"geometry": {"type": "Polygon", "coordinates": [[[-9470, 3732], [-9469, 3732], [-9465, 3729], [-9440, 3735], [-9440, 3722], [-9430, 3722], [-9420, 3712], [-9420, 3684], [-9451, 3685], [-9451, 3701], [-9461, 3701], [-9471, 3708], [-9470, 3732]]]}, "type": "Feature", "properties": {"name": "Columbia County", "stateAbbrev": "WA", "state": "Washington", "fips": "013", "incits": "53013", "id": "US.WA.013", "population": 4032}}, {"geometry": {"type": "Polygon", "coordinates": [[[-9568, 3739], [-9561, 3744], [-9468, 3744], [-9469, 3732], [-9470, 3732], [-9488, 3732], [-9501, 3725], [-9502, 3718], [-9514, 3708], [-9534, 3700], [-9548, 3704], [-9553, 3726], [-9568, 3739]]]}, "type": "Feature", "properties": {"name": "Franklin County", "stateAbbrev": "WA", "state": "Washington", "fips": "021", "incits": "53021", "id": "US.WA.021", "population": 86638}}, {"geometry": {"type": "Polygon", "coordinates": [[[-9470, 3732], [-9471, 3708], [-9461, 3701], [-9451, 3701], [-9451, 3685], [-9531, 3684], [-9527, 3691], [-9534, 3700], [-9514, 3708], [-9502, 3718], [-9501, 3725], [-9488, 3732], [-9470, 3732]]]}, "type": "Feature", "properties": {"name": "Walla Walla County", "stateAbbrev": "WA", "state": "Washington", "fips": "071", "incits": "53071", "id": "US.WA.071", "population": 59530}}, {"geometry": {"type": "Polygon", "coordinates": [[[-9437, 3785], [-9437, 3831], [-9428, 3833], [-9414, 3829], [-9415, 3848], [-9406, 3848], [-9375, 3848], [-9375, 3785], [-9437, 3785]]]}, "type": "Feature", "properties": {"name": "Spokane County", "stateAbbrev": "WA", "state": "Washington", "fips": "063", "incits": "53063", "id": "US.WA.063", "population": 479398}}, {"geometry": {"type": "Polygon", "coordinates": [[[-9406, 3925], [-9374, 3925], [-9375, 3848], [-9406, 3848], [-9412, 3855], [-9411, 3897], [-9416, 3912], [-9406, 3925]]]}, "type": "Feature", "properties": {"name": "Pend Oreille County", "stateAbbrev": "WA", "state": "Washington", "fips": "051", "incits": "53051", "id": "US.WA.051", "population": 12896}}, {"geometry": {"type": "Polygon", "coordinates": [[[-9467, 3925], [-9406, 3925], [-9416, 3912], [-9411, 3897], [-9412, 3855], [-9406, 3848], [-9415, 3848], [-9414, 3829], [-9428, 3833], [-9437, 3831], [-9458, 3829], [-9471, 3840], [-9479, 3836], [-9483, 3847], [-9472, 3848], [-9462, 3866], [-9468, 3882], [-9460, 3897], [-9468, 3914], [-9467, 3925]]]}, "type": "Feature", "properties": {"name": "Stevens County", "stateAbbrev": "WA", "state": "Washington", "fips": "065", "incits": "53065", "id": "US.WA.065", "population": 43430}}, {"geometry": {"type": "Polygon", "coordinates": [[[-9602, 3735], [-9568, 3739], [-9553, 3726], [-9548, 3704], [-9534, 3700], [-9527, 3691], [-9531, 3684], [-9542, 3679], [-9581, 3677], [-9601, 3671], [-9601, 3688], [-9602, 3735]]]}, "type": "Feature", "properties": {"name": "Benton County", "stateAbbrev": "WA", "state": "Washington", "fips": "005", "incits": "53005", "id": "US.WA.005", "population": 184486}}, {"geometry": {"type": "Polygon", "coordinates": [[[-9734, 3688], [-9659, 3688], [-9601, 3688], [-9601, 3671], [-9629, 3663], [-9652, 3660], [-9663, 3664], [-9687, 3657], [-9699, 3656], [-9734, 3663], [-9740, 3667], [-9741, 3688], [-9734, 3688]]]}, "type": "Feature", "properties": {"name": "Klickitat County", "stateAbbrev": "WA", "state": "Washington", "fips": "039", "incits": "53039", "id": "US.WA.039", "population": 20866}}, {"geometry": {"type": "Polygon", "coordinates": [[[-9518, 3925], [-9467, 3925], [-9468, 3914], [-9460, 3897], [-9468, 3882], [-9462, 3866], [-9472, 3848], [-9483, 3847], [-9479, 3836], [-9494, 3835], [-9510, 3837], [-9520, 3841], [-9518, 3925]]]}, "type": "Feature", "properties": {"name": "Ferry County", "stateAbbrev": "WA", "state": "Washington", "fips": "019", "incits": "53019", "id": "US.WA.019", "population": 7646}}, {"geometry": {"type": "Polygon", "coordinates": [[[-9530, 3786], [-9529, 3840], [-9520, 3841], [-9510, 3837], [-9494, 3835], [-9479, 3836], [-9471, 3840], [-9458, 3829], [-9437, 3831], [-9437, 3785], [-9448, 3785], [-9530, 3786]]]}, "type": "Feature", "properties": {"name": "Lincoln County", "stateAbbrev": "WA", "state": "Washington", "fips": "043", "incits": "53043", "id": "US.WA.043", "population": 10301}}, {"geometry": {"type": "Polygon", "coordinates": [[[-9680, 3925], [-9612, 3925], [-9518, 3925], [-9520, 3841], [-9529, 3840], [-9530, 3842], [-9528, 3846], [-9542, 3857], [-9559, 3849], [-9586, 3852], [-9603, 3849], [-9601, 3841], [-9618, 3846], [-9641, 3858], [-9643, 3864], [-9658, 3870], [-9668, 3887], [-9672, 3897], [-9666, 3900], [-9670, 3913], [-9680, 3925]]]}, "type": "Feature", "properties": {"name": "Okanogan County", "stateAbbrev": "WA", "state": "Washington", "fips": "047", "incits": "53047", "id": "US.WA.047", "population": 41193}}, {"geometry": {"type": "Polygon", "coordinates": [[[-9612, 3782], [-9612, 3790], [-9602, 3800], [-9574, 3800], [-9574, 3807], [-9559, 3814], [-9549, 3829], [-9549, 3836], [-9530, 3842], [-9529, 3840], [-9530, 3786], [-9530, 3757], [-9561, 3758], [-9561, 3744], [-9568, 3739], [-9602, 3735], [-9609, 3744], [-9606, 3750], [-9615, 3770], [-9612, 3782]]]}, "type": "Feature", "properties": {"name": "Grant County", "stateAbbrev": "WA", "state": "Washington", "fips": "025", "incits": "53025", "id": "US.WA.025", "population": 91878}}, {"geometry": {"type": "Polygon", "coordinates": [[[-9530, 3786], [-9448, 3785], [-9448, 3758], [-9455, 3746], [-9468, 3744], [-9561, 3744], [-9561, 3758], [-9530, 3757], [-9530, 3786]]]}, "type": "Feature", "properties": {"name": "Adams County", "stateAbbrev": "WA", "state": "Washington", "fips": "001", "incits": "53001", "id": "US.WA.001", "population": 19067}}, {"geometry": {"type": "Polygon", "coordinates": [[[-9734, 3688], [-9734, 3716], [-9723, 3735], [-9728, 3747], [-9729, 3758], [-9728, 3758], [-9722, 3771], [-9722, 3772], [-9703, 3766], [-9693, 3757], [-9663, 3758], [-9662, 3751], [-9652, 3744], [-9609, 3744], [-9602, 3735], [-9601, 3688], [-9659, 3688], [-9734, 3688]]]}, "type": "Feature", "properties": {"name": "Yakima County", "stateAbbrev": "WA", "state": "Washington", "fips": "077", "incits": "53077", "id": "US.WA.077", "population": 247044}}, {"geometry": {"type": "Polygon", "coordinates": [[[-9791, 3689], [-9791, 3715], [-9734, 3716], [-9734, 3688], [-9741, 3688], [-9740, 3667], [-9734, 3663], [-9757, 3661], [-9780, 3651], [-9792, 3648], [-9791, 3689]]]}, "type": "Feature", "properties": {"name": "Skamania County", "stateAbbrev": "WA", "state": "Washington", "fips": "059", "incits": "53059", "id": "US.WA.059", "population": 11274}}, {"geometry": {"type": "Polygon", "coordinates": [[[-9835, 3673], [-9831, 3678], [-9810, 3683], [-9800, 3681], [-9791, 3689], [-9792, 3648], [-9826, 3654], [-9833, 3657], [-9835, 3673]]]}, "type": "Feature", "properties": {"name": "Clark County", "stateAbbrev": "WA", "state": "Washington", "fips": "011", "incits": "53011", "id": "US.WA.011", "population": 443817}}, {"geometry": {"type": "Polygon", "coordinates": [[[-9870, 3715], [-9791, 3715], [-9791, 3689], [-9800, 3681], [-9810, 3683], [-9831, 3678], [-9835, 3673], [-9844, 3691], [-9861, 3699], [-9869, 3698], [-9870, 3715]]]}, "type": "Feature", "properties": {"name": "Cowlitz County", "stateAbbrev": "WA", "state": "Washington", "fips": "015", "incits": "53015", "id": "US.WA.015", "population": 101860}}, {"geometry": {"type": "Polygon", "coordinates": [[[-9882, 3748], [-9865, 3748], [-9865, 3746], [-9787, 3746], [-9758, 3743], [-9753, 3747], [-9728, 3747], [-9723, 3735], [-9734, 3716], [-9791, 3715], [-9870, 3715], [-9881, 3715], [-9882, 3748]]]}, "type": "Feature", "properties": {"name": "Lewis County", "stateAbbrev": "WA", "state": "Washington", "fips": "041", "incits": "53041", "id": "US.WA.041", "population": 75081}}, {"geometry": {"type": "Polygon", "coordinates": [[[-9701, 3812], [-9686, 3799], [-9643, 3785], [-9619, 3786], [-9612, 3782], [-9615, 3770], [-9606, 3750], [-9609, 3744], [-9652, 3744], [-9662, 3751], [-9663, 3758], [-9693, 3757], [-9703, 3766], [-9722, 3772], [-9716, 3780], [-9729, 3793], [-9722, 3801], [-9701, 3812]]]}, "type": "Feature", "properties": {"name": "Kittitas County", "stateAbbrev": "WA", "state": "Washington", "fips": "037", "incits": "53037", "id": "US.WA.037", "population": 41765}}, {"geometry": {"type": "Polygon", "coordinates": [[[-9815, 3797], [-9807, 3809], [-9807, 3827], [-9701, 3827], [-9701, 3812], [-9722, 3801], [-9729, 3793], [-9716, 3780], [-9722, 3772], [-9722, 3771], [-9755, 3779], [-9768, 3776], [-9783, 3785], [-9799, 3785], [-9815, 3797]]]}, "type": "Feature", "properties": {"name": "King County", "stateAbbrev": "WA", "state": "Washington", "fips": "033", "incits": "53033", "id": "US.WA.033", "population": 2044449}}, {"geometry": {"type": "Polygon", "coordinates": [[[-9836, 3797], [-9815, 3797], [-9799, 3785], [-9783, 3785], [-9768, 3776], [-9755, 3779], [-9722, 3771], [-9728, 3758], [-9729, 3758], [-9728, 3747], [-9753, 3747], [-9758, 3743], [-9787, 3746], [-9808, 3753], [-9822, 3764], [-9822, 3764], [-9826, 3768], [-9826, 3768], [-9837, 3780], [-9840, 3785], [-9836, 3797]]]}, "type": "Feature", "properties": {"name": "Pierce County", "stateAbbrev": "WA", "state": "Washington", "fips": "053", "incits": "53053", "id": "US.WA.053", "population": 819743}}, {"geometry": {"type": "Polygon", "coordinates": [[[-9911, 3706], [-9910, 3715], [-9881, 3715], [-9870, 3715], [-9869, 3698], [-9882, 3696], [-9890, 3706], [-9911, 3706]]]}, "type": "Feature", "properties": {"name": "Wahkiakum County", "stateAbbrev": "WA", "state": "Washington", "fips": "069", "incits": "53069", "id": "US.WA.069", "population": 4042}}, {"geometry": {"type": "Polygon", "coordinates": [[[-9945, 3748], [-9882, 3748], [-9881, 3715], [-9910, 3715], [-9911, 3706], [-9922, 3703], [-9944, 3705], [-9942, 3716], [-9942, 3742], [-9945, 3748]]]}, "type": "Feature", "properties": {"name": "Pacific County", "stateAbbrev": "WA", "state": "Washington", "fips": "049", "incits": "53049", "id": "US.WA.049", "population": 20498}}, {"geometry": {"type": "Polygon", "coordinates": [[[-9966, 3807], [-9936, 3806], [-9892, 3806], [-9891, 3771], [-9868, 3771], [-9865, 3765], [-9865, 3748], [-9882, 3748], [-9945, 3748], [-9951, 3759], [-9956, 3786], [-9969, 3799], [-9966, 3807]]]}, "type": "Feature", "properties": {"name": "Grays Harbor County", "stateAbbrev": "WA", "state": "Washington", "fips": "027", "incits": "53027", "id": "US.WA.027", "population": 71078}}, {"geometry": {"type": "Polygon", "coordinates": [[[-9868, 3771], [-9837, 3780], [-9826, 3768], [-9826, 3768], [-9822, 3764], [-9822, 3764], [-9808, 3753], [-9787, 3746], [-9865, 3746], [-9865, 3748], [-9865, 3765], [-9868, 3771]]]}, "type": "Feature", "properties": {"name": "Thurston County", "stateAbbrev": "WA", "state": "Washington", "fips": "067", "incits": "53067", "id": "US.WA.067", "population": 262388}}, {"geometry": {"type": "Polygon", "coordinates": [[[-9692, 3868], [-9695, 3884], [-9679, 3889], [-9668, 3887], [-9658, 3870], [-9643, 3864], [-9641, 3858], [-9618, 3846], [-9601, 3841], [-9611, 3827], [-9627, 3825], [-9637, 3801], [-9622, 3794], [-9619, 3786], [-9643, 3785], [-9686, 3799], [-9701, 3812], [-9701, 3827], [-9706, 3837], [-9703, 3848], [-9687, 3854], [-9692, 3868]]]}, "type": "Feature", "properties": {"name": "Chelan County", "stateAbbrev": "WA", "state": "Washington", "fips": "007", "incits": "53007", "id": "US.WA.007", "population": 73967}}, {"geometry": {"type": "Polygon", "coordinates": [[[-9601, 3841], [-9603, 3849], [-9586, 3852], [-9559, 3849], [-9542, 3857], [-9528, 3846], [-9530, 3842], [-9549, 3836], [-9549, 3829], [-9559, 3814], [-9574, 3807], [-9574, 3800], [-9602, 3800], [-9612, 3790], [-9612, 3782], [-9619, 3786], [-9622, 3794], [-9637, 3801], [-9627, 3825], [-9611, 3827], [-9601, 3841]]]}, "type": "Feature", "properties": {"name": "Douglas County", "stateAbbrev": "WA", "state": "Washington", "fips": "017", "incits": "53017", "id": "US.WA.017", "population": 39471}}, {"geometry": {"type": "Polygon", "coordinates": [[[-9892, 3806], [-9892, 3813], [-9848, 3813], [-9836, 3806], [-9836, 3797], [-9840, 3785], [-9837, 3780], [-9868, 3771], [-9891, 3771], [-9892, 3806]]]}, "type": "Feature", "properties": {"name": "Mason County", "stateAbbrev": "WA", "state": "Washington", "fips": "045", "incits": "53045", "id": "US.WA.045", "population": 60497}}, {"geometry": {"type": "Polygon", "coordinates": [[[-9848, 3813], [-9833, 3820], [-9829, 3829], [-9820, 3835], [-9821, 3842], [-9811, 3838], [-9807, 3830], [-9807, 3827], [-9807, 3809], [-9815, 3797], [-9836, 3797], [-9836, 3806], [-9848, 3813]]]}, "type": "Feature", "properties": {"name": "Kitsap County", "stateAbbrev": "WA", "state": "Washington", "fips": "035", "incits": "53035", "id": "US.WA.035", "population": 253968}}, {"geometry": {"type": "Polygon", "coordinates": [[[-9988, 3835], [-9903, 3835], [-9848, 3834], [-9848, 3850], [-9851, 3868], [-9825, 3855], [-9821, 3842], [-9820, 3835], [-9829, 3829], [-9833, 3820], [-9848, 3813], [-9892, 3813], [-9892, 3806], [-9936, 3806], [-9966, 3807], [-9974, 3824], [-9988, 3835]]]}, "type": "Feature", "properties": {"name": "Jefferson County", "stateAbbrev": "WA", "state": "Washington", "fips": "031", "incits": "53031", "id": "US.WA.031", "population": 30076}}, {"geometry": {"type": "Polygon", "coordinates": [[[-9680, 3925], [-9670, 3913], [-9666, 3900], [-9672, 3897], [-9684, 3896], [-9828, 3896], [-9835, 3905], [-9853, 3911], [-9878, 3925], [-9753, 3925], [-9680, 3925]]]}, "type": "Feature", "properties": {"name": "Whatcom County", "stateAbbrev": "WA", "state": "Washington", "fips": "073", "incits": "53073", "id": "US.WA.073", "population": 206353}}, {"geometry": {"type": "Polygon", "coordinates": [[[-9828, 3896], [-9684, 3896], [-9672, 3897], [-9668, 3887], [-9679, 3889], [-9695, 3884], [-9692, 3868], [-9806, 3868], [-9819, 3878], [-9831, 3877], [-9833, 3894], [-9828, 3896]]]}, "type": "Feature", "properties": {"name": "Skagit County", "stateAbbrev": "WA", "state": "Washington", "fips": "057", "incits": "53057", "id": "US.WA.057", "population": 118837}}, {"geometry": {"type": "Polygon", "coordinates": [[[-9807, 3827], [-9807, 3830], [-9799, 3839], [-9802, 3864], [-9806, 3868], [-9692, 3868], [-9687, 3854], [-9703, 3848], [-9706, 3837], [-9701, 3827], [-9807, 3827]]]}, "type": "Feature", "properties": {"name": "Snohomish County", "stateAbbrev": "WA", "state": "Washington", "fips": "061", "incits": "53061", "id": "US.WA.061", "population": 745913}}, {"geometry": {"type": "Polygon", "coordinates": [[[-9872, 3867], [-9851, 3868], [-9848, 3850], [-9848, 3834], [-9903, 3835], [-9988, 3835], [-9995, 3843], [-9993, 3853], [-9999, 3859], [-9991, 3870], [-9997, 3876], [-9990, 3884], [-9933, 3868], [-9895, 3863], [-9872, 3867]]]}, "type": "Feature", "properties": {"name": "Clallam County", "stateAbbrev": "WA", "state": "Washington", "fips": "009", "incits": "53009", "id": "US.WA.009", "population": 72312}}, {"geometry": {"type": "Polygon", "coordinates": [[[-9853, 3911], [-9835, 3905], [-9828, 3896], [-9833, 3894], [-9831, 3877], [-9851, 3868], [-9872, 3867], [-9861, 3879], [-9869, 3889], [-9873, 3900], [-9853, 3906], [-9853, 3911]]]}, "type": "Feature", "properties": {"name": "San Juan County", "stateAbbrev": "WA", "state": "Washington", "fips": "055", "incits": "53055", "id": "US.WA.055", "population": 15875}}, {"geometry": {"type": "Polygon", "coordinates": [[[-9851, 3868], [-9831, 3877], [-9819, 3878], [-9806, 3868], [-9802, 3864], [-9799, 3839], [-9807, 3830], [-9811, 3838], [-9821, 3842], [-9825, 3855], [-9851, 3868]]]}, "type": "Feature", "properties": {"name": "Island County", "stateAbbrev": "WA", "state": "Washington", "fips": "029", "incits": "53029", "id": "US.WA.029", "population": 78801}}], "ac-tx": {"default": {"crs": "wsg84", "scale": 80.09702867059083, "xoffset": 0, "yoffset": 0}}}