{"crs": {"type": "name", "properties": {"name": "urn:ogc:def:crs:EPSG:4326"}}, "type": "FeatureCollection", "features": [{"geometry": {"type": "Polygon", "coordinates": [[[-9228, 3367], [-9228, 3383], [-9215, 3403], [-9204, 3429], [-9172, 3427], [-9167, 3435], [-9170, 3350], [-9216, 3350], [-9228, 3367]]]}, "type": "Feature", "properties": {"name": "Le Flore County", "stateAbbrev": "OK", "state": "Oklahoma", "fips": "079", "incits": "40079", "id": "US.OK.079", "population": 49774}}, {"geometry": {"type": "Polygon", "coordinates": [[[-9904, 3591], [-9905, 3543], [-9999, 3543], [-9999, 3592], [-9904, 3591]]]}, "type": "Feature", "properties": {"name": "Cimarron County", "stateAbbrev": "OK", "state": "Oklahoma", "fips": "025", "incits": "40025", "id": "US.OK.025", "population": 2335}}, {"geometry": {"type": "Polygon", "coordinates": [[[-9204, 3460], [-9202, 3510], [-9180, 3510], [-9171, 3460], [-9204, 3460]]]}, "type": "Feature", "properties": {"name": "Adair County", "stateAbbrev": "OK", "state": "Oklahoma", "fips": "001", "incits": "40001", "id": "US.OK.001", "population": 22194}}, {"geometry": {"type": "Polygon", "coordinates": [[[-9223, 3544], [-9222, 3560], [-9185, 3560], [-9180, 3510], [-9202, 3510], [-9223, 3511], [-9223, 3544]]]}, "type": "Feature", "properties": {"name": "Delaware County", "stateAbbrev": "OK", "state": "Oklahoma", "fips": "041", "incits": "40041", "id": "US.OK.041", "population": 41377}}, {"geometry": {"type": "Polygon", "coordinates": [[[-9225, 3592], [-9185, 3592], [-9185, 3560], [-9222, 3560], [-9225, 3592]]]}, "type": "Feature", "properties": {"name": "Ottawa County", "stateAbbrev": "OK", "state": "Oklahoma", "fips": "115", "incits": "40115", "id": "US.OK.115", "population": 32245}}, {"geometry": {"type": "Polygon", "coordinates": [[[-9566, 3592], [-9524, 3592], [-9524, 3552], [-9524, 3540], [-9565, 3540], [-9566, 3592]]]}, "type": "Feature", "properties": {"name": "Alfalfa County", "stateAbbrev": "OK", "state": "Oklahoma", "fips": "003", "incits": "40003", "id": "US.OK.003", "population": 5847}}, {"geometry": {"type": "Polygon", "coordinates": [[[-9799, 3592], [-9708, 3592], [-9708, 3552], [-9708, 3543], [-9800, 3543], [-9799, 3592]]]}, "type": "Feature", "properties": {"name": "Beaver County", "stateAbbrev": "OK", "state": "Oklahoma", "fips": "007", "incits": "40007", "id": "US.OK.007", "population": 5566}}, {"geometry": {"type": "Polygon", "coordinates": [[[-9262, 3592], [-9225, 3592], [-9222, 3560], [-9223, 3544], [-9254, 3544], [-9264, 3553], [-9262, 3592]]]}, "type": "Feature", "properties": {"name": "Craig County", "stateAbbrev": "OK", "state": "Oklahoma", "fips": "035", "incits": "40035", "id": "US.OK.035", "population": 14672}}, {"geometry": {"type": "Polygon", "coordinates": [[[-9524, 3592], [-9461, 3592], [-9461, 3552], [-9524, 3552], [-9524, 3592]]]}, "type": "Feature", "properties": {"name": "Grant County", "stateAbbrev": "OK", "state": "Oklahoma", "fips": "053", "incits": "40053", "id": "US.OK.053", "population": 4528}}, {"geometry": {"type": "Polygon", "coordinates": [[[-9708, 3552], [-9708, 3592], [-9654, 3592], [-9639, 3573], [-9639, 3552], [-9669, 3552], [-9708, 3552]]]}, "type": "Feature", "properties": {"name": "Harper County", "stateAbbrev": "OK", "state": "Oklahoma", "fips": "059", "incits": "40059", "id": "US.OK.059", "population": 3813}}, {"geometry": {"type": "Polygon", "coordinates": [[[-9461, 3592], [-9392, 3592], [-9393, 3571], [-9422, 3552], [-9461, 3552], [-9461, 3592]]]}, "type": "Feature", "properties": {"name": "Kay County", "stateAbbrev": "OK", "state": "Oklahoma", "fips": "071", "incits": "40071", "id": "US.OK.071", "population": 45633}}, {"geometry": {"type": "Polygon", "coordinates": [[[-9299, 3592], [-9262, 3592], [-9264, 3553], [-9301, 3553], [-9299, 3592]]]}, "type": "Feature", "properties": {"name": "Nowata County", "stateAbbrev": "OK", "state": "Oklahoma", "fips": "105", "incits": "40105", "id": "US.OK.105", "population": 10555}}, {"geometry": {"type": "Polygon", "coordinates": [[[-9392, 3592], [-9319, 3592], [-9319, 3536], [-9319, 3510], [-9346, 3511], [-9381, 3536], [-9417, 3544], [-9422, 3552], [-9393, 3571], [-9392, 3592]]]}, "type": "Feature", "properties": {"name": "Osage County", "stateAbbrev": "OK", "state": "Oklahoma", "fips": "113", "incits": "40113", "id": "US.OK.113", "population": 47987}}, {"geometry": {"type": "Polygon", "coordinates": [[[-9905, 3543], [-9904, 3591], [-9799, 3592], [-9800, 3543], [-9905, 3543]]]}, "type": "Feature", "properties": {"name": "Texas County", "stateAbbrev": "OK", "state": "Oklahoma", "fips": "139", "incits": "40139", "id": "US.OK.139", "population": 22081}}, {"geometry": {"type": "Polygon", "coordinates": [[[-9319, 3536], [-9319, 3592], [-9299, 3592], [-9301, 3553], [-9301, 3536], [-9319, 3536]]]}, "type": "Feature", "properties": {"name": "Washington County", "stateAbbrev": "OK", "state": "Oklahoma", "fips": "147", "incits": "40147", "id": "US.OK.147", "population": 51577}}, {"geometry": {"type": "Polygon", "coordinates": [[[-9654, 3592], [-9566, 3592], [-9565, 3540], [-9578, 3534], [-9607, 3544], [-9626, 3571], [-9639, 3573], [-9654, 3592]]]}, "type": "Feature", "properties": {"name": "Woods County", "stateAbbrev": "OK", "state": "Oklahoma", "fips": "151", "incits": "40151", "id": "US.OK.151", "population": 9041}}, {"geometry": {"type": "Polygon", "coordinates": [[[-9237, 3316], [-9227, 3324], [-9227, 3350], [-9216, 3350], [-9170, 3350], [-9172, 3265], [-9209, 3276], [-9237, 3295], [-9237, 3316]]]}, "type": "Feature", "properties": {"name": "McCurtain County", "stateAbbrev": "OK", "state": "Oklahoma", "fips": "089", "incits": "40089", "id": "US.OK.089", "population": 33065}}, {"geometry": {"type": "Polygon", "coordinates": [[[-9235, 3460], [-9204, 3460], [-9171, 3460], [-9167, 3435], [-9172, 3427], [-9204, 3429], [-9227, 3442], [-9235, 3460]]]}, "type": "Feature", "properties": {"name": "Sequoyah County", "stateAbbrev": "OK", "state": "Oklahoma", "fips": "135", "incits": "40135", "id": "US.OK.135", "population": 41218}}, {"geometry": {"type": "Polygon", "coordinates": [[[-9359, 3316], [-9358, 3341], [-9334, 3341], [-9328, 3367], [-9308, 3367], [-9287, 3358], [-9298, 3350], [-9298, 3316], [-9319, 3316], [-9359, 3316]]]}, "type": "Feature", "properties": {"name": "Atoka County", "stateAbbrev": "OK", "state": "Oklahoma", "fips": "005", "incits": "40005", "id": "US.OK.005", "population": 13898}}, {"geometry": {"type": "Polygon", "coordinates": [[[-9708, 3400], [-9708, 3439], [-9666, 3438], [-9646, 3447], [-9646, 3443], [-9645, 3409], [-9650, 3409], [-9687, 3409], [-9697, 3400], [-9708, 3400]]]}, "type": "Feature", "properties": {"name": "Beckham County", "stateAbbrev": "OK", "state": "Oklahoma", "fips": "009", "incits": "40009", "id": "US.OK.009", "population": 23637}}, {"geometry": {"type": "Polygon", "coordinates": [[[-9575, 3511], [-9534, 3511], [-9533, 3468], [-9544, 3451], [-9574, 3451], [-9575, 3476], [-9575, 3511]]]}, "type": "Feature", "properties": {"name": "Blaine County", "stateAbbrev": "OK", "state": "Oklahoma", "fips": "011", "incits": "40011", "id": "US.OK.011", "population": 9720}}, {"geometry": {"type": "Polygon", "coordinates": [[[-9376, 3312], [-9359, 3316], [-9319, 3316], [-9313, 3296], [-9296, 3288], [-9311, 3289], [-9348, 3278], [-9377, 3290], [-9376, 3312]]]}, "type": "Feature", "properties": {"name": "Bryan County", "stateAbbrev": "OK", "state": "Oklahoma", "fips": "013", "incits": "40013", "id": "US.OK.013", "population": 44244}}, {"geometry": {"type": "Polygon", "coordinates": [[[-9574, 3443], [-9574, 3451], [-9544, 3451], [-9543, 3434], [-9523, 3434], [-9522, 3384], [-9574, 3384], [-9573, 3407], [-9574, 3443]]]}, "type": "Feature", "properties": {"name": "Caddo County", "stateAbbrev": "OK", "state": "Oklahoma", "fips": "015", "incits": "40015", "id": "US.OK.015", "population": 29594}}, {"geometry": {"type": "Polygon", "coordinates": [[[-9544, 3451], [-9533, 3468], [-9482, 3468], [-9481, 3434], [-9482, 3430], [-9523, 3434], [-9543, 3434], [-9544, 3451]]]}, "type": "Feature", "properties": {"name": "Canadian County", "stateAbbrev": "OK", "state": "Oklahoma", "fips": "017", "incits": "40017", "id": "US.OK.017", "population": 126123}}, {"geometry": {"type": "Polygon", "coordinates": [[[-9471, 3350], [-9450, 3350], [-9451, 3337], [-9410, 3333], [-9410, 3318], [-9414, 3308], [-9471, 3308], [-9471, 3329], [-9471, 3350]]]}, "type": "Feature", "properties": {"name": "Carter County", "stateAbbrev": "OK", "state": "Oklahoma", "fips": "019", "incits": "40019", "id": "US.OK.019", "population": 48491}}, {"geometry": {"type": "Polygon", "coordinates": [[[-9242, 3502], [-9223, 3511], [-9202, 3510], [-9204, 3460], [-9235, 3460], [-9248, 3477], [-9242, 3502]]]}, "type": "Feature", "properties": {"name": "Cherokee County", "stateAbbrev": "OK", "state": "Oklahoma", "fips": "021", "incits": "40021", "id": "US.OK.021", "population": 48017}}, {"geometry": {"type": "Polygon", "coordinates": [[[-9319, 3316], [-9298, 3316], [-9237, 3316], [-9237, 3295], [-9257, 3288], [-9296, 3288], [-9313, 3296], [-9319, 3316]]]}, "type": "Feature", "properties": {"name": "Choctaw County", "stateAbbrev": "OK", "state": "Oklahoma", "fips": "023", "incits": "40023", "id": "US.OK.023", "population": 15045}}, {"geometry": {"type": "Polygon", "coordinates": [[[-9482, 3430], [-9481, 3434], [-9430, 3434], [-9430, 3391], [-9450, 3395], [-9456, 3411], [-9482, 3430]]]}, "type": "Feature", "properties": {"name": "Cleveland County", "stateAbbrev": "OK", "state": "Oklahoma", "fips": "027", "incits": "40027", "id": "US.OK.027", "population": 269340}}, {"geometry": {"type": "Polygon", "coordinates": [[[-9359, 3375], [-9328, 3375], [-9328, 3367], [-9334, 3341], [-9358, 3341], [-9369, 3350], [-9359, 3375]]]}, "type": "Feature", "properties": {"name": "Coal County", "stateAbbrev": "OK", "state": "Oklahoma", "fips": "029", "incits": "40029", "id": "US.OK.029", "population": 5867}}, {"geometry": {"type": "Polygon", "coordinates": [[[-9574, 3384], [-9522, 3384], [-9522, 3367], [-9527, 3350], [-9578, 3340], [-9594, 3358], [-9594, 3384], [-9574, 3384]]]}, "type": "Feature", "properties": {"name": "Comanche County", "stateAbbrev": "OK", "state": "Oklahoma", "fips": "031", "incits": "40031", "id": "US.OK.031", "population": 124937}}, {"geometry": {"type": "Polygon", "coordinates": [[[-9578, 3340], [-9527, 3350], [-9527, 3329], [-9527, 3314], [-9573, 3316], [-9578, 3340]]]}, "type": "Feature", "properties": {"name": "Cotton County", "stateAbbrev": "OK", "state": "Oklahoma", "fips": "033", "incits": "40033", "id": "US.OK.033", "population": 6152}}, {"geometry": {"type": "Polygon", "coordinates": [[[-9380, 3510], [-9348, 3511], [-9322, 3502], [-9322, 3481], [-9338, 3481], [-9338, 3459], [-9380, 3460], [-9380, 3489], [-9380, 3510]]]}, "type": "Feature", "properties": {"name": "Creek County", "stateAbbrev": "OK", "state": "Oklahoma", "fips": "037", "incits": "40037", "id": "US.OK.037", "population": 70470}}, {"geometry": {"type": "Polygon", "coordinates": [[[-9647, 3476], [-9575, 3476], [-9574, 3451], [-9574, 3443], [-9646, 3443], [-9646, 3447], [-9647, 3476]]]}, "type": "Feature", "properties": {"name": "Custer County", "stateAbbrev": "OK", "state": "Oklahoma", "fips": "039", "incits": "40039", "id": "US.OK.039", "population": 29377}}, {"geometry": {"type": "Polygon", "coordinates": [[[-9648, 3511], [-9606, 3510], [-9575, 3511], [-9575, 3476], [-9647, 3476], [-9647, 3496], [-9648, 3511]]]}, "type": "Feature", "properties": {"name": "Dewey County", "stateAbbrev": "OK", "state": "Oklahoma", "fips": "043", "incits": "40043", "id": "US.OK.043", "population": 4844}}, {"geometry": {"type": "Polygon", "coordinates": [[[-9708, 3552], [-9669, 3552], [-9668, 3511], [-9648, 3511], [-9647, 3496], [-9676, 3480], [-9697, 3492], [-9708, 3483], [-9708, 3543], [-9708, 3552]]]}, "type": "Feature", "properties": {"name": "Ellis County", "stateAbbrev": "OK", "state": "Oklahoma", "fips": "045", "incits": "40045", "id": "US.OK.045", "population": 4170}}, {"geometry": {"type": "Polygon", "coordinates": [[[-9524, 3552], [-9461, 3552], [-9461, 3511], [-9482, 3511], [-9524, 3511], [-9524, 3540], [-9524, 3552]]]}, "type": "Feature", "properties": {"name": "Garfield County", "stateAbbrev": "OK", "state": "Oklahoma", "fips": "047", "incits": "40047", "id": "US.OK.047", "population": 62267}}, {"geometry": {"type": "Polygon", "coordinates": [[[-9481, 3384], [-9410, 3384], [-9410, 3362], [-9430, 3363], [-9450, 3350], [-9471, 3350], [-9481, 3367], [-9481, 3384]]]}, "type": "Feature", "properties": {"name": "Garvin County", "stateAbbrev": "OK", "state": "Oklahoma", "fips": "049", "incits": "40049", "id": "US.OK.049", "population": 27334}}, {"geometry": {"type": "Polygon", "coordinates": [[[-9523, 3434], [-9482, 3430], [-9481, 3384], [-9481, 3367], [-9522, 3367], [-9522, 3384], [-9523, 3434]]]}, "type": "Feature", "properties": {"name": "Grady County", "stateAbbrev": "OK", "state": "Oklahoma", "fips": "051", "incits": "40051", "id": "US.OK.051", "population": 53685}}, {"geometry": {"type": "Polygon", "coordinates": [[[-9697, 3400], [-9687, 3409], [-9650, 3409], [-9634, 3380], [-9654, 3371], [-9675, 3371], [-9681, 3392], [-9697, 3400]]]}, "type": "Feature", "properties": {"name": "Greer County", "stateAbbrev": "OK", "state": "Oklahoma", "fips": "055", "incits": "40055", "id": "US.OK.055", "population": 6171}}, {"geometry": {"type": "Polygon", "coordinates": [[[-9708, 3400], [-9697, 3400], [-9681, 3392], [-9675, 3371], [-9675, 3350], [-9693, 3350], [-9707, 3355], [-9708, 3400]]]}, "type": "Feature", "properties": {"name": "Harmon County", "stateAbbrev": "OK", "state": "Oklahoma", "fips": "057", "incits": "40057", "id": "US.OK.057", "population": 2869}}, {"geometry": {"type": "Polygon", "coordinates": [[[-9266, 3426], [-9256, 3426], [-9244, 3424], [-9227, 3442], [-9204, 3429], [-9215, 3403], [-9256, 3403], [-9266, 3426]]]}, "type": "Feature", "properties": {"name": "Haskell County", "stateAbbrev": "OK", "state": "Oklahoma", "fips": "061", "incits": "40061", "id": "US.OK.061", "population": 13052}}, {"geometry": {"type": "Polygon", "coordinates": [[[-9367, 3389], [-9362, 3426], [-9317, 3426], [-9318, 3412], [-9328, 3402], [-9328, 3375], [-9359, 3375], [-9367, 3389]]]}, "type": "Feature", "properties": {"name": "Hughes County", "stateAbbrev": "OK", "state": "Oklahoma", "fips": "063", "incits": "40063", "id": "US.OK.063", "population": 13823}}, {"geometry": {"type": "Polygon", "coordinates": [[[-9693, 3350], [-9675, 3350], [-9675, 3371], [-9654, 3371], [-9634, 3380], [-9620, 3362], [-9631, 3333], [-9693, 3350]]]}, "type": "Feature", "properties": {"name": "Jackson County", "stateAbbrev": "OK", "state": "Oklahoma", "fips": "065", "incits": "40065", "id": "US.OK.065", "population": 26088}}, {"geometry": {"type": "Polygon", "coordinates": [[[-9527, 3314], [-9527, 3329], [-9471, 3329], [-9471, 3308], [-9471, 3291], [-9479, 3300], [-9501, 3286], [-9527, 3314]]]}, "type": "Feature", "properties": {"name": "Jefferson County", "stateAbbrev": "OK", "state": "Oklahoma", "fips": "067", "incits": "40067", "id": "US.OK.067", "population": 6432}}, {"geometry": {"type": "Polygon", "coordinates": [[[-9410, 3333], [-9400, 3350], [-9369, 3350], [-9358, 3341], [-9359, 3316], [-9376, 3312], [-9410, 3318], [-9410, 3333]]]}, "type": "Feature", "properties": {"name": "Johnston County", "stateAbbrev": "OK", "state": "Oklahoma", "fips": "069", "incits": "40069", "id": "US.OK.069", "population": 10990}}, {"geometry": {"type": "Polygon", "coordinates": [[[-9534, 3511], [-9524, 3511], [-9482, 3511], [-9482, 3468], [-9533, 3468], [-9534, 3511]]]}, "type": "Feature", "properties": {"name": "Kingfisher County", "stateAbbrev": "OK", "state": "Oklahoma", "fips": "073", "incits": "40073", "id": "US.OK.073", "population": 15276}}, {"geometry": {"type": "Polygon", "coordinates": [[[-9650, 3409], [-9645, 3409], [-9573, 3407], [-9574, 3384], [-9594, 3384], [-9594, 3358], [-9620, 3362], [-9634, 3380], [-9650, 3409]]]}, "type": "Feature", "properties": {"name": "Kiowa County", "stateAbbrev": "OK", "state": "Oklahoma", "fips": "075", "incits": "40075", "id": "US.OK.075", "population": 9341}}, {"geometry": {"type": "Polygon", "coordinates": [[[-9272, 3367], [-9271, 3400], [-9256, 3403], [-9215, 3403], [-9228, 3383], [-9228, 3367], [-9272, 3367]]]}, "type": "Feature", "properties": {"name": "Latimer County", "stateAbbrev": "OK", "state": "Oklahoma", "fips": "077", "incits": "40077", "id": "US.OK.077", "population": 10775}}, {"geometry": {"type": "Polygon", "coordinates": [[[-9430, 3489], [-9380, 3489], [-9380, 3460], [-9380, 3442], [-9430, 3443], [-9430, 3468], [-9430, 3489]]]}, "type": "Feature", "properties": {"name": "Lincoln County", "stateAbbrev": "OK", "state": "Oklahoma", "fips": "081", "incits": "40081", "id": "US.OK.081", "population": 34351}}, {"geometry": {"type": "Polygon", "coordinates": [[[-9482, 3511], [-9461, 3511], [-9451, 3510], [-9451, 3493], [-9430, 3489], [-9430, 3468], [-9482, 3468], [-9482, 3511]]]}, "type": "Feature", "properties": {"name": "Logan County", "stateAbbrev": "OK", "state": "Oklahoma", "fips": "083", "incits": "40083", "id": "US.OK.083", "population": 44422}}, {"geometry": {"type": "Polygon", "coordinates": [[[-9471, 3291], [-9471, 3308], [-9414, 3308], [-9410, 3296], [-9451, 3284], [-9471, 3291]]]}, "type": "Feature", "properties": {"name": "Love County", "stateAbbrev": "OK", "state": "Oklahoma", "fips": "085", "incits": "40085", "id": "US.OK.085", "population": 9742}}, {"geometry": {"type": "Polygon", "coordinates": [[[-9607, 3544], [-9578, 3534], [-9565, 3540], [-9524, 3540], [-9524, 3511], [-9534, 3511], [-9575, 3511], [-9606, 3510], [-9607, 3544]]]}, "type": "Feature", "properties": {"name": "Major County", "stateAbbrev": "OK", "state": "Oklahoma", "fips": "093", "incits": "40093", "id": "US.OK.093", "population": 7683}}, {"geometry": {"type": "Polygon", "coordinates": [[[-9414, 3308], [-9410, 3318], [-9376, 3312], [-9377, 3290], [-9388, 3284], [-9410, 3296], [-9414, 3308]]]}, "type": "Feature", "properties": {"name": "Marshall County", "stateAbbrev": "OK", "state": "Oklahoma", "fips": "095", "incits": "40095", "id": "US.OK.095", "population": 15988}}, {"geometry": {"type": "Polygon", "coordinates": [[[-9265, 3502], [-9264, 3544], [-9254, 3544], [-9223, 3544], [-9223, 3511], [-9242, 3502], [-9265, 3502]]]}, "type": "Feature", "properties": {"name": "Mayes County", "stateAbbrev": "OK", "state": "Oklahoma", "fips": "097", "incits": "40097", "id": "US.OK.097", "population": 40804}}, {"geometry": {"type": "Polygon", "coordinates": [[[-9482, 3430], [-9456, 3411], [-9450, 3395], [-9430, 3391], [-9410, 3394], [-9410, 3384], [-9481, 3384], [-9482, 3430]]]}, "type": "Feature", "properties": {"name": "McClain County", "stateAbbrev": "OK", "state": "Oklahoma", "fips": "087", "incits": "40087", "id": "US.OK.087", "population": 36511}}, {"geometry": {"type": "Polygon", "coordinates": [[[-9318, 3412], [-9317, 3426], [-9317, 3434], [-9291, 3451], [-9256, 3451], [-9256, 3426], [-9266, 3426], [-9296, 3415], [-9318, 3412]]]}, "type": "Feature", "properties": {"name": "McIntosh County", "stateAbbrev": "OK", "state": "Oklahoma", "fips": "091", "incits": "40091", "id": "US.OK.091", "population": 20493}}, {"geometry": {"type": "Polygon", "coordinates": [[[-9450, 3350], [-9430, 3363], [-9410, 3362], [-9400, 3350], [-9410, 3333], [-9451, 3337], [-9450, 3350]]]}, "type": "Feature", "properties": {"name": "Murray County", "stateAbbrev": "OK", "state": "Oklahoma", "fips": "099", "incits": "40099", "id": "US.OK.099", "population": 13712}}, {"geometry": {"type": "Polygon", "coordinates": [[[-9296, 3481], [-9280, 3472], [-9248, 3477], [-9235, 3460], [-9227, 3442], [-9244, 3424], [-9256, 3426], [-9256, 3451], [-9291, 3451], [-9296, 3481]]]}, "type": "Feature", "properties": {"name": "Muskogee County", "stateAbbrev": "OK", "state": "Oklahoma", "fips": "101", "incits": "40101", "id": "US.OK.101", "population": 70303}}, {"geometry": {"type": "Polygon", "coordinates": [[[-9461, 3511], [-9461, 3552], [-9422, 3552], [-9417, 3544], [-9409, 3519], [-9451, 3510], [-9461, 3511]]]}, "type": "Feature", "properties": {"name": "Noble County", "stateAbbrev": "OK", "state": "Oklahoma", "fips": "103", "incits": "40103", "id": "US.OK.103", "population": 11446}}, {"geometry": {"type": "Polygon", "coordinates": [[[-9380, 3437], [-9380, 3442], [-9380, 3460], [-9338, 3459], [-9317, 3434], [-9317, 3426], [-9362, 3426], [-9380, 3437]]]}, "type": "Feature", "properties": {"name": "Okfuskee County", "stateAbbrev": "OK", "state": "Oklahoma", "fips": "107", "incits": "40107", "id": "US.OK.107", "population": 12377}}, {"geometry": {"type": "Polygon", "coordinates": [[[-9482, 3468], [-9430, 3468], [-9430, 3443], [-9430, 3434], [-9481, 3434], [-9482, 3468]]]}, "type": "Feature", "properties": {"name": "Oklahoma County", "stateAbbrev": "OK", "state": "Oklahoma", "fips": "109", "incits": "40109", "id": "US.OK.109", "population": 755245}}, {"geometry": {"type": "Polygon", "coordinates": [[[-9338, 3459], [-9338, 3481], [-9322, 3481], [-9302, 3481], [-9296, 3481], [-9291, 3451], [-9317, 3434], [-9338, 3459]]]}, "type": "Feature", "properties": {"name": "Okmulgee County", "stateAbbrev": "OK", "state": "Oklahoma", "fips": "111", "incits": "40111", "id": "US.OK.111", "population": 39438}}, {"geometry": {"type": "Polygon", "coordinates": [[[-9417, 3544], [-9381, 3536], [-9346, 3511], [-9348, 3511], [-9380, 3510], [-9409, 3519], [-9417, 3544]]]}, "type": "Feature", "properties": {"name": "Pawnee County", "stateAbbrev": "OK", "state": "Oklahoma", "fips": "117", "incits": "40117", "id": "US.OK.117", "population": 16513}}, {"geometry": {"type": "Polygon", "coordinates": [[[-9451, 3510], [-9409, 3519], [-9380, 3510], [-9380, 3489], [-9430, 3489], [-9451, 3493], [-9451, 3510]]]}, "type": "Feature", "properties": {"name": "Payne County", "stateAbbrev": "OK", "state": "Oklahoma", "fips": "119", "incits": "40119", "id": "US.OK.119", "population": 79066}}, {"geometry": {"type": "Polygon", "coordinates": [[[-9318, 3412], [-9296, 3415], [-9266, 3426], [-9256, 3403], [-9271, 3400], [-9272, 3367], [-9287, 3358], [-9308, 3367], [-9328, 3367], [-9328, 3375], [-9328, 3402], [-9318, 3412]]]}, "type": "Feature", "properties": {"name": "Pittsburg County", "stateAbbrev": "OK", "state": "Oklahoma", "fips": "121", "incits": "40121", "id": "US.OK.121", "population": 44703}}, {"geometry": {"type": "Polygon", "coordinates": [[[-9410, 3384], [-9410, 3394], [-9395, 3388], [-9367, 3389], [-9359, 3375], [-9369, 3350], [-9400, 3350], [-9410, 3362], [-9410, 3384]]]}, "type": "Feature", "properties": {"name": "Pontotoc County", "stateAbbrev": "OK", "state": "Oklahoma", "fips": "123", "incits": "40123", "id": "US.OK.123", "population": 37992}}, {"geometry": {"type": "Polygon", "coordinates": [[[-9430, 3434], [-9430, 3443], [-9380, 3442], [-9380, 3437], [-9395, 3437], [-9395, 3388], [-9410, 3394], [-9430, 3391], [-9430, 3434]]]}, "type": "Feature", "properties": {"name": "Pottawatomie County", "stateAbbrev": "OK", "state": "Oklahoma", "fips": "125", "incits": "40125", "id": "US.OK.125", "population": 71158}}, {"geometry": {"type": "Polygon", "coordinates": [[[-9298, 3316], [-9298, 3350], [-9287, 3358], [-9272, 3367], [-9228, 3367], [-9216, 3350], [-9227, 3350], [-9227, 3324], [-9237, 3316], [-9298, 3316]]]}, "type": "Feature", "properties": {"name": "Pushmataha County", "stateAbbrev": "OK", "state": "Oklahoma", "fips": "127", "incits": "40127", "id": "US.OK.127", "population": 11233}}, {"geometry": {"type": "Polygon", "coordinates": [[[-9708, 3483], [-9697, 3492], [-9676, 3480], [-9647, 3496], [-9647, 3476], [-9646, 3447], [-9666, 3438], [-9708, 3439], [-9708, 3483]]]}, "type": "Feature", "properties": {"name": "Roger Mills County", "stateAbbrev": "OK", "state": "Oklahoma", "fips": "129", "incits": "40129", "id": "US.OK.129", "population": 3743}}, {"geometry": {"type": "Polygon", "coordinates": [[[-9301, 3536], [-9301, 3553], [-9264, 3553], [-9254, 3544], [-9264, 3544], [-9265, 3502], [-9297, 3511], [-9301, 3536]]]}, "type": "Feature", "properties": {"name": "Rogers County", "stateAbbrev": "OK", "state": "Oklahoma", "fips": "131", "incits": "40131", "id": "US.OK.131", "population": 89044}}, {"geometry": {"type": "Polygon", "coordinates": [[[-9395, 3388], [-9395, 3437], [-9380, 3437], [-9362, 3426], [-9367, 3389], [-9395, 3388]]]}, "type": "Feature", "properties": {"name": "Seminole County", "stateAbbrev": "OK", "state": "Oklahoma", "fips": "133", "incits": "40133", "id": "US.OK.133", "population": 25426}}, {"geometry": {"type": "Polygon", "coordinates": [[[-9522, 3367], [-9481, 3367], [-9471, 3350], [-9471, 3329], [-9527, 3329], [-9527, 3350], [-9522, 3367]]]}, "type": "Feature", "properties": {"name": "Stephens County", "stateAbbrev": "OK", "state": "Oklahoma", "fips": "137", "incits": "40137", "id": "US.OK.137", "population": 44919}}, {"geometry": {"type": "Polygon", "coordinates": [[[-9620, 3362], [-9594, 3358], [-9578, 3340], [-9573, 3316], [-9588, 3314], [-9631, 3333], [-9620, 3362]]]}, "type": "Feature", "properties": {"name": "Tillman County", "stateAbbrev": "OK", "state": "Oklahoma", "fips": "141", "incits": "40141", "id": "US.OK.141", "population": 7711}}, {"geometry": {"type": "Polygon", "coordinates": [[[-9348, 3511], [-9346, 3511], [-9319, 3510], [-9319, 3536], [-9301, 3536], [-9297, 3511], [-9302, 3481], [-9322, 3481], [-9322, 3502], [-9348, 3511]]]}, "type": "Feature", "properties": {"name": "Tulsa County", "stateAbbrev": "OK", "state": "Oklahoma", "fips": "143", "incits": "40143", "id": "US.OK.143", "population": 622409}}, {"geometry": {"type": "Polygon", "coordinates": [[[-9297, 3511], [-9265, 3502], [-9242, 3502], [-9248, 3477], [-9280, 3472], [-9296, 3481], [-9302, 3481], [-9297, 3511]]]}, "type": "Feature", "properties": {"name": "Wagoner County", "stateAbbrev": "OK", "state": "Oklahoma", "fips": "145", "incits": "40145", "id": "US.OK.145", "population": 75700}}, {"geometry": {"type": "Polygon", "coordinates": [[[-9646, 3443], [-9574, 3443], [-9573, 3407], [-9645, 3409], [-9646, 3443]]]}, "type": "Feature", "properties": {"name": "Washita County", "stateAbbrev": "OK", "state": "Oklahoma", "fips": "149", "incits": "40149", "id": "US.OK.149", "population": 11678}}, {"geometry": {"type": "Polygon", "coordinates": [[[-9669, 3552], [-9639, 3552], [-9639, 3573], [-9626, 3571], [-9607, 3544], [-9606, 3510], [-9648, 3511], [-9668, 3511], [-9669, 3552]]]}, "type": "Feature", "properties": {"name": "Woodward County", "stateAbbrev": "OK", "state": "Oklahoma", "fips": "153", "incits": "40153", "id": "US.OK.153", "population": 21221}}], "ac-tx": {"default": {"crs": "wsg84", "scale": 97.07535008478933, "xoffset": 0, "yoffset": 0}}}