{"crs": {"type": "name", "properties": {"name": "urn:ogc:def:crs:EPSG:4326"}}, "type": "FeatureCollection", "features": [{"geometry": {"type": "Polygon", "coordinates": [[[-9823, 3692], [-9800, 3691], [-9800, 3696], [-9766, 3697], [-9766, 3663], [-9776, 3656], [-9784, 3659], [-9812, 3655], [-9822, 3677], [-9823, 3692]]]}, "type": "Feature", "properties": {"name": "Autauga County", "stateAbbrev": "AL", "state": "Alabama", "fips": "001", "incits": "01001", "id": "US.AL.001", "population": 55246}}, {"geometry": {"type": "Polygon", "coordinates": [[[-9953, 3406], [-9947, 3428], [-9944, 3463], [-9948, 3475], [-9939, 3485], [-9944, 3491], [-9939, 3509], [-9942, 3522], [-9940, 3525], [-9930, 3528], [-9919, 3537], [-9902, 3531], [-9900, 3503], [-9903, 3486], [-9877, 3461], [-9883, 3448], [-9879, 3442], [-9891, 3416], [-9927, 3411], [-9945, 3410], [-9953, 3406]]]}, "type": "Feature", "properties": {"name": "Baldwin County", "stateAbbrev": "AL", "state": "Alabama", "fips": "003", "incits": "01003", "id": "US.AL.003", "population": 195540}}, {"geometry": {"type": "Polygon", "coordinates": [[[-9880, 3730], [-9869, 3730], [-9864, 3745], [-9855, 3744], [-9849, 3756], [-9840, 3757], [-9836, 3757], [-9835, 3748], [-9819, 3735], [-9819, 3711], [-9835, 3711], [-9869, 3711], [-9880, 3715], [-9880, 3730]]]}, "type": "Feature", "properties": {"name": "Bibb County", "stateAbbrev": "AL", "state": "Alabama", "fips": "007", "incits": "01007", "id": "US.AL.007", "population": 22512}}, {"geometry": {"type": "Polygon", "coordinates": [[[-9771, 3872], [-9754, 3854], [-9756, 3836], [-9768, 3823], [-9785, 3816], [-9805, 3825], [-9827, 3822], [-9828, 3827], [-9824, 3832], [-9806, 3840], [-9799, 3852], [-9787, 3856], [-9778, 3871], [-9771, 3872]]]}, "type": "Feature", "properties": {"name": "Blount County", "stateAbbrev": "AL", "state": "Alabama", "fips": "009", "incits": "01009", "id": "US.AL.009", "population": 57872}}, {"geometry": {"type": "Polygon", "coordinates": [[[-9816, 3612], [-9770, 3613], [-9770, 3578], [-9776, 3563], [-9799, 3563], [-9814, 3563], [-9822, 3575], [-9822, 3589], [-9822, 3597], [-9816, 3612]]]}, "type": "Feature", "properties": {"name": "Butler County", "stateAbbrev": "AL", "state": "Alabama", "fips": "013", "incits": "01013", "id": "US.AL.013", "population": 20265}}, {"geometry": {"type": "Polygon", "coordinates": [[[-9835, 3711], [-9819, 3711], [-9819, 3735], [-9788, 3737], [-9778, 3732], [-9778, 3721], [-9762, 3702], [-9766, 3697], [-9800, 3696], [-9800, 3691], [-9823, 3692], [-9835, 3699], [-9835, 3711]]]}, "type": "Feature", "properties": {"name": "Chilton County", "stateAbbrev": "AL", "state": "Alabama", "fips": "021", "incits": "01021", "id": "US.AL.021", "population": 43951}}, {"geometry": {"type": "Polygon", "coordinates": [[[-9993, 3651], [-9938, 3651], [-9938, 3650], [-9938, 3649], [-9946, 3649], [-9946, 3637], [-9954, 3615], [-9966, 3596], [-9955, 3583], [-9998, 3582], [-9999, 3605], [-9993, 3651]]]}, "type": "Feature", "properties": {"name": "Choctaw County", "stateAbbrev": "AL", "state": "Alabama", "fips": "023", "incits": "01023", "id": "US.AL.023", "population": 13426}}, {"geometry": {"type": "Polygon", "coordinates": [[[-9954, 3615], [-9908, 3616], [-9908, 3603], [-9903, 3597], [-9889, 3597], [-9897, 3582], [-9897, 3558], [-9900, 3550], [-9913, 3549], [-9919, 3537], [-9930, 3528], [-9940, 3525], [-9943, 3533], [-9933, 3545], [-9939, 3563], [-9954, 3571], [-9955, 3583], [-9966, 3596], [-9954, 3615]]]}, "type": "Feature", "properties": {"name": "Clarke County", "stateAbbrev": "AL", "state": "Alabama", "fips": "025", "incits": "01025", "id": "US.AL.025", "population": 25207}}, {"geometry": {"type": "Polygon", "coordinates": [[[-9961, 3908], [-9957, 3943], [-9940, 3941], [-9936, 3933], [-9920, 3925], [-9894, 3936], [-9881, 3933], [-9881, 3932], [-9881, 3932], [-9881, 3931], [-9881, 3931], [-9881, 3931], [-9881, 3931], [-9882, 3930], [-9882, 3930], [-9881, 3930], [-9880, 3930], [-9880, 3929], [-9881, 3928], [-9881, 3928], [-9881, 3927], [-9892, 3906], [-9961, 3908]]]}, "type": "Feature", "properties": {"name": "Colbert County", "stateAbbrev": "AL", "state": "Alabama", "fips": "033", "incits": "01033", "id": "US.AL.033", "population": 54520}}, {"geometry": {"type": "Polygon", "coordinates": [[[-9881, 3533], [-9851, 3562], [-9848, 3575], [-9822, 3589], [-9822, 3575], [-9814, 3563], [-9799, 3563], [-9799, 3525], [-9806, 3533], [-9881, 3533]]]}, "type": "Feature", "properties": {"name": "Conecuh County", "stateAbbrev": "AL", "state": "Alabama", "fips": "035", "incits": "01035", "id": "US.AL.035", "population": 12887}}, {"geometry": {"type": "Polygon", "coordinates": [[[-9799, 3563], [-9776, 3563], [-9765, 3563], [-9741, 3553], [-9741, 3525], [-9741, 3503], [-9797, 3503], [-9799, 3525], [-9799, 3563]]]}, "type": "Feature", "properties": {"name": "Covington County", "stateAbbrev": "AL", "state": "Alabama", "fips": "039", "incits": "01039", "id": "US.AL.039", "population": 37886}}, {"geometry": {"type": "Polygon", "coordinates": [[[-9770, 3613], [-9765, 3622], [-9754, 3622], [-9754, 3613], [-9741, 3613], [-9742, 3593], [-9736, 3593], [-9736, 3573], [-9741, 3553], [-9765, 3563], [-9776, 3563], [-9770, 3578], [-9770, 3613]]]}, "type": "Feature", "properties": {"name": "Crenshaw County", "stateAbbrev": "AL", "state": "Alabama", "fips": "041", "incits": "01041", "id": "US.AL.041", "population": 13986}}, {"geometry": {"type": "Polygon", "coordinates": [[[-9850, 3842], [-9845, 3842], [-9845, 3876], [-9845, 3878], [-9785, 3877], [-9771, 3872], [-9778, 3871], [-9787, 3856], [-9799, 3852], [-9806, 3840], [-9824, 3832], [-9828, 3827], [-9842, 3832], [-9850, 3842]]]}, "type": "Feature", "properties": {"name": "Cullman County", "stateAbbrev": "AL", "state": "Alabama", "fips": "043", "incits": "01043", "id": "US.AL.043", "population": 80811}}, {"geometry": {"type": "Polygon", "coordinates": [[[-9886, 3650], [-9880, 3651], [-9880, 3671], [-9846, 3672], [-9837, 3684], [-9835, 3699], [-9823, 3692], [-9822, 3677], [-9812, 3655], [-9822, 3642], [-9822, 3622], [-9853, 3622], [-9869, 3639], [-9886, 3645], [-9886, 3650]]]}, "type": "Feature", "properties": {"name": "Dallas County", "stateAbbrev": "AL", "state": "Alabama", "fips": "047", "incits": "01047", "id": "US.AL.047", "population": 41996}}, {"geometry": {"type": "Polygon", "coordinates": [[[-9766, 3697], [-9762, 3702], [-9720, 3702], [-9709, 3694], [-9707, 3672], [-9722, 3664], [-9732, 3664], [-9746, 3673], [-9766, 3663], [-9766, 3697]]]}, "type": "Feature", "properties": {"name": "Elmore County", "stateAbbrev": "AL", "state": "Alabama", "fips": "051", "incits": "01051", "id": "US.AL.051", "population": 80902}}, {"geometry": {"type": "Polygon", "coordinates": [[[-9902, 3531], [-9881, 3533], [-9806, 3533], [-9799, 3525], [-9797, 3503], [-9900, 3503], [-9902, 3531]]]}, "type": "Feature", "properties": {"name": "Escambia County", "stateAbbrev": "AL", "state": "Alabama", "fips": "053", "incits": "01053", "id": "US.AL.053", "population": 37983}}, {"geometry": {"type": "Polygon", "coordinates": [[[-9754, 3854], [-9731, 3865], [-9702, 3865], [-9690, 3839], [-9706, 3837], [-9727, 3825], [-9742, 3841], [-9756, 3836], [-9754, 3854]]]}, "type": "Feature", "properties": {"name": "Etowah County", "stateAbbrev": "AL", "state": "Alabama", "fips": "055", "incits": "01055", "id": "US.AL.055", "population": 103931}}, {"geometry": {"type": "Polygon", "coordinates": [[[-9940, 3834], [-9904, 3833], [-9893, 3828], [-9892, 3808], [-9880, 3807], [-9880, 3798], [-9904, 3799], [-9908, 3789], [-9927, 3789], [-9939, 3789], [-9940, 3834]]]}, "type": "Feature", "properties": {"name": "Fayette County", "stateAbbrev": "AL", "state": "Alabama", "fips": "057", "incits": "01057", "id": "US.AL.057", "population": 16909}}, {"geometry": {"type": "Polygon", "coordinates": [[[-9965, 3879], [-9961, 3908], [-9892, 3906], [-9892, 3877], [-9904, 3877], [-9965, 3879]]]}, "type": "Feature", "properties": {"name": "Franklin County", "stateAbbrev": "AL", "state": "Alabama", "fips": "059", "incits": "01059", "id": "US.AL.059", "population": 31532}}, {"geometry": {"type": "Polygon", "coordinates": [[[-9741, 3525], [-9696, 3526], [-9687, 3526], [-9661, 3526], [-9662, 3503], [-9741, 3503], [-9741, 3525]]]}, "type": "Feature", "properties": {"name": "Geneva County", "stateAbbrev": "AL", "state": "Alabama", "fips": "061", "incits": "01061", "id": "US.AL.061", "population": 26727}}, {"geometry": {"type": "Polygon", "coordinates": [[[-9965, 3729], [-9965, 3729], [-9965, 3730], [-9965, 3730], [-9965, 3730], [-9964, 3731], [-9964, 3731], [-9964, 3732], [-9964, 3732], [-9963, 3732], [-9962, 3732], [-9962, 3733], [-9962, 3733], [-9962, 3733], [-9963, 3734], [-9962, 3734], [-9961, 3734], [-9961, 3734], [-9960, 3734], [-9960, 3734], [-9960, 3734], [-9959, 3734], [-9959, 3734], [-9958, 3734], [-9957, 3734], [-9957, 3734], [-9957, 3734], [-9956, 3734], [-9956, 3734], [-9956, 3734], [-9955, 3734], [-9955, 3734], [-9955, 3734], [-9955, 3734], [-9955, 3734], [-9955, 3734], [-9954, 3734], [-9954, 3735], [-9954, 3735], [-9954, 3736], [-9954, 3736], [-9953, 3735], [-9953, 3735], [-9953, 3735], [-9953, 3735], [-9952, 3734], [-9952, 3734], [-9951, 3734], [-9951, 3734], [-9951, 3734], [-9951, 3733], [-9950, 3734], [-9950, 3734], [-9949, 3734], [-9949, 3734], [-9949, 3735], [-9950, 3735], [-9950, 3736], [-9950, 3736], [-9950, 3736], [-9950, 3736], [-9949, 3736], [-9949, 3736], [-9949, 3736], [-9949, 3736], [-9949, 3737], [-9949, 3737], [-9949, 3737], [-9948, 3737], [-9948, 3737], [-9948, 3737], [-9947, 3737], [-9947, 3737], [-9946, 3738], [-9946, 3738], [-9945, 3738], [-9945, 3738], [-9944, 3738], [-9944, 3738], [-9944, 3738], [-9944, 3738], [-9943, 3738], [-9943, 3738], [-9942, 3739], [-9942, 3739], [-9941, 3739], [-9941, 3739], [-9941, 3740], [-9940, 3740], [-9940, 3741], [-9940, 3741], [-9940, 3741], [-9940, 3742], [-9939, 3742], [-9939, 3742], [-9938, 3743], [-9938, 3743], [-9932, 3745], [-9932, 3745], [-9931, 3745], [-9930, 3745], [-9930, 3746], [-9930, 3746], [-9929, 3746], [-9929, 3746], [-9927, 3747], [-9927, 3745], [-9926, 3740], [-9917, 3732], [-9913, 3731], [-9913, 3731], [-9913, 3731], [-9913, 3731], [-9913, 3730], [-9913, 3730], [-9913, 3730], [-9913, 3730], [-9913, 3729], [-9912, 3729], [-9912, 3729], [-9912, 3729], [-9912, 3728], [-9913, 3728], [-9913, 3728], [-9914, 3728], [-9915, 3728], [-9915, 3728], [-9916, 3727], [-9916, 3727], [-9916, 3727], [-9917, 3727], [-9917, 3727], [-9917, 3727], [-9917, 3727], [-9917, 3726], [-9917, 3725], [-9917, 3725], [-9916, 3725], [-9916, 3725], [-9917, 3724], [-9917, 3724], [-9917, 3724], [-9916, 3724], [-9916, 3724], [-9915, 3724], [-9915, 3724], [-9915, 3724], [-9916, 3723], [-9916, 3723], [-9916, 3722], [-9918, 3722], [-9918, 3722], [-9917, 3722], [-9917, 3722], [-9918, 3721], [-9918, 3722], [-9918, 3722], [-9918, 3722], [-9919, 3722], [-9919, 3722], [-9919, 3721], [-9919, 3721], [-9919, 3721], [-9920, 3721], [-9920, 3721], [-9920, 3721], [-9920, 3721], [-9920, 3721], [-9920, 3720], [-9919, 3720], [-9919, 3719], [-9918, 3719], [-9919, 3719], [-9919, 3718], [-9920, 3718], [-9920, 3719], [-9921, 3718], [-9921, 3718], [-9921, 3718], [-9921, 3718], [-9921, 3718], [-9921, 3718], [-9922, 3718], [-9922, 3718], [-9923, 3718], [-9923, 3718], [-9924, 3718], [-9924, 3718], [-9924, 3717], [-9924, 3717], [-9924, 3717], [-9924, 3717], [-9925, 3717], [-9925, 3717], [-9925, 3717], [-9925, 3717], [-9924, 3717], [-9924, 3716], [-9924, 3716], [-9924, 3716], [-9925, 3716], [-9925, 3716], [-9925, 3716], [-9925, 3715], [-9925, 3715], [-9925, 3715], [-9925, 3714], [-9926, 3714], [-9926, 3714], [-9927, 3714], [-9927, 3714], [-9926, 3713], [-9926, 3713], [-9926, 3713], [-9925, 3713], [-9925, 3712], [-9926, 3712], [-9926, 3712], [-9926, 3712], [-9927, 3712], [-9927, 3712], [-9926, 3711], [-9925, 3711], [-9925, 3711], [-9925, 3711], [-9925, 3710], [-9925, 3710], [-9925, 3710], [-9925, 3710], [-9925, 3709], [-9925, 3709], [-9925, 3709], [-9924, 3708], [-9925, 3708], [-9925, 3708], [-9925, 3708], [-9925, 3707], [-9925, 3707], [-9925, 3707], [-9925, 3706], [-9926, 3706], [-9926, 3706], [-9927, 3706], [-9927, 3705], [-9927, 3705], [-9928, 3705], [-9928, 3704], [-9929, 3704], [-9929, 3704], [-9930, 3704], [-9930, 3704], [-9931, 3703], [-9931, 3703], [-9931, 3703], [-9931, 3703], [-9930, 3702], [-9930, 3702], [-9929, 3702], [-9928, 3702], [-9928, 3702], [-9927, 3702], [-9927, 3703], [-9927, 3703], [-9927, 3703], [-9927, 3703], [-9927, 3704], [-9926, 3703], [-9925, 3703], [-9924, 3701], [-9923, 3701], [-9924, 3699], [-9925, 3700], [-9926, 3699], [-9926, 3699], [-9926, 3698], [-9926, 3698], [-9926, 3697], [-9925, 3696], [-9925, 3696], [-9924, 3697], [-9924, 3697], [-9923, 3698], [-9922, 3698], [-9922, 3697], [-9922, 3697], [-9922, 3696], [-9923, 3696], [-9922, 3695], [-9922, 3694], [-9922, 3694], [-9921, 3694], [-9921, 3693], [-9921, 3693], [-9922, 3693], [-9922, 3692], [-9922, 3692], [-9922, 3692], [-9922, 3691], [-9922, 3691], [-9922, 3691], [-9921, 3690], [-9919, 3690], [-9919, 3690], [-9918, 3690], [-9918, 3691], [-9918, 3691], [-9917, 3691], [-9917, 3691], [-9916, 3690], [-9917, 3690], [-9917, 3689], [-9918, 3688], [-9918, 3688], [-9918, 3688], [-9919, 3689], [-9920, 3689], [-9920, 3689], [-9920, 3689], [-9921, 3689], [-9922, 3689], [-9923, 3689], [-9923, 3689], [-9923, 3689], [-9924, 3689], [-9924, 3689], [-9924, 3688], [-9924, 3687], [-9924, 3687], [-9924, 3687], [-9923, 3686], [-9923, 3685], [-9922, 3685], [-9921, 3685], [-9920, 3685], [-9919, 3686], [-9919, 3686], [-9918, 3686], [-9918, 3686], [-9917, 3686], [-9917, 3686], [-9917, 3685], [-9917, 3685], [-9917, 3684], [-9916, 3684], [-9916, 3683], [-9916, 3683], [-9924, 3676], [-9929, 3677], [-9936, 3688], [-9952, 3684], [-9957, 3707], [-9969, 3721], [-9965, 3729]]]}, "type": "Feature", "properties": {"name": "Greene County", "stateAbbrev": "AL", "state": "Alabama", "fips": "063", "incits": "01063", "id": "US.AL.063", "population": 8744}}, {"geometry": {"type": "Polygon", "coordinates": [[[-9931, 3703], [-9931, 3703], [-9930, 3704], [-9930, 3704], [-9929, 3704], [-9929, 3704], [-9928, 3704], [-9928, 3705], [-9927, 3705], [-9927, 3705], [-9927, 3706], [-9926, 3706], [-9926, 3706], [-9925, 3706], [-9925, 3707], [-9925, 3707], [-9925, 3707], [-9925, 3708], [-9925, 3708], [-9925, 3708], [-9924, 3708], [-9925, 3709], [-9925, 3709], [-9925, 3709], [-9925, 3710], [-9925, 3710], [-9925, 3710], [-9925, 3710], [-9925, 3711], [-9925, 3711], [-9925, 3711], [-9926, 3711], [-9927, 3712], [-9927, 3712], [-9926, 3712], [-9926, 3712], [-9926, 3712], [-9925, 3712], [-9925, 3713], [-9926, 3713], [-9926, 3713], [-9926, 3713], [-9927, 3714], [-9927, 3714], [-9926, 3714], [-9926, 3714], [-9925, 3714], [-9925, 3715], [-9925, 3715], [-9925, 3715], [-9925, 3716], [-9925, 3716], [-9925, 3716], [-9924, 3716], [-9924, 3716], [-9924, 3716], [-9924, 3717], [-9925, 3717], [-9925, 3717], [-9925, 3717], [-9925, 3717], [-9924, 3717], [-9924, 3717], [-9924, 3717], [-9924, 3717], [-9924, 3718], [-9924, 3718], [-9923, 3718], [-9923, 3718], [-9922, 3718], [-9922, 3718], [-9921, 3718], [-9921, 3718], [-9921, 3718], [-9921, 3718], [-9921, 3718], [-9921, 3718], [-9920, 3719], [-9920, 3718], [-9919, 3718], [-9919, 3719], [-9918, 3719], [-9919, 3719], [-9919, 3720], [-9920, 3720], [-9920, 3721], [-9920, 3721], [-9920, 3721], [-9920, 3721], [-9920, 3721], [-9919, 3721], [-9919, 3721], [-9919, 3721], [-9919, 3722], [-9919, 3722], [-9918, 3722], [-9918, 3722], [-9918, 3722], [-9918, 3721], [-9917, 3722], [-9917, 3722], [-9918, 3722], [-9918, 3722], [-9916, 3722], [-9916, 3723], [-9916, 3723], [-9915, 3724], [-9915, 3724], [-9915, 3724], [-9916, 3724], [-9916, 3724], [-9917, 3724], [-9917, 3724], [-9917, 3724], [-9916, 3725], [-9916, 3725], [-9917, 3725], [-9917, 3725], [-9917, 3726], [-9917, 3727], [-9917, 3727], [-9917, 3727], [-9917, 3727], [-9916, 3727], [-9916, 3727], [-9916, 3727], [-9915, 3728], [-9915, 3728], [-9914, 3728], [-9913, 3728], [-9913, 3728], [-9912, 3728], [-9912, 3729], [-9912, 3729], [-9912, 3729], [-9913, 3729], [-9913, 3730], [-9913, 3730], [-9913, 3730], [-9903, 3730], [-9880, 3730], [-9880, 3715], [-9886, 3710], [-9886, 3691], [-9892, 3691], [-9892, 3670], [-9915, 3670], [-9924, 3676], [-9916, 3683], [-9916, 3683], [-9916, 3684], [-9917, 3684], [-9917, 3685], [-9917, 3685], [-9917, 3686], [-9917, 3686], [-9918, 3686], [-9918, 3686], [-9919, 3686], [-9919, 3686], [-9920, 3685], [-9921, 3685], [-9922, 3685], [-9923, 3685], [-9923, 3686], [-9924, 3687], [-9924, 3687], [-9924, 3687], [-9924, 3688], [-9924, 3689], [-9924, 3689], [-9923, 3689], [-9923, 3689], [-9923, 3689], [-9922, 3689], [-9921, 3689], [-9920, 3689], [-9920, 3689], [-9920, 3689], [-9919, 3689], [-9918, 3688], [-9918, 3688], [-9918, 3688], [-9917, 3689], [-9917, 3690], [-9916, 3690], [-9917, 3691], [-9917, 3691], [-9918, 3691], [-9918, 3691], [-9918, 3690], [-9919, 3690], [-9919, 3690], [-9921, 3690], [-9922, 3691], [-9922, 3691], [-9922, 3691], [-9922, 3692], [-9922, 3692], [-9922, 3692], [-9922, 3693], [-9921, 3693], [-9921, 3693], [-9921, 3694], [-9922, 3694], [-9922, 3694], [-9922, 3695], [-9923, 3696], [-9922, 3696], [-9922, 3697], [-9922, 3697], [-9922, 3698], [-9923, 3698], [-9924, 3697], [-9924, 3697], [-9925, 3696], [-9925, 3696], [-9926, 3697], [-9926, 3698], [-9926, 3698], [-9926, 3699], [-9926, 3699], [-9925, 3700], [-9924, 3699], [-9923, 3701], [-9924, 3701], [-9925, 3703], [-9926, 3703], [-9927, 3704], [-9927, 3703], [-9927, 3703], [-9927, 3703], [-9927, 3703], [-9927, 3702], [-9928, 3702], [-9928, 3702], [-9929, 3702], [-9930, 3702], [-9930, 3702], [-9931, 3703], [-9931, 3703], [-9931, 3703]]]}, "type": "Feature", "properties": {"name": "Hale County", "stateAbbrev": "AL", "state": "Alabama", "fips": "065", "incits": "01065", "id": "US.AL.065", "population": 15406}}, {"geometry": {"type": "Polygon", "coordinates": [[[-9687, 3526], [-9681, 3535], [-9664, 3532], [-9654, 3539], [-9616, 3538], [-9618, 3522], [-9611, 3516], [-9607, 3504], [-9662, 3503], [-9661, 3526], [-9687, 3526]]]}, "type": "Feature", "properties": {"name": "Houston County", "stateAbbrev": "AL", "state": "Alabama", "fips": "069", "incits": "01069", "id": "US.AL.069", "population": 103668}}, {"geometry": {"type": "Polygon", "coordinates": [[[-9863, 3788], [-9843, 3801], [-9833, 3819], [-9827, 3822], [-9805, 3825], [-9785, 3816], [-9779, 3811], [-9778, 3791], [-9788, 3782], [-9796, 3782], [-9807, 3771], [-9836, 3757], [-9840, 3757], [-9870, 3781], [-9863, 3788]]]}, "type": "Feature", "properties": {"name": "Jefferson County", "stateAbbrev": "AL", "state": "Alabama", "fips": "073", "incits": "01073", "id": "US.AL.073", "population": 659479}}, {"geometry": {"type": "Polygon", "coordinates": [[[-9977, 3790], [-9969, 3849], [-9944, 3849], [-9940, 3834], [-9939, 3789], [-9977, 3790]]]}, "type": "Feature", "properties": {"name": "Lamar County", "stateAbbrev": "AL", "state": "Alabama", "fips": "075", "incits": "01075", "id": "US.AL.075", "population": 14236}}, {"geometry": {"type": "Polygon", "coordinates": [[[-9856, 3955], [-9857, 3935], [-9862, 3928], [-9862, 3928], [-9867, 3928], [-9868, 3929], [-9870, 3931], [-9871, 3933], [-9871, 3933], [-9874, 3934], [-9880, 3933], [-9881, 3933], [-9894, 3936], [-9920, 3925], [-9936, 3933], [-9940, 3941], [-9957, 3943], [-9968, 3957], [-9856, 3955]]]}, "type": "Feature", "properties": {"name": "Lauderdale County", "stateAbbrev": "AL", "state": "Alabama", "fips": "077", "incits": "01077", "id": "US.AL.077", "population": 92797}}, {"geometry": {"type": "Polygon", "coordinates": [[[-9892, 3906], [-9881, 3927], [-9881, 3928], [-9881, 3928], [-9880, 3929], [-9880, 3930], [-9881, 3930], [-9882, 3930], [-9882, 3930], [-9881, 3931], [-9881, 3931], [-9881, 3931], [-9881, 3931], [-9881, 3932], [-9881, 3932], [-9880, 3933], [-9874, 3934], [-9871, 3933], [-9871, 3933], [-9870, 3931], [-9868, 3929], [-9867, 3928], [-9862, 3928], [-9858, 3929], [-9852, 3927], [-9848, 3924], [-9847, 3923], [-9845, 3921], [-9844, 3920], [-9844, 3918], [-9844, 3917], [-9845, 3899], [-9845, 3878], [-9845, 3876], [-9892, 3877], [-9892, 3906]]]}, "type": "Feature", "properties": {"name": "Lawrence County", "stateAbbrev": "AL", "state": "Alabama", "fips": "079", "incits": "01079", "id": "US.AL.079", "population": 33587}}, {"geometry": {"type": "Polygon", "coordinates": [[[-9856, 3955], [-9808, 3955], [-9809, 3905], [-9823, 3908], [-9834, 3915], [-9835, 3916], [-9838, 3916], [-9839, 3916], [-9843, 3919], [-9844, 3920], [-9844, 3920], [-9845, 3921], [-9847, 3923], [-9848, 3924], [-9852, 3927], [-9858, 3929], [-9862, 3928], [-9857, 3935], [-9856, 3955]]]}, "type": "Feature", "properties": {"name": "Limestone County", "stateAbbrev": "AL", "state": "Alabama", "fips": "083", "incits": "01083", "id": "US.AL.083", "population": 88845}}, {"geometry": {"type": "Polygon", "coordinates": [[[-9812, 3655], [-9784, 3659], [-9776, 3656], [-9766, 3644], [-9765, 3622], [-9770, 3613], [-9816, 3612], [-9822, 3622], [-9822, 3642], [-9812, 3655]]]}, "type": "Feature", "properties": {"name": "Lowndes County", "stateAbbrev": "AL", "state": "Alabama", "fips": "085", "incits": "01085", "id": "US.AL.085", "population": 10703}}, {"geometry": {"type": "Polygon", "coordinates": [[[-9809, 3905], [-9808, 3955], [-9755, 3955], [-9760, 3914], [-9756, 3910], [-9755, 3904], [-9768, 3897], [-9782, 3903], [-9800, 3909], [-9809, 3905]]]}, "type": "Feature", "properties": {"name": "Madison County", "stateAbbrev": "AL", "state": "Alabama", "fips": "089", "incits": "01089", "id": "US.AL.089", "population": 346892}}, {"geometry": {"type": "Polygon", "coordinates": [[[-9938, 3649], [-9938, 3650], [-9938, 3651], [-9951, 3659], [-9949, 3666], [-9929, 3677], [-9924, 3676], [-9915, 3670], [-9892, 3670], [-9892, 3650], [-9886, 3650], [-9886, 3645], [-9891, 3630], [-9903, 3630], [-9908, 3616], [-9954, 3615], [-9946, 3637], [-9946, 3649], [-9938, 3649]]]}, "type": "Feature", "properties": {"name": "Marengo County", "stateAbbrev": "AL", "state": "Alabama", "fips": "091", "incits": "01091", "id": "US.AL.091", "population": 20155}}, {"geometry": {"type": "Polygon", "coordinates": [[[-9969, 3849], [-9965, 3879], [-9904, 3877], [-9904, 3843], [-9904, 3833], [-9940, 3834], [-9944, 3849], [-9969, 3849]]]}, "type": "Feature", "properties": {"name": "Marion County", "stateAbbrev": "AL", "state": "Alabama", "fips": "093", "incits": "01093", "id": "US.AL.093", "population": 30334}}, {"geometry": {"type": "Polygon", "coordinates": [[[-9785, 3877], [-9782, 3903], [-9768, 3897], [-9755, 3904], [-9756, 3910], [-9736, 3910], [-9726, 3896], [-9732, 3891], [-9731, 3865], [-9754, 3854], [-9771, 3872], [-9785, 3877]]]}, "type": "Feature", "properties": {"name": "Marshall County", "stateAbbrev": "AL", "state": "Alabama", "fips": "095", "incits": "01095", "id": "US.AL.095", "population": 94760}}, {"geometry": {"type": "Polygon", "coordinates": [[[-9994, 3516], [-9983, 3520], [-9948, 3520], [-9942, 3522], [-9939, 3509], [-9944, 3491], [-9939, 3485], [-9948, 3475], [-9944, 3463], [-9947, 3428], [-9953, 3406], [-9964, 3413], [-9986, 3411], [-9990, 3424], [-9994, 3516]]]}, "type": "Feature", "properties": {"name": "Mobile County", "stateAbbrev": "AL", "state": "Alabama", "fips": "097", "incits": "01097", "id": "US.AL.097", "population": 414079}}, {"geometry": {"type": "Polygon", "coordinates": [[[-9889, 3597], [-9822, 3597], [-9822, 3589], [-9848, 3575], [-9851, 3562], [-9881, 3533], [-9902, 3531], [-9919, 3537], [-9913, 3549], [-9900, 3550], [-9897, 3558], [-9897, 3582], [-9889, 3597]]]}, "type": "Feature", "properties": {"name": "Monroe County", "stateAbbrev": "AL", "state": "Alabama", "fips": "099", "incits": "01099", "id": "US.AL.099", "population": 22236}}, {"geometry": {"type": "Polygon", "coordinates": [[[-9776, 3656], [-9766, 3663], [-9746, 3673], [-9732, 3664], [-9722, 3664], [-9710, 3648], [-9719, 3645], [-9719, 3622], [-9719, 3613], [-9741, 3613], [-9754, 3613], [-9754, 3622], [-9765, 3622], [-9766, 3644], [-9776, 3656]]]}, "type": "Feature", "properties": {"name": "Montgomery County", "stateAbbrev": "AL", "state": "Alabama", "fips": "101", "incits": "01101", "id": "US.AL.101", "population": 226659}}, {"geometry": {"type": "Polygon", "coordinates": [[[-9845, 3878], [-9845, 3899], [-9844, 3917], [-9844, 3918], [-9844, 3920], [-9844, 3920], [-9843, 3919], [-9839, 3916], [-9838, 3916], [-9835, 3916], [-9834, 3915], [-9823, 3908], [-9809, 3905], [-9800, 3909], [-9782, 3903], [-9785, 3877], [-9845, 3878]]]}, "type": "Feature", "properties": {"name": "Morgan County", "stateAbbrev": "AL", "state": "Alabama", "fips": "103", "incits": "01103", "id": "US.AL.103", "population": 119787}}, {"geometry": {"type": "Polygon", "coordinates": [[[-9880, 3715], [-9869, 3711], [-9835, 3711], [-9835, 3699], [-9837, 3684], [-9846, 3672], [-9880, 3671], [-9880, 3651], [-9886, 3650], [-9892, 3650], [-9892, 3670], [-9892, 3691], [-9886, 3691], [-9886, 3710], [-9880, 3715]]]}, "type": "Feature", "properties": {"name": "Perry County", "stateAbbrev": "AL", "state": "Alabama", "fips": "105", "incits": "01105", "id": "US.AL.105", "population": 10020}}, {"geometry": {"type": "Polygon", "coordinates": [[[-9984, 3729], [-9977, 3790], [-9939, 3789], [-9927, 3789], [-9927, 3747], [-9927, 3747], [-9929, 3746], [-9929, 3746], [-9930, 3746], [-9930, 3746], [-9930, 3745], [-9931, 3745], [-9932, 3745], [-9932, 3745], [-9938, 3743], [-9938, 3743], [-9939, 3742], [-9939, 3742], [-9940, 3742], [-9940, 3741], [-9940, 3741], [-9940, 3741], [-9940, 3740], [-9941, 3740], [-9941, 3739], [-9941, 3739], [-9942, 3739], [-9942, 3739], [-9943, 3738], [-9943, 3738], [-9944, 3738], [-9944, 3738], [-9944, 3738], [-9944, 3738], [-9945, 3738], [-9945, 3738], [-9946, 3738], [-9946, 3738], [-9947, 3737], [-9947, 3737], [-9948, 3737], [-9948, 3737], [-9948, 3737], [-9949, 3737], [-9949, 3737], [-9949, 3737], [-9949, 3736], [-9949, 3736], [-9949, 3736], [-9949, 3736], [-9950, 3736], [-9950, 3736], [-9950, 3736], [-9950, 3736], [-9950, 3735], [-9949, 3735], [-9949, 3734], [-9949, 3734], [-9950, 3734], [-9950, 3734], [-9951, 3733], [-9951, 3734], [-9951, 3734], [-9951, 3734], [-9952, 3734], [-9952, 3734], [-9953, 3735], [-9953, 3735], [-9953, 3735], [-9953, 3735], [-9954, 3736], [-9954, 3736], [-9954, 3735], [-9954, 3735], [-9954, 3734], [-9955, 3734], [-9955, 3734], [-9955, 3734], [-9955, 3734], [-9955, 3734], [-9955, 3734], [-9956, 3734], [-9956, 3734], [-9956, 3734], [-9957, 3734], [-9957, 3734], [-9957, 3734], [-9958, 3734], [-9959, 3734], [-9959, 3734], [-9960, 3734], [-9960, 3734], [-9960, 3734], [-9961, 3734], [-9961, 3734], [-9962, 3734], [-9963, 3734], [-9962, 3733], [-9962, 3733], [-9962, 3733], [-9962, 3732], [-9963, 3732], [-9964, 3732], [-9964, 3732], [-9964, 3731], [-9964, 3731], [-9965, 3730], [-9965, 3730], [-9965, 3730], [-9965, 3729], [-9973, 3729], [-9984, 3729]]]}, "type": "Feature", "properties": {"name": "Pickens County", "stateAbbrev": "AL", "state": "Alabama", "fips": "107", "incits": "01107", "id": "US.AL.107", "population": 19401}}, {"geometry": {"type": "Polygon", "coordinates": [[[-9785, 3816], [-9768, 3823], [-9756, 3836], [-9742, 3841], [-9727, 3825], [-9725, 3817], [-9736, 3806], [-9744, 3796], [-9741, 3791], [-9762, 3774], [-9762, 3786], [-9778, 3791], [-9779, 3811], [-9785, 3816]]]}, "type": "Feature", "properties": {"name": "St. Clair County", "stateAbbrev": "AL", "state": "Alabama", "fips": "115", "incits": "01115", "id": "US.AL.115", "population": 86308}}, {"geometry": {"type": "Polygon", "coordinates": [[[-9993, 3651], [-9984, 3729], [-9973, 3729], [-9965, 3729], [-9965, 3729], [-9969, 3721], [-9957, 3707], [-9952, 3684], [-9936, 3688], [-9929, 3677], [-9949, 3666], [-9951, 3659], [-9938, 3651], [-9993, 3651]]]}, "type": "Feature", "properties": {"name": "Sumter County", "stateAbbrev": "AL", "state": "Alabama", "fips": "119", "incits": "01119", "id": "US.AL.119", "population": 13361}}, {"geometry": {"type": "Polygon", "coordinates": [[[-9927, 3789], [-9908, 3789], [-9904, 3799], [-9880, 3798], [-9868, 3796], [-9863, 3788], [-9870, 3781], [-9840, 3757], [-9849, 3756], [-9855, 3744], [-9864, 3745], [-9869, 3730], [-9880, 3730], [-9903, 3730], [-9913, 3730], [-9913, 3730], [-9913, 3731], [-9913, 3731], [-9913, 3731], [-9913, 3731], [-9917, 3732], [-9926, 3740], [-9927, 3745], [-9927, 3747], [-9927, 3789]]]}, "type": "Feature", "properties": {"name": "Tuscaloosa County", "stateAbbrev": "AL", "state": "Alabama", "fips": "125", "incits": "01125", "id": "US.AL.125", "population": 200821}}, {"geometry": {"type": "Polygon", "coordinates": [[[-9904, 3833], [-9904, 3843], [-9850, 3842], [-9842, 3832], [-9828, 3827], [-9827, 3822], [-9833, 3819], [-9843, 3801], [-9863, 3788], [-9868, 3796], [-9880, 3798], [-9880, 3807], [-9892, 3808], [-9893, 3828], [-9904, 3833]]]}, "type": "Feature", "properties": {"name": "Walker County", "stateAbbrev": "AL", "state": "Alabama", "fips": "127", "incits": "01127", "id": "US.AL.127", "population": 65998}}, {"geometry": {"type": "Polygon", "coordinates": [[[-9998, 3582], [-9955, 3583], [-9954, 3571], [-9939, 3563], [-9933, 3545], [-9943, 3533], [-9940, 3525], [-9942, 3522], [-9948, 3520], [-9983, 3520], [-9994, 3516], [-9998, 3582]]]}, "type": "Feature", "properties": {"name": "Washington County", "stateAbbrev": "AL", "state": "Alabama", "fips": "129", "incits": "01129", "id": "US.AL.129", "population": 16877}}, {"geometry": {"type": "Polygon", "coordinates": [[[-9886, 3645], [-9869, 3639], [-9853, 3622], [-9822, 3622], [-9816, 3612], [-9822, 3597], [-9889, 3597], [-9903, 3597], [-9908, 3603], [-9908, 3616], [-9903, 3630], [-9891, 3630], [-9886, 3645]]]}, "type": "Feature", "properties": {"name": "Wilcox County", "stateAbbrev": "AL", "state": "Alabama", "fips": "131", "incits": "01131", "id": "US.AL.131", "population": 11307}}, {"geometry": {"type": "Polygon", "coordinates": [[[-9904, 3877], [-9892, 3877], [-9845, 3876], [-9845, 3842], [-9850, 3842], [-9904, 3843], [-9904, 3877]]]}, "type": "Feature", "properties": {"name": "Winston County", "stateAbbrev": "AL", "state": "Alabama", "fips": "133", "incits": "01133", "id": "US.AL.133", "population": 24146}}, {"geometry": {"type": "Polygon", "coordinates": [[[-9727, 3825], [-9706, 3837], [-9690, 3839], [-9666, 3836], [-9674, 3830], [-9679, 3803], [-9696, 3792], [-9719, 3796], [-9725, 3806], [-9736, 3806], [-9725, 3817], [-9727, 3825]]]}, "type": "Feature", "properties": {"name": "Calhoun County", "stateAbbrev": "AL", "state": "Alabama", "fips": "015", "incits": "01015", "id": "US.AL.015", "population": 116736}}, {"geometry": {"type": "Polygon", "coordinates": [[[-9665, 3902], [-9652, 3839], [-9666, 3836], [-9690, 3839], [-9702, 3865], [-9678, 3884], [-9665, 3902]]]}, "type": "Feature", "properties": {"name": "Cherokee County", "stateAbbrev": "AL", "state": "Alabama", "fips": "019", "incits": "01019", "id": "US.AL.019", "population": 26203}}, {"geometry": {"type": "Polygon", "coordinates": [[[-9703, 3786], [-9696, 3792], [-9679, 3803], [-9674, 3830], [-9666, 3836], [-9652, 3839], [-9641, 3784], [-9679, 3786], [-9703, 3786]]]}, "type": "Feature", "properties": {"name": "Cleburne County", "stateAbbrev": "AL", "state": "Alabama", "fips": "029", "incits": "01029", "id": "US.AL.029", "population": 14994}}, {"geometry": {"type": "Polygon", "coordinates": [[[-9726, 3896], [-9720, 3897], [-9695, 3913], [-9672, 3940], [-9665, 3902], [-9678, 3884], [-9702, 3865], [-9731, 3865], [-9732, 3891], [-9726, 3896]]]}, "type": "Feature", "properties": {"name": "DeKalb County", "stateAbbrev": "AL", "state": "Alabama", "fips": "049", "incits": "01049", "id": "US.AL.049", "population": 71013}}, {"geometry": {"type": "Polygon", "coordinates": [[[-9755, 3955], [-9675, 3954], [-9672, 3940], [-9695, 3913], [-9720, 3897], [-9726, 3896], [-9736, 3910], [-9756, 3910], [-9760, 3914], [-9755, 3955]]]}, "type": "Feature", "properties": {"name": "Jackson County", "stateAbbrev": "AL", "state": "Alabama", "fips": "071", "incits": "01071", "id": "US.AL.071", "population": 52951}}, {"geometry": {"type": "Polygon", "coordinates": [[[-9691, 3573], [-9682, 3590], [-9681, 3603], [-9673, 3616], [-9655, 3618], [-9653, 3633], [-9636, 3633], [-9628, 3624], [-9613, 3624], [-9616, 3610], [-9622, 3600], [-9621, 3589], [-9631, 3583], [-9653, 3584], [-9653, 3574], [-9691, 3573]]]}, "type": "Feature", "properties": {"name": "Barbour County", "stateAbbrev": "AL", "state": "Alabama", "fips": "005", "incits": "01005", "id": "US.AL.005", "population": 27076}}, {"geometry": {"type": "Polygon", "coordinates": [[[-9710, 3648], [-9703, 3643], [-9655, 3643], [-9653, 3633], [-9655, 3618], [-9673, 3616], [-9681, 3603], [-9696, 3603], [-9696, 3613], [-9706, 3613], [-9707, 3622], [-9719, 3622], [-9719, 3645], [-9710, 3648]]]}, "type": "Feature", "properties": {"name": "Bullock County", "stateAbbrev": "AL", "state": "Alabama", "fips": "011", "incits": "01011", "id": "US.AL.011", "population": 10639}}, {"geometry": {"type": "Polygon", "coordinates": [[[-9674, 3742], [-9633, 3742], [-9627, 3715], [-9621, 3701], [-9673, 3699], [-9674, 3742]]]}, "type": "Feature", "properties": {"name": "Chambers County", "stateAbbrev": "AL", "state": "Alabama", "fips": "017", "incits": "01017", "id": "US.AL.017", "population": 34162}}, {"geometry": {"type": "Polygon", "coordinates": [[[-9739, 3741], [-9733, 3752], [-9733, 3763], [-9717, 3763], [-9703, 3786], [-9679, 3786], [-9680, 3742], [-9717, 3742], [-9721, 3740], [-9739, 3741]]]}, "type": "Feature", "properties": {"name": "Clay County", "stateAbbrev": "AL", "state": "Alabama", "fips": "027", "incits": "01027", "id": "US.AL.027", "population": 13486}}, {"geometry": {"type": "Polygon", "coordinates": [[[-9736, 3573], [-9696, 3573], [-9696, 3526], [-9741, 3525], [-9741, 3553], [-9736, 3573]]]}, "type": "Feature", "properties": {"name": "Coffee County", "stateAbbrev": "AL", "state": "Alabama", "fips": "031", "incits": "01031", "id": "US.AL.031", "population": 50938}}, {"geometry": {"type": "Polygon", "coordinates": [[[-9778, 3732], [-9775, 3741], [-9739, 3741], [-9721, 3740], [-9720, 3702], [-9762, 3702], [-9778, 3721], [-9778, 3732]]]}, "type": "Feature", "properties": {"name": "Coosa County", "stateAbbrev": "AL", "state": "Alabama", "fips": "037", "incits": "01037", "id": "US.AL.037", "population": 10898}}, {"geometry": {"type": "Polygon", "coordinates": [[[-9696, 3573], [-9691, 3573], [-9653, 3574], [-9654, 3539], [-9664, 3532], [-9681, 3535], [-9687, 3526], [-9696, 3526], [-9696, 3573]]]}, "type": "Feature", "properties": {"name": "Dale County", "stateAbbrev": "AL", "state": "Alabama", "fips": "045", "incits": "01045", "id": "US.AL.045", "population": 49884}}, {"geometry": {"type": "Polygon", "coordinates": [[[-9654, 3539], [-9653, 3574], [-9653, 3584], [-9631, 3583], [-9621, 3589], [-9613, 3573], [-9616, 3538], [-9654, 3539]]]}, "type": "Feature", "properties": {"name": "Henry County", "stateAbbrev": "AL", "state": "Alabama", "fips": "067", "incits": "01067", "id": "US.AL.067", "population": 17296}}, {"geometry": {"type": "Polygon", "coordinates": [[[-9673, 3699], [-9621, 3701], [-9614, 3682], [-9607, 3674], [-9613, 3670], [-9644, 3669], [-9656, 3663], [-9662, 3673], [-9685, 3684], [-9685, 3695], [-9673, 3699]]]}, "type": "Feature", "properties": {"name": "Lee County", "stateAbbrev": "AL", "state": "Alabama", "fips": "081", "incits": "01081", "id": "US.AL.081", "population": 150933}}, {"geometry": {"type": "Polygon", "coordinates": [[[-9722, 3664], [-9707, 3672], [-9697, 3682], [-9685, 3684], [-9662, 3673], [-9656, 3663], [-9655, 3643], [-9703, 3643], [-9710, 3648], [-9722, 3664]]]}, "type": "Feature", "properties": {"name": "Macon County", "stateAbbrev": "AL", "state": "Alabama", "fips": "087", "incits": "01087", "id": "US.AL.087", "population": 19688}}, {"geometry": {"type": "Polygon", "coordinates": [[[-9741, 3613], [-9719, 3613], [-9719, 3622], [-9707, 3622], [-9706, 3613], [-9696, 3613], [-9696, 3603], [-9681, 3603], [-9682, 3590], [-9691, 3573], [-9696, 3573], [-9736, 3573], [-9736, 3593], [-9742, 3593], [-9741, 3613]]]}, "type": "Feature", "properties": {"name": "Pike County", "stateAbbrev": "AL", "state": "Alabama", "fips": "109", "incits": "01109", "id": "US.AL.109", "population": 33339}}, {"geometry": {"type": "Polygon", "coordinates": [[[-9679, 3786], [-9641, 3784], [-9633, 3742], [-9674, 3742], [-9680, 3742], [-9679, 3786]]]}, "type": "Feature", "properties": {"name": "Randolph County", "stateAbbrev": "AL", "state": "Alabama", "fips": "111", "incits": "01111", "id": "US.AL.111", "population": 22727}}, {"geometry": {"type": "Polygon", "coordinates": [[[-9656, 3663], [-9644, 3669], [-9613, 3670], [-9607, 3674], [-9603, 3667], [-9607, 3653], [-9595, 3646], [-9613, 3632], [-9613, 3624], [-9628, 3624], [-9636, 3633], [-9653, 3633], [-9655, 3643], [-9656, 3663]]]}, "type": "Feature", "properties": {"name": "Russell County", "stateAbbrev": "AL", "state": "Alabama", "fips": "113", "incits": "01113", "id": "US.AL.113", "population": 59585}}, {"geometry": {"type": "Polygon", "coordinates": [[[-9836, 3757], [-9807, 3771], [-9796, 3782], [-9788, 3782], [-9778, 3791], [-9762, 3786], [-9762, 3774], [-9760, 3763], [-9775, 3752], [-9775, 3741], [-9778, 3732], [-9788, 3737], [-9819, 3735], [-9835, 3748], [-9836, 3757]]]}, "type": "Feature", "properties": {"name": "Shelby County", "stateAbbrev": "AL", "state": "Alabama", "fips": "117", "incits": "01117", "id": "US.AL.117", "population": 204180}}, {"geometry": {"type": "Polygon", "coordinates": [[[-9762, 3774], [-9741, 3791], [-9744, 3796], [-9736, 3806], [-9725, 3806], [-9719, 3796], [-9696, 3792], [-9703, 3786], [-9717, 3763], [-9733, 3763], [-9733, 3752], [-9739, 3741], [-9775, 3741], [-9775, 3752], [-9760, 3763], [-9762, 3774]]]}, "type": "Feature", "properties": {"name": "Talladega County", "stateAbbrev": "AL", "state": "Alabama", "fips": "121", "incits": "01121", "id": "US.AL.121", "population": 81096}}, {"geometry": {"type": "Polygon", "coordinates": [[[-9721, 3740], [-9717, 3742], [-9680, 3742], [-9674, 3742], [-9673, 3699], [-9685, 3695], [-9685, 3684], [-9697, 3682], [-9707, 3672], [-9709, 3694], [-9720, 3702], [-9721, 3740]]]}, "type": "Feature", "properties": {"name": "Tallapoosa County", "stateAbbrev": "AL", "state": "Alabama", "fips": "123", "incits": "01123", "id": "US.AL.123", "population": 41203}}], "ac-tx": {"default": {"crs": "wsg84", "scale": 113.01735780915932, "xoffset": 0, "yoffset": 0}}}