{"crs": {"type": "name", "properties": {"name": "urn:ogc:def:crs:EPSG:4326"}}, "type": "FeatureCollection", "features": [{"geometry": {"type": "Polygon", "coordinates": [[[-9921, 5337], [-9912, 5346], [-9909, 5352], [-9893, 5358], [-9885, 5365], [-9893, 5376], [-9895, 5385], [-9906, 5389], [-9906, 5399], [-9897, 5399], [-9890, 5393], [-9883, 5393], [-9878, 5399], [-9851, 5402], [-9836, 5402], [-9836, 5374], [-9837, 5332], [-9853, 5329], [-9865, 5324], [-9870, 5326], [-9887, 5320], [-9898, 5324], [-9903, 5332], [-9911, 5333], [-9921, 5337]]]}, "type": "Feature", "properties": {"name": "Erie County", "stateAbbrev": "NY", "state": "New York", "fips": "029", "incits": "36029", "id": "US.NY.029", "population": 919866}}, {"geometry": {"type": "Polygon", "coordinates": [[[-9836, 5437], [-9837, 5407], [-9836, 5402], [-9851, 5402], [-9878, 5399], [-9883, 5393], [-9890, 5393], [-9897, 5399], [-9906, 5399], [-9913, 5400], [-9909, 5409], [-9911, 5422], [-9883, 5430], [-9858, 5435], [-9836, 5437]]]}, "type": "Feature", "properties": {"name": "Niagara County", "stateAbbrev": "NY", "state": "New York", "fips": "063", "incits": "36063", "id": "US.NY.063", "population": 214249}}, {"geometry": {"type": "Polygon", "coordinates": [[[-9836, 5437], [-9808, 5437], [-9791, 5438], [-9778, 5436], [-9778, 5407], [-9837, 5407], [-9836, 5437]]]}, "type": "Feature", "properties": {"name": "Orleans County", "stateAbbrev": "NY", "state": "New York", "fips": "073", "incits": "36073", "id": "US.NY.073", "population": 42235}}, {"geometry": {"type": "Polygon", "coordinates": [[[-9837, 5407], [-9778, 5407], [-9766, 5407], [-9772, 5395], [-9767, 5389], [-9773, 5379], [-9772, 5373], [-9787, 5374], [-9836, 5374], [-9836, 5402], [-9837, 5407]]]}, "type": "Feature", "properties": {"name": "Genesee County", "stateAbbrev": "NY", "state": "New York", "fips": "037", "incits": "36037", "id": "US.NY.037", "population": 59454}}, {"geometry": {"type": "Polygon", "coordinates": [[[-9911, 5265], [-9911, 5333], [-9903, 5332], [-9898, 5324], [-9887, 5320], [-9870, 5326], [-9865, 5324], [-9853, 5329], [-9837, 5332], [-9836, 5330], [-9817, 5330], [-9817, 5265], [-9886, 5265], [-9911, 5265]]]}, "type": "Feature", "properties": {"name": "Cattaraugus County", "stateAbbrev": "NY", "state": "New York", "fips": "009", "incits": "36009", "id": "US.NY.009", "population": 78892}}, {"geometry": {"type": "Polygon", "coordinates": [[[-9281, 5641], [-9194, 5643], [-9194, 5632], [-9199, 5622], [-9193, 5617], [-9197, 5609], [-9200, 5593], [-9194, 5585], [-9209, 5583], [-9214, 5577], [-9239, 5572], [-9266, 5570], [-9269, 5588], [-9273, 5605], [-9276, 5605], [-9278, 5627], [-9281, 5641]]]}, "type": "Feature", "properties": {"name": "Clinton County", "stateAbbrev": "NY", "state": "New York", "fips": "019", "incits": "36019", "id": "US.NY.019", "population": 81591}}, {"geometry": {"type": "Polygon", "coordinates": [[[-9312, 5531], [-9289, 5533], [-9295, 5567], [-9266, 5570], [-9239, 5572], [-9214, 5577], [-9209, 5583], [-9194, 5585], [-9189, 5576], [-9188, 5570], [-9193, 5563], [-9190, 5550], [-9200, 5540], [-9206, 5522], [-9203, 5519], [-9203, 5507], [-9198, 5500], [-9199, 5492], [-9206, 5491], [-9284, 5484], [-9283, 5490], [-9296, 5494], [-9303, 5492], [-9319, 5506], [-9309, 5512], [-9312, 5531]]]}, "type": "Feature", "properties": {"name": "Essex County", "stateAbbrev": "NY", "state": "New York", "fips": "031", "incits": "36031", "id": "US.NY.031", "population": 38762}}, {"geometry": {"type": "Polygon", "coordinates": [[[-9368, 5640], [-9362, 5641], [-9319, 5640], [-9281, 5641], [-9278, 5627], [-9276, 5605], [-9273, 5605], [-9269, 5588], [-9266, 5570], [-9295, 5567], [-9289, 5533], [-9312, 5531], [-9344, 5528], [-9343, 5537], [-9350, 5587], [-9357, 5635], [-9367, 5635], [-9368, 5640]]]}, "type": "Feature", "properties": {"name": "Franklin County", "stateAbbrev": "NY", "state": "New York", "fips": "033", "incits": "36033", "id": "US.NY.033", "population": 51688}}, {"geometry": {"type": "Polygon", "coordinates": [[[-9510, 5566], [-9505, 5570], [-9498, 5580], [-9465, 5604], [-9429, 5626], [-9420, 5628], [-9399, 5639], [-9391, 5639], [-9380, 5643], [-9368, 5640], [-9367, 5635], [-9357, 5635], [-9350, 5587], [-9343, 5537], [-9344, 5528], [-9384, 5525], [-9410, 5522], [-9423, 5528], [-9458, 5543], [-9510, 5566]]]}, "type": "Feature", "properties": {"name": "St. Lawrence County", "stateAbbrev": "NY", "state": "New York", "fips": "089", "incits": "36089", "id": "US.NY.089", "population": 111963}}, {"geometry": {"type": "Polygon", "coordinates": [[[-9384, 5525], [-9344, 5528], [-9312, 5531], [-9309, 5512], [-9319, 5506], [-9303, 5492], [-9296, 5494], [-9283, 5490], [-9284, 5484], [-9304, 5482], [-9297, 5437], [-9294, 5422], [-9304, 5418], [-9317, 5417], [-9318, 5421], [-9344, 5419], [-9366, 5426], [-9385, 5433], [-9374, 5452], [-9384, 5525]]]}, "type": "Feature", "properties": {"name": "Hamilton County", "stateAbbrev": "NY", "state": "New York", "fips": "041", "incits": "36041", "id": "US.NY.041", "population": 4773}}, {"geometry": {"type": "Polygon", "coordinates": [[[-9284, 5484], [-9206, 5491], [-9214, 5471], [-9231, 5454], [-9226, 5429], [-9251, 5421], [-9259, 5432], [-9262, 5440], [-9297, 5437], [-9304, 5482], [-9284, 5484]]]}, "type": "Feature", "properties": {"name": "Warren County", "stateAbbrev": "NY", "state": "New York", "fips": "113", "incits": "36113", "id": "US.NY.113", "population": 65337}}, {"geometry": {"type": "Polygon", "coordinates": [[[-9214, 5130], [-9214, 5130], [-9214, 5131], [-9214, 5131], [-9213, 5132], [-9213, 5132], [-9213, 5132], [-9213, 5132], [-9213, 5133], [-9212, 5133], [-9212, 5133], [-9211, 5133], [-9211, 5132], [-9210, 5132], [-9210, 5132], [-9209, 5132], [-9208, 5132], [-9208, 5132], [-9208, 5132], [-9207, 5132], [-9207, 5132], [-9207, 5132], [-9207, 5132], [-9206, 5132], [-9206, 5131], [-9206, 5131], [-9206, 5131], [-9206, 5131], [-9205, 5131], [-9205, 5131], [-9205, 5131], [-9188, 5132], [-9178, 5128], [-9170, 5131], [-9166, 5137], [-9157, 5135], [-9138, 5135], [-9115, 5137], [-9096, 5142], [-9076, 5152], [-9066, 5151], [-9058, 5145], [-9050, 5144], [-9046, 5146], [-9038, 5139], [-9028, 5143], [-9021, 5149], [-9013, 5151], [-9010, 5146], [-9040, 5136], [-9086, 5119], [-9111, 5113], [-9118, 5116], [-9135, 5107], [-9154, 5108], [-9170, 5102], [-9183, 5103], [-9198, 5097], [-9205, 5096], [-9209, 5121], [-9211, 5124], [-9210, 5124], [-9211, 5125], [-9211, 5126], [-9211, 5127], [-9211, 5127], [-9211, 5127], [-9212, 5128], [-9212, 5128], [-9212, 5128], [-9212, 5129], [-9212, 5129], [-9212, 5129], [-9213, 5130], [-9213, 5130], [-9213, 5130], [-9213, 5130], [-9213, 5130], [-9213, 5130], [-9214, 5130], [-9214, 5130], [-9214, 5130]]]}, "type": "Feature", "properties": {"name": "Suffolk County", "stateAbbrev": "NY", "state": "New York", "fips": "103", "incits": "36103", "id": "US.NY.103", "population": 1499738}}, {"geometry": {"type": "Polygon", "coordinates": [[[-9236, 5363], [-9234, 5366], [-9236, 5376], [-9237, 5376], [-9231, 5383], [-9186, 5383], [-9188, 5366], [-9185, 5359], [-9196, 5329], [-9250, 5323], [-9246, 5332], [-9247, 5342], [-9239, 5353], [-9236, 5363]]]}, "type": "Feature", "properties": {"name": "Rensselaer County", "stateAbbrev": "NY", "state": "New York", "fips": "083", "incits": "36083", "id": "US.NY.083", "population": 159918}}, {"geometry": {"type": "Polygon", "coordinates": [[[-9268, 5275], [-9265, 5281], [-9259, 5289], [-9258, 5294], [-9250, 5299], [-9250, 5323], [-9196, 5329], [-9215, 5276], [-9214, 5271], [-9217, 5262], [-9240, 5266], [-9265, 5275], [-9268, 5275]]]}, "type": "Feature", "properties": {"name": "Columbia County", "stateAbbrev": "NY", "state": "New York", "fips": "021", "incits": "36021", "id": "US.NY.021", "population": 62243}}, {"geometry": {"type": "Polygon", "coordinates": [[[-9271, 5214], [-9269, 5234], [-9272, 5253], [-9268, 5275], [-9265, 5275], [-9240, 5266], [-9217, 5262], [-9214, 5271], [-9213, 5265], [-9218, 5206], [-9268, 5201], [-9274, 5195], [-9276, 5205], [-9271, 5214]]]}, "type": "Feature", "properties": {"name": "Dutchess County", "stateAbbrev": "NY", "state": "New York", "fips": "027", "incits": "36027", "id": "US.NY.027", "population": 296916}}, {"geometry": {"type": "Polygon", "coordinates": [[[-9206, 5491], [-9199, 5492], [-9196, 5486], [-9202, 5477], [-9205, 5464], [-9197, 5469], [-9189, 5469], [-9189, 5463], [-9182, 5458], [-9183, 5423], [-9186, 5383], [-9231, 5383], [-9226, 5392], [-9223, 5403], [-9225, 5407], [-9224, 5417], [-9226, 5429], [-9231, 5454], [-9214, 5471], [-9206, 5491]]]}, "type": "Feature", "properties": {"name": "Washington County", "stateAbbrev": "NY", "state": "New York", "fips": "115", "incits": "36115", "id": "US.NY.115", "population": 63093}}, {"geometry": {"type": "Polygon", "coordinates": [[[-9299, 5357], [-9253, 5363], [-9244, 5368], [-9236, 5363], [-9239, 5353], [-9247, 5342], [-9246, 5332], [-9250, 5323], [-9309, 5316], [-9305, 5327], [-9306, 5337], [-9298, 5349], [-9299, 5357]]]}, "type": "Feature", "properties": {"name": "Albany County", "stateAbbrev": "NY", "state": "New York", "fips": "001", "incits": "36001", "id": "US.NY.001", "population": 306945}}, {"geometry": {"type": "Polygon", "coordinates": [[[-9310, 5365], [-9309, 5367], [-9287, 5378], [-9288, 5385], [-9278, 5382], [-9271, 5378], [-9265, 5379], [-9264, 5372], [-9253, 5363], [-9299, 5357], [-9311, 5355], [-9310, 5365]]]}, "type": "Feature", "properties": {"name": "Schenectady County", "stateAbbrev": "NY", "state": "New York", "fips": "093", "incits": "36093", "id": "US.NY.093", "population": 155333}}, {"geometry": {"type": "Polygon", "coordinates": [[[-9297, 5437], [-9262, 5440], [-9259, 5432], [-9251, 5421], [-9226, 5429], [-9224, 5417], [-9225, 5407], [-9223, 5403], [-9226, 5392], [-9231, 5383], [-9237, 5376], [-9236, 5376], [-9234, 5366], [-9236, 5363], [-9244, 5368], [-9253, 5363], [-9264, 5372], [-9265, 5379], [-9271, 5378], [-9278, 5382], [-9288, 5385], [-9289, 5388], [-9294, 5422], [-9297, 5437]]]}, "type": "Feature", "properties": {"name": "Saratoga County", "stateAbbrev": "NY", "state": "New York", "fips": "091", "incits": "36091", "id": "US.NY.091", "population": 223865}}, {"geometry": {"type": "Polygon", "coordinates": [[[-9778, 5407], [-9778, 5436], [-9748, 5433], [-9725, 5421], [-9700, 5425], [-9699, 5395], [-9714, 5395], [-9713, 5383], [-9726, 5383], [-9744, 5384], [-9744, 5389], [-9767, 5389], [-9772, 5395], [-9766, 5407], [-9778, 5407]]]}, "type": "Feature", "properties": {"name": "Monroe County", "stateAbbrev": "NY", "state": "New York", "fips": "055", "incits": "36055", "id": "US.NY.055", "population": 749606}}, {"geometry": {"type": "Polygon", "coordinates": [[[-9605, 5443], [-9588, 5450], [-9580, 5456], [-9564, 5455], [-9557, 5457], [-9553, 5463], [-9552, 5476], [-9530, 5474], [-9531, 5479], [-9499, 5477], [-9497, 5449], [-9504, 5451], [-9513, 5431], [-9510, 5431], [-9513, 5410], [-9527, 5414], [-9542, 5420], [-9561, 5416], [-9566, 5419], [-9587, 5419], [-9588, 5423], [-9603, 5422], [-9605, 5443]]]}, "type": "Feature", "properties": {"name": "Oswego County", "stateAbbrev": "NY", "state": "New York", "fips": "075", "incits": "36075", "id": "US.NY.075", "population": 121165}}, {"geometry": {"type": "Polygon", "coordinates": [[[-9510, 5566], [-9458, 5543], [-9471, 5529], [-9463, 5525], [-9465, 5517], [-9471, 5512], [-9478, 5513], [-9497, 5501], [-9507, 5501], [-9509, 5490], [-9501, 5489], [-9499, 5477], [-9531, 5479], [-9530, 5474], [-9552, 5476], [-9604, 5500], [-9582, 5528], [-9572, 5533], [-9567, 5541], [-9558, 5541], [-9548, 5546], [-9548, 5551], [-9528, 5559], [-9524, 5559], [-9510, 5566]]]}, "type": "Feature", "properties": {"name": "Jefferson County", "stateAbbrev": "NY", "state": "New York", "fips": "045", "incits": "36045", "id": "US.NY.045", "population": 119504}}, {"geometry": {"type": "Polygon", "coordinates": [[[-9366, 5426], [-9344, 5419], [-9318, 5421], [-9317, 5417], [-9304, 5418], [-9294, 5422], [-9289, 5388], [-9345, 5389], [-9372, 5396], [-9372, 5405], [-9364, 5412], [-9366, 5426]]]}, "type": "Feature", "properties": {"name": "Fulton County", "stateAbbrev": "NY", "state": "New York", "fips": "035", "incits": "36035", "id": "US.NY.035", "population": 54586}}, {"geometry": {"type": "Polygon", "coordinates": [[[-9416, 5468], [-9423, 5528], [-9410, 5522], [-9384, 5525], [-9374, 5452], [-9385, 5433], [-9366, 5426], [-9364, 5412], [-9372, 5405], [-9372, 5396], [-9369, 5390], [-9372, 5373], [-9387, 5378], [-9390, 5369], [-9415, 5379], [-9420, 5373], [-9429, 5375], [-9430, 5397], [-9411, 5419], [-9422, 5423], [-9420, 5429], [-9412, 5432], [-9416, 5468]]]}, "type": "Feature", "properties": {"name": "Herkimer County", "stateAbbrev": "NY", "state": "New York", "fips": "043", "incits": "36043", "id": "US.NY.043", "population": 64181}}, {"geometry": {"type": "Polygon", "coordinates": [[[-9513, 5410], [-9499, 5412], [-9483, 5404], [-9482, 5400], [-9471, 5395], [-9470, 5382], [-9458, 5382], [-9457, 5373], [-9433, 5374], [-9434, 5363], [-9439, 5358], [-9456, 5359], [-9514, 5356], [-9514, 5364], [-9517, 5401], [-9527, 5414], [-9513, 5410]]]}, "type": "Feature", "properties": {"name": "Madison County", "stateAbbrev": "NY", "state": "New York", "fips": "053", "incits": "36053", "id": "US.NY.053", "population": 72382}}, {"geometry": {"type": "Polygon", "coordinates": [[[-9323, 5214], [-9310, 5219], [-9308, 5216], [-9293, 5213], [-9271, 5214], [-9276, 5205], [-9274, 5195], [-9270, 5189], [-9274, 5180], [-9306, 5158], [-9364, 5185], [-9371, 5193], [-9371, 5202], [-9337, 5203], [-9330, 5210], [-9323, 5214]]]}, "type": "Feature", "properties": {"name": "Orange County", "stateAbbrev": "NY", "state": "New York", "fips": "071", "incits": "36071", "id": "US.NY.071", "population": 375592}}, {"geometry": {"type": "Polygon", "coordinates": [[[-9306, 5158], [-9274, 5180], [-9275, 5180], [-9270, 5175], [-9273, 5171], [-9263, 5158], [-9263, 5139], [-9306, 5158]]]}, "type": "Feature", "properties": {"name": "Rockland County", "stateAbbrev": "NY", "state": "New York", "fips": "087", "incits": "36087", "id": "US.NY.087", "population": 320903}}, {"geometry": {"type": "Polygon", "coordinates": [[[-9817, 5265], [-9817, 5330], [-9783, 5330], [-9758, 5330], [-9758, 5325], [-9743, 5324], [-9746, 5296], [-9747, 5265], [-9817, 5265]]]}, "type": "Feature", "properties": {"name": "Allegany County", "stateAbbrev": "NY", "state": "New York", "fips": "003", "incits": "36003", "id": "US.NY.003", "population": 48109}}, {"geometry": {"type": "Polygon", "coordinates": [[[-9648, 5300], [-9620, 5302], [-9619, 5296], [-9608, 5295], [-9605, 5301], [-9595, 5300], [-9594, 5285], [-9598, 5285], [-9596, 5272], [-9598, 5265], [-9648, 5265], [-9648, 5300]]]}, "type": "Feature", "properties": {"name": "Chemung County", "stateAbbrev": "NY", "state": "New York", "fips": "015", "incits": "36015", "id": "US.NY.015", "population": 88506}}, {"geometry": {"type": "Polygon", "coordinates": [[[-9772, 5373], [-9773, 5379], [-9767, 5389], [-9744, 5389], [-9744, 5384], [-9726, 5383], [-9721, 5374], [-9726, 5372], [-9728, 5349], [-9714, 5349], [-9714, 5338], [-9736, 5338], [-9736, 5332], [-9743, 5332], [-9743, 5324], [-9758, 5325], [-9758, 5330], [-9783, 5330], [-9784, 5338], [-9777, 5343], [-9773, 5349], [-9772, 5373]]]}, "type": "Feature", "properties": {"name": "Livingston County", "stateAbbrev": "NY", "state": "New York", "fips": "051", "incits": "36051", "id": "US.NY.051", "population": 64705}}, {"geometry": {"type": "Polygon", "coordinates": [[[-9726, 5383], [-9713, 5383], [-9714, 5395], [-9699, 5395], [-9670, 5396], [-9670, 5392], [-9648, 5392], [-9649, 5361], [-9692, 5361], [-9699, 5349], [-9699, 5337], [-9714, 5338], [-9714, 5349], [-9728, 5349], [-9726, 5372], [-9721, 5374], [-9726, 5383]]]}, "type": "Feature", "properties": {"name": "Ontario County", "stateAbbrev": "NY", "state": "New York", "fips": "069", "incits": "36069", "id": "US.NY.069", "population": 109103}}, {"geometry": {"type": "Polygon", "coordinates": [[[-9666, 5326], [-9651, 5326], [-9648, 5323], [-9639, 5323], [-9640, 5333], [-9615, 5334], [-9613, 5312], [-9614, 5301], [-9605, 5301], [-9608, 5295], [-9619, 5296], [-9620, 5302], [-9648, 5300], [-9665, 5299], [-9665, 5300], [-9666, 5326]]]}, "type": "Feature", "properties": {"name": "Schuyler County", "stateAbbrev": "NY", "state": "New York", "fips": "097", "incits": "36097", "id": "US.NY.097", "population": 18460}}, {"geometry": {"type": "Polygon", "coordinates": [[[-9648, 5392], [-9617, 5394], [-9620, 5379], [-9617, 5370], [-9619, 5356], [-9611, 5343], [-9601, 5334], [-9615, 5334], [-9640, 5333], [-9639, 5347], [-9649, 5361], [-9648, 5392]]]}, "type": "Feature", "properties": {"name": "Seneca County", "stateAbbrev": "NY", "state": "New York", "fips": "099", "incits": "36099", "id": "US.NY.099", "population": 35409}}, {"geometry": {"type": "Polygon", "coordinates": [[[-9747, 5265], [-9746, 5296], [-9743, 5324], [-9743, 5332], [-9736, 5332], [-9736, 5338], [-9714, 5338], [-9699, 5337], [-9671, 5337], [-9671, 5328], [-9666, 5326], [-9665, 5300], [-9665, 5299], [-9648, 5300], [-9648, 5265], [-9747, 5265]]]}, "type": "Feature", "properties": {"name": "Steuben County", "stateAbbrev": "NY", "state": "New York", "fips": "101", "incits": "36101", "id": "US.NY.101", "population": 98650}}, {"geometry": {"type": "Polygon", "coordinates": [[[-9836, 5374], [-9787, 5374], [-9772, 5373], [-9773, 5349], [-9777, 5343], [-9784, 5338], [-9783, 5330], [-9817, 5330], [-9836, 5330], [-9837, 5332], [-9836, 5374]]]}, "type": "Feature", "properties": {"name": "Wyoming County", "stateAbbrev": "NY", "state": "New York", "fips": "121", "incits": "36121", "id": "US.NY.121", "population": 41531}}, {"geometry": {"type": "Polygon", "coordinates": [[[-9649, 5361], [-9639, 5347], [-9640, 5333], [-9639, 5323], [-9648, 5323], [-9651, 5326], [-9666, 5326], [-9671, 5328], [-9671, 5337], [-9699, 5337], [-9699, 5349], [-9692, 5361], [-9649, 5361]]]}, "type": "Feature", "properties": {"name": "Yates County", "stateAbbrev": "NY", "state": "New York", "fips": "123", "incits": "36123", "id": "US.NY.123", "population": 25156}}, {"geometry": {"type": "Polygon", "coordinates": [[[-9544, 5317], [-9510, 5317], [-9508, 5297], [-9482, 5296], [-9482, 5290], [-9455, 5290], [-9455, 5270], [-9447, 5265], [-9541, 5265], [-9542, 5288], [-9537, 5293], [-9542, 5306], [-9544, 5317]]]}, "type": "Feature", "properties": {"name": "Broome County", "stateAbbrev": "NY", "state": "New York", "fips": "007", "incits": "36007", "id": "US.NY.007", "population": 197534}}, {"geometry": {"type": "Polygon", "coordinates": [[[-9514, 5356], [-9456, 5359], [-9439, 5358], [-9444, 5348], [-9443, 5339], [-9453, 5326], [-9449, 5317], [-9453, 5313], [-9454, 5305], [-9455, 5290], [-9482, 5290], [-9482, 5296], [-9508, 5297], [-9510, 5317], [-9514, 5356]]]}, "type": "Feature", "properties": {"name": "Chenango County", "stateAbbrev": "NY", "state": "New York", "fips": "017", "incits": "36017", "id": "US.NY.017", "population": 49503}}, {"geometry": {"type": "Polygon", "coordinates": [[[-9562, 5362], [-9514, 5364], [-9514, 5356], [-9510, 5317], [-9544, 5317], [-9559, 5316], [-9561, 5343], [-9562, 5362]]]}, "type": "Feature", "properties": {"name": "Cortland County", "stateAbbrev": "NY", "state": "New York", "fips": "023", "incits": "36023", "id": "US.NY.023", "population": 48976}}, {"geometry": {"type": "Polygon", "coordinates": [[[-9455, 5290], [-9454, 5305], [-9441, 5305], [-9436, 5309], [-9420, 5313], [-9414, 5318], [-9405, 5319], [-9383, 5329], [-9366, 5330], [-9354, 5318], [-9332, 5310], [-9330, 5309], [-9344, 5290], [-9333, 5286], [-9375, 5267], [-9420, 5246], [-9436, 5251], [-9437, 5257], [-9447, 5265], [-9455, 5270], [-9455, 5290]]]}, "type": "Feature", "properties": {"name": "Delaware County", "stateAbbrev": "NY", "state": "New York", "fips": "025", "incits": "36025", "id": "US.NY.025", "population": 46722}}, {"geometry": {"type": "Polygon", "coordinates": [[[-9332, 5310], [-9324, 5312], [-9311, 5311], [-9309, 5316], [-9250, 5323], [-9250, 5299], [-9258, 5294], [-9259, 5289], [-9265, 5281], [-9277, 5287], [-9282, 5287], [-9286, 5277], [-9315, 5279], [-9333, 5286], [-9344, 5290], [-9330, 5309], [-9332, 5310]]]}, "type": "Feature", "properties": {"name": "Greene County", "stateAbbrev": "NY", "state": "New York", "fips": "039", "incits": "36039", "id": "US.NY.039", "population": 48455}}, {"geometry": {"type": "Polygon", "coordinates": [[[-9587, 5419], [-9566, 5419], [-9561, 5416], [-9542, 5420], [-9527, 5414], [-9517, 5401], [-9514, 5364], [-9562, 5362], [-9572, 5372], [-9584, 5371], [-9585, 5391], [-9589, 5391], [-9590, 5403], [-9587, 5404], [-9587, 5419]]]}, "type": "Feature", "properties": {"name": "Onondaga County", "stateAbbrev": "NY", "state": "New York", "fips": "067", "incits": "36067", "id": "US.NY.067", "population": 468387}}, {"geometry": {"type": "Polygon", "coordinates": [[[-9439, 5358], [-9434, 5363], [-9433, 5374], [-9429, 5375], [-9420, 5373], [-9415, 5379], [-9390, 5369], [-9387, 5378], [-9372, 5373], [-9358, 5369], [-9360, 5359], [-9356, 5344], [-9366, 5330], [-9383, 5329], [-9405, 5319], [-9414, 5318], [-9420, 5313], [-9436, 5309], [-9441, 5305], [-9454, 5305], [-9453, 5313], [-9449, 5317], [-9453, 5326], [-9443, 5339], [-9444, 5348], [-9439, 5358]]]}, "type": "Feature", "properties": {"name": "Otsego County", "stateAbbrev": "NY", "state": "New York", "fips": "077", "incits": "36077", "id": "US.NY.077", "population": 61683}}, {"geometry": {"type": "Polygon", "coordinates": [[[-9275, 5180], [-9274, 5180], [-9270, 5189], [-9274, 5195], [-9268, 5201], [-9218, 5206], [-9220, 5186], [-9275, 5180]]]}, "type": "Feature", "properties": {"name": "Putnam County", "stateAbbrev": "NY", "state": "New York", "fips": "079", "incits": "36079", "id": "US.NY.079", "population": 99645}}, {"geometry": {"type": "Polygon", "coordinates": [[[-9420, 5246], [-9375, 5267], [-9334, 5250], [-9349, 5233], [-9326, 5221], [-9323, 5214], [-9330, 5210], [-9337, 5203], [-9371, 5202], [-9371, 5193], [-9378, 5195], [-9388, 5195], [-9391, 5199], [-9400, 5200], [-9405, 5207], [-9408, 5217], [-9409, 5234], [-9415, 5237], [-9413, 5242], [-9420, 5246]]]}, "type": "Feature", "properties": {"name": "Sullivan County", "stateAbbrev": "NY", "state": "New York", "fips": "105", "incits": "36105", "id": "US.NY.105", "population": 76665}}, {"geometry": {"type": "Polygon", "coordinates": [[[-9595, 5300], [-9580, 5298], [-9579, 5305], [-9559, 5302], [-9559, 5316], [-9544, 5317], [-9542, 5306], [-9537, 5293], [-9542, 5288], [-9541, 5265], [-9598, 5265], [-9596, 5272], [-9598, 5285], [-9594, 5285], [-9595, 5300]]]}, "type": "Feature", "properties": {"name": "Tioga County", "stateAbbrev": "NY", "state": "New York", "fips": "107", "incits": "36107", "id": "US.NY.107", "population": 50243}}, {"geometry": {"type": "Polygon", "coordinates": [[[-9615, 5334], [-9601, 5334], [-9611, 5343], [-9561, 5343], [-9559, 5316], [-9559, 5302], [-9579, 5305], [-9580, 5298], [-9595, 5300], [-9605, 5301], [-9614, 5301], [-9613, 5312], [-9615, 5334]]]}, "type": "Feature", "properties": {"name": "Tompkins County", "stateAbbrev": "NY", "state": "New York", "fips": "109", "incits": "36109", "id": "US.NY.109", "population": 103617}}, {"geometry": {"type": "Polygon", "coordinates": [[[-9375, 5267], [-9333, 5286], [-9315, 5279], [-9286, 5277], [-9282, 5287], [-9277, 5287], [-9265, 5281], [-9268, 5275], [-9272, 5253], [-9269, 5234], [-9271, 5214], [-9293, 5213], [-9308, 5216], [-9310, 5219], [-9323, 5214], [-9326, 5221], [-9349, 5233], [-9334, 5250], [-9375, 5267]]]}, "type": "Feature", "properties": {"name": "Ulster County", "stateAbbrev": "NY", "state": "New York", "fips": "111", "incits": "36111", "id": "US.NY.111", "population": 180998}}, {"geometry": {"type": "Polygon", "coordinates": [[[-9275, 5180], [-9220, 5186], [-9220, 5177], [-9212, 5166], [-9243, 5152], [-9228, 5134], [-9245, 5124], [-9266, 5129], [-9263, 5139], [-9263, 5158], [-9273, 5171], [-9270, 5175], [-9275, 5180]]]}, "type": "Feature", "properties": {"name": "Westchester County", "stateAbbrev": "NY", "state": "New York", "fips": "119", "incits": "36119", "id": "US.NY.119", "population": 968802}}, {"geometry": {"type": "Polygon", "coordinates": [[[-9921, 5337], [-9911, 5333], [-9911, 5265], [-9999, 5265], [-9999, 5330], [-9941, 5352], [-9921, 5337]]]}, "type": "Feature", "properties": {"name": "Chautauqua County", "stateAbbrev": "NY", "state": "New York", "fips": "013", "incits": "36013", "id": "US.NY.013", "population": 133080}}, {"geometry": {"type": "Polygon", "coordinates": [[[-9372, 5373], [-9369, 5390], [-9372, 5396], [-9345, 5389], [-9289, 5388], [-9288, 5385], [-9287, 5378], [-9309, 5367], [-9310, 5365], [-9313, 5363], [-9334, 5362], [-9347, 5367], [-9358, 5369], [-9372, 5373]]]}, "type": "Feature", "properties": {"name": "Montgomery County", "stateAbbrev": "NY", "state": "New York", "fips": "057", "incits": "36057", "id": "US.NY.057", "population": 49897}}, {"geometry": {"type": "Polygon", "coordinates": [[[-9497, 5449], [-9469, 5443], [-9416, 5468], [-9412, 5432], [-9420, 5429], [-9422, 5423], [-9411, 5419], [-9430, 5397], [-9429, 5375], [-9433, 5374], [-9457, 5373], [-9458, 5382], [-9470, 5382], [-9471, 5395], [-9482, 5400], [-9483, 5404], [-9499, 5412], [-9513, 5410], [-9510, 5431], [-9513, 5431], [-9504, 5451], [-9497, 5449]]]}, "type": "Feature", "properties": {"name": "Oneida County", "stateAbbrev": "NY", "state": "New York", "fips": "065", "incits": "36065", "id": "US.NY.065", "population": 233585}}, {"geometry": {"type": "Polygon", "coordinates": [[[-9366, 5330], [-9356, 5344], [-9360, 5359], [-9358, 5369], [-9347, 5367], [-9334, 5362], [-9313, 5363], [-9310, 5365], [-9311, 5355], [-9299, 5357], [-9298, 5349], [-9306, 5337], [-9305, 5327], [-9309, 5316], [-9311, 5311], [-9324, 5312], [-9332, 5310], [-9354, 5318], [-9366, 5330]]]}, "type": "Feature", "properties": {"name": "Schoharie County", "stateAbbrev": "NY", "state": "New York", "fips": "095", "incits": "36095", "id": "US.NY.095", "population": 31844}}, {"geometry": {"type": "Polygon", "coordinates": [[[-9700, 5425], [-9666, 5427], [-9658, 5424], [-9647, 5424], [-9640, 5428], [-9627, 5429], [-9618, 5434], [-9615, 5400], [-9617, 5394], [-9648, 5392], [-9670, 5392], [-9670, 5396], [-9699, 5395], [-9700, 5425]]]}, "type": "Feature", "properties": {"name": "Wayne County", "stateAbbrev": "NY", "state": "New York", "fips": "117", "incits": "36117", "id": "US.NY.117", "population": 92473}}, {"geometry": {"type": "Polygon", "coordinates": [[[-9458, 5543], [-9423, 5528], [-9416, 5468], [-9469, 5443], [-9497, 5449], [-9499, 5477], [-9501, 5489], [-9509, 5490], [-9507, 5501], [-9497, 5501], [-9478, 5513], [-9471, 5512], [-9465, 5517], [-9463, 5525], [-9471, 5529], [-9458, 5543]]]}, "type": "Feature", "properties": {"name": "Lewis County", "stateAbbrev": "NY", "state": "New York", "fips": "049", "incits": "36049", "id": "US.NY.049", "population": 27149}}, {"geometry": {"type": "Polygon", "coordinates": [[[-9245, 5124], [-9228, 5134], [-9205, 5138], [-9205, 5131], [-9205, 5131], [-9205, 5131], [-9206, 5131], [-9206, 5131], [-9206, 5131], [-9206, 5131], [-9206, 5132], [-9207, 5132], [-9207, 5132], [-9207, 5132], [-9207, 5132], [-9208, 5132], [-9208, 5132], [-9208, 5132], [-9209, 5132], [-9210, 5132], [-9210, 5132], [-9211, 5132], [-9211, 5133], [-9212, 5133], [-9212, 5133], [-9213, 5133], [-9213, 5132], [-9213, 5132], [-9213, 5132], [-9213, 5132], [-9214, 5131], [-9214, 5131], [-9214, 5130], [-9214, 5130], [-9214, 5130], [-9214, 5130], [-9213, 5130], [-9213, 5130], [-9213, 5130], [-9213, 5130], [-9213, 5130], [-9213, 5130], [-9212, 5129], [-9212, 5129], [-9212, 5129], [-9212, 5128], [-9212, 5128], [-9212, 5128], [-9211, 5127], [-9211, 5127], [-9211, 5127], [-9211, 5126], [-9211, 5125], [-9210, 5124], [-9211, 5124], [-9209, 5121], [-9205, 5096], [-9205, 5092], [-9204, 5091], [-9204, 5084], [-9224, 5080], [-9246, 5081], [-9243, 5105], [-9239, 5109], [-9249, 5116], [-9245, 5124]]]}, "type": "Feature", "properties": {"name": "Nassau County", "stateAbbrev": "NY", "state": "New York", "fips": "059", "incits": "36059", "id": "US.NY.059", "population": 1352146}}, {"geometry": {"type": "Polygon", "coordinates": [[[-9617, 5394], [-9615, 5400], [-9618, 5434], [-9605, 5443], [-9603, 5422], [-9588, 5423], [-9587, 5419], [-9587, 5404], [-9590, 5403], [-9589, 5391], [-9585, 5391], [-9584, 5371], [-9572, 5372], [-9562, 5362], [-9561, 5343], [-9611, 5343], [-9619, 5356], [-9617, 5370], [-9620, 5379], [-9617, 5394]]]}, "type": "Feature", "properties": {"name": "Cayuga County", "stateAbbrev": "NY", "state": "New York", "fips": "011", "incits": "36011", "id": "US.NY.011", "population": 79477}}], "ac-tx": {"default": {"crs": "wsg84", "scale": 125.360697857316, "xoffset": 0, "yoffset": 0}}}