{"crs": {"type": "name", "properties": {"name": "urn:ogc:def:crs:EPSG:4326"}}, "type": "FeatureCollection", "features": [{"geometry": {"type": "Polygon", "coordinates": [[[-9789, 3510], [-9722, 3509], [-9736, 3493], [-9743, 3474], [-9754, 3462], [-9772, 3456], [-9774, 3473], [-9789, 3479], [-9789, 3510]]]}, "type": "Feature", "properties": {"name": "Morehouse Parish", "stateAbbrev": "LA", "state": "Louisiana", "fips": "067", "incits": "22067", "id": "US.LA.067", "population": 27057}}, {"geometry": {"type": "Polygon", "coordinates": [[[-9859, 3510], [-9789, 3510], [-9789, 3479], [-9812, 3464], [-9826, 3465], [-9826, 3474], [-9859, 3483], [-9859, 3510]]]}, "type": "Feature", "properties": {"name": "Union Parish", "stateAbbrev": "LA", "state": "Louisiana", "fips": "111", "incits": "22111", "id": "US.LA.111", "population": 22344}}, {"geometry": {"type": "Polygon", "coordinates": [[[-9975, 3511], [-9943, 3511], [-9936, 3494], [-9935, 3446], [-9928, 3446], [-9934, 3427], [-9938, 3428], [-9967, 3457], [-9972, 3474], [-9975, 3511]]]}, "type": "Feature", "properties": {"name": "Bossier Parish", "stateAbbrev": "LA", "state": "Louisiana", "fips": "015", "incits": "22015", "id": "US.LA.015", "population": 123823}}, {"geometry": {"type": "Polygon", "coordinates": [[[-9975, 3511], [-9972, 3474], [-9967, 3457], [-9938, 3428], [-9953, 3428], [-9970, 3439], [-9989, 3423], [-9999, 3423], [-9999, 3511], [-9975, 3511]]]}, "type": "Feature", "properties": {"name": "Caddo Parish", "stateAbbrev": "LA", "state": "Louisiana", "fips": "017", "incits": "22017", "id": "US.LA.017", "population": 254887}}, {"geometry": {"type": "Polygon", "coordinates": [[[-9914, 3511], [-9859, 3510], [-9859, 3483], [-9870, 3483], [-9875, 3465], [-9907, 3465], [-9913, 3479], [-9914, 3511]]]}, "type": "Feature", "properties": {"name": "Claiborne Parish", "stateAbbrev": "LA", "state": "Louisiana", "fips": "027", "incits": "22027", "id": "US.LA.027", "population": 16650}}, {"geometry": {"type": "Polygon", "coordinates": [[[-9999, 3423], [-9989, 3423], [-9970, 3439], [-9953, 3428], [-9946, 3414], [-9926, 3395], [-9935, 3386], [-9982, 3386], [-9999, 3402], [-9999, 3423]]]}, "type": "Feature", "properties": {"name": "De Soto Parish", "stateAbbrev": "LA", "state": "Louisiana", "fips": "031", "incits": "22031", "id": "US.LA.031", "population": 27083}}, {"geometry": {"type": "Polygon", "coordinates": [[[-9943, 3511], [-9914, 3511], [-9913, 3479], [-9907, 3465], [-9904, 3451], [-9928, 3446], [-9935, 3446], [-9936, 3494], [-9943, 3511]]]}, "type": "Feature", "properties": {"name": "Webster Parish", "stateAbbrev": "LA", "state": "Louisiana", "fips": "119", "incits": "22119", "id": "US.LA.119", "population": 40678}}, {"geometry": {"type": "Polygon", "coordinates": [[[-9724, 3460], [-9723, 3464], [-9712, 3482], [-9703, 3509], [-9692, 3490], [-9692, 3470], [-9683, 3462], [-9724, 3460]]]}, "type": "Feature", "properties": {"name": "East Carroll Parish", "stateAbbrev": "LA", "state": "Louisiana", "fips": "035", "incits": "22035", "id": "US.LA.035", "population": 7529}}, {"geometry": {"type": "Polygon", "coordinates": [[[-9743, 3474], [-9736, 3493], [-9722, 3509], [-9703, 3509], [-9712, 3482], [-9723, 3464], [-9739, 3464], [-9743, 3474]]]}, "type": "Feature", "properties": {"name": "West Carroll Parish", "stateAbbrev": "LA", "state": "Louisiana", "fips": "123", "incits": "22123", "id": "US.LA.123", "population": 11465}}, {"geometry": {"type": "Polygon", "coordinates": [[[-9580, 3210], [-9569, 3206], [-9556, 3211], [-9529, 3206], [-9539, 3197], [-9570, 3184], [-9560, 3176], [-9570, 3179], [-9583, 3181], [-9580, 3210]]]}, "type": "Feature", "properties": {"name": "Orleans Parish", "stateAbbrev": "LA", "state": "Louisiana", "fips": "071", "incits": "22071", "id": "US.LA.071", "population": 378715}}, {"geometry": {"type": "Polygon", "coordinates": [[[-9570, 3179], [-9560, 3176], [-9514, 3149], [-9450, 3152], [-9477, 3124], [-9457, 3110], [-9455, 3096], [-9477, 3075], [-9493, 3081], [-9504, 3070], [-9515, 3071], [-9512, 3092], [-9528, 3105], [-9558, 3100], [-9559, 3114], [-9567, 3131], [-9567, 3145], [-9576, 3162], [-9570, 3179]]]}, "type": "Feature", "properties": {"name": "Plaquemines Parish", "stateAbbrev": "LA", "state": "Louisiana", "fips": "075", "incits": "22075", "id": "US.LA.075", "population": 23550}}, {"geometry": {"type": "Polygon", "coordinates": [[[-9529, 3206], [-9515, 3207], [-9482, 3212], [-9447, 3204], [-9437, 3181], [-9450, 3152], [-9514, 3149], [-9560, 3176], [-9570, 3184], [-9539, 3197], [-9529, 3206]]]}, "type": "Feature", "properties": {"name": "St. Bernard Parish", "stateAbbrev": "LA", "state": "Louisiana", "fips": "087", "incits": "22087", "id": "US.LA.087", "population": 43482}}, {"geometry": {"type": "Polygon", "coordinates": [[[-9596, 3265], [-9553, 3260], [-9535, 3238], [-9530, 3217], [-9515, 3207], [-9529, 3206], [-9556, 3211], [-9569, 3206], [-9580, 3210], [-9595, 3214], [-9596, 3265]]]}, "type": "Feature", "properties": {"name": "St. Tammany Parish", "stateAbbrev": "LA", "state": "Louisiana", "fips": "103", "incits": "22103", "id": "US.LA.103", "population": 242333}}, {"geometry": {"type": "Polygon", "coordinates": [[[-9678, 3224], [-9664, 3226], [-9643, 3208], [-9636, 3213], [-9637, 3207], [-9666, 3202], [-9672, 3197], [-9687, 3196], [-9678, 3224]]]}, "type": "Feature", "properties": {"name": "Ascension Parish", "stateAbbrev": "LA", "state": "Louisiana", "fips": "005", "incits": "22005", "id": "US.LA.005", "population": 114393}}, {"geometry": {"type": "Polygon", "coordinates": [[[-9699, 3192], [-9687, 3196], [-9672, 3197], [-9663, 3180], [-9676, 3159], [-9684, 3150], [-9686, 3158], [-9703, 3187], [-9699, 3192]]]}, "type": "Feature", "properties": {"name": "Assumption Parish", "stateAbbrev": "LA", "state": "Louisiana", "fips": "007", "incits": "22007", "id": "US.LA.007", "population": 23187}}, {"geometry": {"type": "Polygon", "coordinates": [[[-9707, 3259], [-9703, 3265], [-9659, 3266], [-9666, 3259], [-9674, 3252], [-9674, 3237], [-9664, 3226], [-9678, 3224], [-9691, 3224], [-9701, 3228], [-9696, 3244], [-9707, 3259]]]}, "type": "Feature", "properties": {"name": "East Baton Rouge Parish", "stateAbbrev": "LA", "state": "Louisiana", "fips": "033", "incits": "22033", "id": "US.LA.033", "population": 445227}}, {"geometry": {"type": "Polygon", "coordinates": [[[-9694, 3296], [-9657, 3296], [-9659, 3266], [-9703, 3265], [-9707, 3259], [-9709, 3259], [-9694, 3296]]]}, "type": "Feature", "properties": {"name": "East Feliciana Parish", "stateAbbrev": "LA", "state": "Louisiana", "fips": "037", "incits": "22037", "id": "US.LA.037", "population": 19728}}, {"geometry": {"type": "Polygon", "coordinates": [[[-9750, 3243], [-9727, 3243], [-9709, 3224], [-9691, 3224], [-9678, 3224], [-9687, 3196], [-9699, 3192], [-9715, 3196], [-9725, 3201], [-9728, 3215], [-9742, 3223], [-9750, 3243]]]}, "type": "Feature", "properties": {"name": "Iberville Parish", "stateAbbrev": "LA", "state": "Louisiana", "fips": "047", "incits": "22047", "id": "US.LA.047", "population": 33367}}, {"geometry": {"type": "Polygon", "coordinates": [[[-9676, 3159], [-9663, 3180], [-9639, 3178], [-9626, 3178], [-9605, 3157], [-9593, 3157], [-9584, 3134], [-9571, 3129], [-9569, 3115], [-9579, 3093], [-9613, 3083], [-9610, 3122], [-9635, 3147], [-9651, 3157], [-9676, 3159]]]}, "type": "Feature", "properties": {"name": "Lafourche Parish", "stateAbbrev": "LA", "state": "Louisiana", "fips": "057", "incits": "22057", "id": "US.LA.057", "population": 97141}}, {"geometry": {"type": "Polygon", "coordinates": [[[-9666, 3259], [-9629, 3259], [-9629, 3241], [-9612, 3220], [-9627, 3211], [-9636, 3213], [-9643, 3208], [-9664, 3226], [-9674, 3237], [-9674, 3252], [-9666, 3259]]]}, "type": "Feature", "properties": {"name": "Livingston Parish", "stateAbbrev": "LA", "state": "Louisiana", "fips": "063", "incits": "22063", "id": "US.LA.063", "population": 134053}}, {"geometry": {"type": "Polygon", "coordinates": [[[-9599, 3214], [-9595, 3214], [-9580, 3210], [-9583, 3181], [-9570, 3179], [-9576, 3162], [-9567, 3145], [-9567, 3131], [-9559, 3114], [-9558, 3100], [-9579, 3093], [-9569, 3115], [-9571, 3129], [-9584, 3134], [-9593, 3157], [-9587, 3170], [-9599, 3187], [-9599, 3214]]]}, "type": "Feature", "properties": {"name": "Jefferson Parish", "stateAbbrev": "LA", "state": "Louisiana", "fips": "051", "incits": "22051", "id": "US.LA.051", "population": 434767}}, {"geometry": {"type": "Polygon", "coordinates": [[[-9599, 3214], [-9599, 3187], [-9587, 3170], [-9593, 3157], [-9605, 3157], [-9626, 3178], [-9617, 3193], [-9599, 3214]]]}, "type": "Feature", "properties": {"name": "St. Charles Parish", "stateAbbrev": "LA", "state": "Louisiana", "fips": "089", "incits": "22089", "id": "US.LA.089", "population": 52617}}, {"geometry": {"type": "Polygon", "coordinates": [[[-9666, 3259], [-9659, 3266], [-9657, 3296], [-9629, 3296], [-9629, 3259], [-9666, 3259]]]}, "type": "Feature", "properties": {"name": "St. Helena Parish", "stateAbbrev": "LA", "state": "Louisiana", "fips": "091", "incits": "22091", "id": "US.LA.091", "population": 10875}}, {"geometry": {"type": "Polygon", "coordinates": [[[-9672, 3197], [-9666, 3202], [-9637, 3207], [-9639, 3178], [-9663, 3180], [-9672, 3197]]]}, "type": "Feature", "properties": {"name": "St. James Parish", "stateAbbrev": "LA", "state": "Louisiana", "fips": "093", "incits": "22093", "id": "US.LA.093", "population": 21752}}, {"geometry": {"type": "Polygon", "coordinates": [[[-9637, 3207], [-9636, 3213], [-9627, 3211], [-9612, 3220], [-9599, 3214], [-9617, 3193], [-9626, 3178], [-9639, 3178], [-9637, 3207]]]}, "type": "Feature", "properties": {"name": "St. John the Baptist Parish", "stateAbbrev": "LA", "state": "Louisiana", "fips": "095", "incits": "22095", "id": "US.LA.095", "population": 43761}}, {"geometry": {"type": "Polygon", "coordinates": [[[-9629, 3259], [-9629, 3296], [-9606, 3296], [-9596, 3265], [-9595, 3214], [-9599, 3214], [-9612, 3220], [-9629, 3241], [-9629, 3259]]]}, "type": "Feature", "properties": {"name": "Tangipahoa Parish", "stateAbbrev": "LA", "state": "Louisiana", "fips": "105", "incits": "22105", "id": "US.LA.105", "population": 125412}}, {"geometry": {"type": "Polygon", "coordinates": [[[-9713, 3109], [-9698, 3128], [-9703, 3141], [-9684, 3150], [-9676, 3159], [-9651, 3157], [-9635, 3147], [-9610, 3122], [-9613, 3083], [-9628, 3087], [-9646, 3083], [-9676, 3086], [-9676, 3096], [-9713, 3109]]]}, "type": "Feature", "properties": {"name": "Terrebonne Parish", "stateAbbrev": "LA", "state": "Louisiana", "fips": "109", "incits": "22109", "id": "US.LA.109", "population": 112749}}, {"geometry": {"type": "Polygon", "coordinates": [[[-9606, 3296], [-9543, 3296], [-9553, 3260], [-9596, 3265], [-9606, 3296]]]}, "type": "Feature", "properties": {"name": "Washington Parish", "stateAbbrev": "LA", "state": "Louisiana", "fips": "117", "incits": "22117", "id": "US.LA.117", "population": 46419}}, {"geometry": {"type": "Polygon", "coordinates": [[[-9727, 3243], [-9711, 3260], [-9709, 3259], [-9707, 3259], [-9696, 3244], [-9701, 3228], [-9691, 3224], [-9709, 3224], [-9727, 3243]]]}, "type": "Feature", "properties": {"name": "West Baton Rouge Parish", "stateAbbrev": "LA", "state": "Louisiana", "fips": "121", "incits": "22121", "id": "US.LA.121", "population": 24573}}, {"geometry": {"type": "MultiPolygon", "coordinates": [[[[-9746, 3293], [-9743, 3296], [-9694, 3296], [-9709, 3259], [-9711, 3260], [-9716, 3270], [-9746, 3281], [-9746, 3293]]], [[[-9755, 3298], [-9752, 3301], [-9745, 3295], [-9755, 3298]]]]}, "type": "Feature", "properties": {"name": "West Feliciana Parish", "stateAbbrev": "LA", "state": "Louisiana", "fips": "125", "incits": "22125", "id": "US.LA.125", "population": 15444}}, {"geometry": {"type": "Polygon", "coordinates": [[[-9812, 3292], [-9804, 3292], [-9806, 3330], [-9791, 3332], [-9783, 3331], [-9764, 3324], [-9748, 3316], [-9752, 3301], [-9755, 3298], [-9762, 3280], [-9804, 3280], [-9812, 3292]]]}, "type": "Feature", "properties": {"name": "Avoyelles Parish", "stateAbbrev": "LA", "state": "Louisiana", "fips": "009", "incits": "22009", "id": "US.LA.009", "population": 41299}}, {"geometry": {"type": "Polygon", "coordinates": [[[-9733, 3376], [-9716, 3374], [-9730, 3353], [-9731, 3325], [-9742, 3308], [-9743, 3296], [-9746, 3293], [-9745, 3295], [-9752, 3301], [-9748, 3316], [-9764, 3324], [-9767, 3334], [-9758, 3351], [-9761, 3363], [-9750, 3373], [-9733, 3376]]]}, "type": "Feature", "properties": {"name": "Concordia Parish", "stateAbbrev": "LA", "state": "Louisiana", "fips": "029", "incits": "22029", "id": "US.LA.029", "population": 20442}}, {"geometry": {"type": "Polygon", "coordinates": [[[-9849, 3242], [-9845, 3252], [-9845, 3285], [-9822, 3296], [-9812, 3292], [-9804, 3280], [-9800, 3271], [-9804, 3250], [-9826, 3247], [-9834, 3241], [-9849, 3241], [-9849, 3242]]]}, "type": "Feature", "properties": {"name": "Evangeline Parish", "stateAbbrev": "LA", "state": "Louisiana", "fips": "039", "incits": "22039", "id": "US.LA.039", "population": 33578}}, {"geometry": {"type": "Polygon", "coordinates": [[[-9787, 3137], [-9780, 3153], [-9781, 3187], [-9778, 3194], [-9777, 3198], [-9763, 3195], [-9753, 3203], [-9739, 3193], [-9715, 3196], [-9699, 3192], [-9703, 3187], [-9726, 3185], [-9742, 3184], [-9775, 3155], [-9752, 3154], [-9738, 3137], [-9738, 3122], [-9765, 3122], [-9787, 3137]]]}, "type": "Feature", "properties": {"name": "Iberia Parish", "stateAbbrev": "LA", "state": "Louisiana", "fips": "045", "incits": "22045", "id": "US.LA.045", "population": 73878}}, {"geometry": {"type": "Polygon", "coordinates": [[[-9755, 3298], [-9745, 3295], [-9746, 3293], [-9746, 3281], [-9716, 3270], [-9711, 3260], [-9727, 3243], [-9750, 3243], [-9756, 3243], [-9753, 3264], [-9762, 3280], [-9755, 3298]]]}, "type": "Feature", "properties": {"name": "Pointe Coupee Parish", "stateAbbrev": "LA", "state": "Louisiana", "fips": "077", "incits": "22077", "id": "US.LA.077", "population": 22499}}, {"geometry": {"type": "Polygon", "coordinates": [[[-9834, 3241], [-9826, 3247], [-9804, 3250], [-9800, 3271], [-9804, 3280], [-9762, 3280], [-9753, 3264], [-9756, 3243], [-9781, 3229], [-9797, 3222], [-9808, 3241], [-9834, 3241]]]}, "type": "Feature", "properties": {"name": "St. Landry Parish", "stateAbbrev": "LA", "state": "Louisiana", "fips": "097", "incits": "22097", "id": "US.LA.097", "population": 83454}}, {"geometry": {"type": "MultiPolygon", "coordinates": [[[[-9781, 3229], [-9756, 3243], [-9750, 3243], [-9742, 3223], [-9728, 3215], [-9725, 3201], [-9715, 3196], [-9739, 3193], [-9753, 3203], [-9763, 3195], [-9777, 3198], [-9781, 3229]]], [[[-9726, 3185], [-9703, 3187], [-9686, 3158], [-9713, 3165], [-9726, 3185]]]]}, "type": "Feature", "properties": {"name": "St. Martin Parish", "stateAbbrev": "LA", "state": "Louisiana", "fips": "099", "incits": "22099", "id": "US.LA.099", "population": 52936}}, {"geometry": {"type": "Polygon", "coordinates": [[[-9726, 3185], [-9713, 3165], [-9686, 3158], [-9684, 3150], [-9703, 3141], [-9698, 3128], [-9713, 3109], [-9738, 3122], [-9738, 3137], [-9752, 3154], [-9775, 3155], [-9742, 3184], [-9726, 3185]]]}, "type": "Feature", "properties": {"name": "St. Mary Parish", "stateAbbrev": "LA", "state": "Louisiana", "fips": "101", "incits": "22101", "id": "US.LA.101", "population": 53543}}, {"geometry": {"type": "Polygon", "coordinates": [[[-9812, 3205], [-9797, 3222], [-9781, 3229], [-9777, 3198], [-9778, 3194], [-9812, 3205]]]}, "type": "Feature", "properties": {"name": "Lafayette Parish", "stateAbbrev": "LA", "state": "Louisiana", "fips": "055", "incits": "22055", "id": "US.LA.055", "population": 230845}}, {"geometry": {"type": "Polygon", "coordinates": [[[-9849, 3241], [-9834, 3241], [-9808, 3241], [-9797, 3222], [-9812, 3205], [-9827, 3195], [-9848, 3199], [-9849, 3241]]]}, "type": "Feature", "properties": {"name": "Acadia Parish", "stateAbbrev": "LA", "state": "Louisiana", "fips": "001", "incits": "22001", "id": "US.LA.001", "population": 62204}}, {"geometry": {"type": "Polygon", "coordinates": [[[-9886, 3283], [-9869, 3285], [-9845, 3285], [-9845, 3252], [-9849, 3242], [-9864, 3236], [-9902, 3235], [-9902, 3254], [-9886, 3253], [-9886, 3283]]]}, "type": "Feature", "properties": {"name": "Allen Parish", "stateAbbrev": "LA", "state": "Louisiana", "fips": "003", "incits": "22003", "id": "US.LA.003", "population": 25537}}, {"geometry": {"type": "Polygon", "coordinates": [[[-9948, 3282], [-9886, 3283], [-9886, 3253], [-9902, 3254], [-9902, 3235], [-9902, 3233], [-9967, 3233], [-9966, 3247], [-9955, 3262], [-9948, 3282]]]}, "type": "Feature", "properties": {"name": "Beauregard Parish", "stateAbbrev": "LA", "state": "Louisiana", "fips": "011", "incits": "22011", "id": "US.LA.011", "population": 36167}}, {"geometry": {"type": "Polygon", "coordinates": [[[-9928, 3446], [-9904, 3451], [-9907, 3465], [-9875, 3465], [-9864, 3451], [-9864, 3428], [-9869, 3418], [-9882, 3418], [-9908, 3418], [-9911, 3427], [-9934, 3427], [-9928, 3446]]]}, "type": "Feature", "properties": {"name": "Bienville Parish", "stateAbbrev": "LA", "state": "Louisiana", "fips": "013", "incits": "22013", "id": "US.LA.013", "population": 13981}}, {"geometry": {"type": "Polygon", "coordinates": [[[-9967, 3233], [-9902, 3233], [-9891, 3230], [-9888, 3194], [-9963, 3196], [-9967, 3233]]]}, "type": "Feature", "properties": {"name": "Calcasieu Parish", "stateAbbrev": "LA", "state": "Louisiana", "fips": "019", "incits": "22019", "id": "US.LA.019", "population": 195296}}, {"geometry": {"type": "Polygon", "coordinates": [[[-9815, 3395], [-9815, 3418], [-9815, 3432], [-9785, 3432], [-9771, 3419], [-9770, 3399], [-9782, 3395], [-9815, 3395]]]}, "type": "Feature", "properties": {"name": "Caldwell Parish", "stateAbbrev": "LA", "state": "Louisiana", "fips": "021", "incits": "22021", "id": "US.LA.021", "population": 9989}}, {"geometry": {"type": "Polygon", "coordinates": [[[-9963, 3196], [-9888, 3194], [-9860, 3194], [-9847, 3194], [-9847, 3139], [-9901, 3158], [-9940, 3160], [-9970, 3155], [-9986, 3170], [-9963, 3196]]]}, "type": "Feature", "properties": {"name": "Cameron Parish", "stateAbbrev": "LA", "state": "Louisiana", "fips": "023", "incits": "22023", "id": "US.LA.023", "population": 6744}}, {"geometry": {"type": "Polygon", "coordinates": [[[-9783, 3331], [-9782, 3395], [-9770, 3399], [-9753, 3390], [-9737, 3390], [-9733, 3376], [-9750, 3373], [-9761, 3363], [-9758, 3351], [-9767, 3334], [-9764, 3324], [-9783, 3331]]]}, "type": "Feature", "properties": {"name": "Catahoula Parish", "stateAbbrev": "LA", "state": "Louisiana", "fips": "025", "incits": "22025", "id": "US.LA.025", "population": 10238}}, {"geometry": {"type": "Polygon", "coordinates": [[[-9771, 3419], [-9758, 3428], [-9757, 3438], [-9743, 3445], [-9726, 3446], [-9728, 3424], [-9730, 3395], [-9737, 3390], [-9753, 3390], [-9770, 3399], [-9771, 3419]]]}, "type": "Feature", "properties": {"name": "Franklin Parish", "stateAbbrev": "LA", "state": "Louisiana", "fips": "041", "incits": "22041", "id": "US.LA.041", "population": 20571}}, {"geometry": {"type": "Polygon", "coordinates": [[[-9884, 3372], [-9848, 3372], [-9848, 3381], [-9820, 3381], [-9821, 3360], [-9803, 3347], [-9849, 3338], [-9858, 3351], [-9884, 3372]]]}, "type": "Feature", "properties": {"name": "Grant Parish", "stateAbbrev": "LA", "state": "Louisiana", "fips": "043", "incits": "22043", "id": "US.LA.043", "population": 22030}}, {"geometry": {"type": "Polygon", "coordinates": [[[-9869, 3418], [-9864, 3428], [-9864, 3451], [-9848, 3455], [-9826, 3455], [-9815, 3432], [-9815, 3418], [-9869, 3418]]]}, "type": "Feature", "properties": {"name": "Jackson Parish", "stateAbbrev": "LA", "state": "Louisiana", "fips": "049", "incits": "22049", "id": "US.LA.049", "population": 16112}}, {"geometry": {"type": "Polygon", "coordinates": [[[-9902, 3233], [-9902, 3235], [-9864, 3236], [-9849, 3242], [-9849, 3241], [-9848, 3199], [-9860, 3194], [-9888, 3194], [-9891, 3230], [-9902, 3233]]]}, "type": "Feature", "properties": {"name": "Jefferson Davis Parish", "stateAbbrev": "LA", "state": "Louisiana", "fips": "053", "incits": "22053", "id": "US.LA.053", "population": 31301}}, {"geometry": {"type": "Polygon", "coordinates": [[[-9820, 3381], [-9815, 3395], [-9782, 3395], [-9783, 3331], [-9791, 3332], [-9803, 3347], [-9821, 3360], [-9820, 3381]]]}, "type": "Feature", "properties": {"name": "La Salle Parish", "stateAbbrev": "LA", "state": "Louisiana", "fips": "059", "incits": "22059", "id": "US.LA.059", "population": 14777}}, {"geometry": {"type": "Polygon", "coordinates": [[[-9859, 3483], [-9826, 3474], [-9826, 3465], [-9826, 3455], [-9848, 3455], [-9864, 3451], [-9875, 3465], [-9870, 3483], [-9859, 3483]]]}, "type": "Feature", "properties": {"name": "Lincoln Parish", "stateAbbrev": "LA", "state": "Louisiana", "fips": "061", "incits": "22061", "id": "US.LA.061", "population": 47414}}, {"geometry": {"type": "Polygon", "coordinates": [[[-9726, 3446], [-9724, 3460], [-9683, 3462], [-9672, 3448], [-9673, 3434], [-9689, 3425], [-9728, 3424], [-9726, 3446]]]}, "type": "Feature", "properties": {"name": "Madison Parish", "stateAbbrev": "LA", "state": "Louisiana", "fips": "065", "incits": "22065", "id": "US.LA.065", "population": 11927}}, {"geometry": {"type": "Polygon", "coordinates": [[[-9935, 3386], [-9926, 3395], [-9903, 3408], [-9908, 3418], [-9882, 3418], [-9875, 3397], [-9884, 3372], [-9858, 3351], [-9886, 3333], [-9913, 3335], [-9913, 3353], [-9924, 3353], [-9924, 3372], [-9935, 3386]]]}, "type": "Feature", "properties": {"name": "Natchitoches Parish", "stateAbbrev": "LA", "state": "Louisiana", "fips": "069", "incits": "22069", "id": "US.LA.069", "population": 39138}}, {"geometry": {"type": "Polygon", "coordinates": [[[-9826, 3455], [-9826, 3465], [-9812, 3464], [-9789, 3479], [-9774, 3473], [-9772, 3456], [-9785, 3432], [-9815, 3432], [-9826, 3455]]]}, "type": "Feature", "properties": {"name": "Ouachita Parish", "stateAbbrev": "LA", "state": "Louisiana", "fips": "073", "incits": "22073", "id": "US.LA.073", "population": 156220}}, {"geometry": {"type": "Polygon", "coordinates": [[[-9886, 3333], [-9858, 3351], [-9849, 3338], [-9803, 3347], [-9791, 3332], [-9806, 3330], [-9804, 3292], [-9812, 3292], [-9822, 3296], [-9845, 3285], [-9869, 3285], [-9870, 3323], [-9886, 3333]]]}, "type": "Feature", "properties": {"name": "Rapides Parish", "stateAbbrev": "LA", "state": "Louisiana", "fips": "079", "incits": "22079", "id": "US.LA.079", "population": 132723}}, {"geometry": {"type": "Polygon", "coordinates": [[[-9953, 3428], [-9938, 3428], [-9934, 3427], [-9911, 3427], [-9908, 3418], [-9903, 3408], [-9926, 3395], [-9946, 3414], [-9953, 3428]]]}, "type": "Feature", "properties": {"name": "Red River Parish", "stateAbbrev": "LA", "state": "Louisiana", "fips": "081", "incits": "22081", "id": "US.LA.081", "population": 8894}}, {"geometry": {"type": "Polygon", "coordinates": [[[-9785, 3432], [-9772, 3456], [-9754, 3462], [-9743, 3474], [-9739, 3464], [-9723, 3464], [-9724, 3460], [-9726, 3446], [-9743, 3445], [-9757, 3438], [-9758, 3428], [-9771, 3419], [-9785, 3432]]]}, "type": "Feature", "properties": {"name": "Richland Parish", "stateAbbrev": "LA", "state": "Louisiana", "fips": "083", "incits": "22083", "id": "US.LA.083", "population": 20857}}, {"geometry": {"type": "Polygon", "coordinates": [[[-9982, 3386], [-9935, 3386], [-9924, 3372], [-9924, 3353], [-9913, 3353], [-9913, 3335], [-9930, 3335], [-9947, 3316], [-9961, 3329], [-9965, 3349], [-9977, 3360], [-9973, 3370], [-9982, 3386]]]}, "type": "Feature", "properties": {"name": "Sabine Parish", "stateAbbrev": "LA", "state": "Louisiana", "fips": "085", "incits": "22085", "id": "US.LA.085", "population": 24235}}, {"geometry": {"type": "Polygon", "coordinates": [[[-9737, 3390], [-9730, 3395], [-9728, 3424], [-9689, 3425], [-9681, 3416], [-9679, 3415], [-9684, 3403], [-9701, 3389], [-9711, 3387], [-9716, 3374], [-9733, 3376], [-9737, 3390]]]}, "type": "Feature", "properties": {"name": "Tensas Parish", "stateAbbrev": "LA", "state": "Louisiana", "fips": "107", "incits": "22107", "id": "US.LA.107", "population": 4908}}, {"geometry": {"type": "Polygon", "coordinates": [[[-9860, 3194], [-9848, 3199], [-9827, 3195], [-9812, 3205], [-9778, 3194], [-9781, 3187], [-9780, 3153], [-9787, 3137], [-9813, 3135], [-9847, 3139], [-9847, 3194], [-9860, 3194]]]}, "type": "Feature", "properties": {"name": "Vermilion Parish", "stateAbbrev": "LA", "state": "Louisiana", "fips": "113", "incits": "22113", "id": "US.LA.113", "population": 59253}}, {"geometry": {"type": "Polygon", "coordinates": [[[-9947, 3316], [-9930, 3335], [-9913, 3335], [-9886, 3333], [-9870, 3323], [-9869, 3285], [-9886, 3283], [-9948, 3282], [-9947, 3316]]]}, "type": "Feature", "properties": {"name": "Vernon Parish", "stateAbbrev": "LA", "state": "Louisiana", "fips": "115", "incits": "22115", "id": "US.LA.115", "population": 52606}}, {"geometry": {"type": "Polygon", "coordinates": [[[-9882, 3418], [-9869, 3418], [-9815, 3418], [-9815, 3395], [-9820, 3381], [-9848, 3381], [-9848, 3372], [-9884, 3372], [-9875, 3397], [-9882, 3418]]]}, "type": "Feature", "properties": {"name": "Winn Parish", "stateAbbrev": "LA", "state": "Louisiana", "fips": "127", "incits": "22127", "id": "US.LA.127", "population": 14813}}], "ac-tx": {"default": {"crs": "wsg84", "scale": 106.32374368804454, "xoffset": 0, "yoffset": 0}}}