{"crs": {"type": "name", "properties": {"name": "urn:ogc:def:crs:EPSG:4326"}}, "type": "FeatureCollection", "features": [{"geometry": {"type": "Polygon", "coordinates": [[[-9983, 3613], [-9982, 3670], [-9926, 3663], [-9927, 3630], [-9961, 3631], [-9960, 3613], [-9983, 3613]]]}, "type": "Feature", "properties": {"name": "Polk County", "stateAbbrev": "AR", "state": "Arkansas", "fips": "113", "incits": "05113", "id": "US.AR.113", "population": 20406}}, {"geometry": {"type": "Polygon", "coordinates": [[[-9920, 3857], [-9920, 3837], [-9922, 3829], [-9969, 3827], [-9975, 3815], [-9992, 3815], [-9999, 3857], [-9920, 3857]]]}, "type": "Feature", "properties": {"name": "Benton County", "stateAbbrev": "AR", "state": "Arkansas", "fips": "007", "incits": "05007", "id": "US.AR.007", "population": 237297}}, {"geometry": {"type": "Polygon", "coordinates": [[[-9860, 3817], [-9860, 3857], [-9813, 3857], [-9817, 3816], [-9822, 3817], [-9860, 3817]]]}, "type": "Feature", "properties": {"name": "Boone County", "stateAbbrev": "AR", "state": "Arkansas", "fips": "009", "incits": "05009", "id": "US.AR.009", "population": 37396}}, {"geometry": {"type": "Polygon", "coordinates": [[[-9920, 3857], [-9860, 3857], [-9860, 3817], [-9879, 3818], [-9899, 3837], [-9920, 3837], [-9920, 3857]]]}, "type": "Feature", "properties": {"name": "Carroll County", "stateAbbrev": "AR", "state": "Arkansas", "fips": "015", "incits": "05015", "id": "US.AR.015", "population": 27808}}, {"geometry": {"type": "Polygon", "coordinates": [[[-9778, 3857], [-9739, 3857], [-9739, 3832], [-9743, 3818], [-9766, 3802], [-9766, 3811], [-9772, 3831], [-9783, 3839], [-9778, 3857]]]}, "type": "Feature", "properties": {"name": "Baxter County", "stateAbbrev": "AR", "state": "Arkansas", "fips": "005", "incits": "05005", "id": "US.AR.005", "population": 40957}}, {"geometry": {"type": "Polygon", "coordinates": [[[-9594, 3857], [-9527, 3857], [-9518, 3845], [-9531, 3826], [-9545, 3832], [-9596, 3832], [-9594, 3857]]]}, "type": "Feature", "properties": {"name": "Clay County", "stateAbbrev": "AR", "state": "Arkansas", "fips": "021", "incits": "05021", "id": "US.AR.021", "population": 15402}}, {"geometry": {"type": "Polygon", "coordinates": [[[-9620, 3774], [-9620, 3792], [-9601, 3801], [-9551, 3804], [-9542, 3804], [-9541, 3773], [-9620, 3774]]]}, "type": "Feature", "properties": {"name": "Craighead County", "stateAbbrev": "AR", "state": "Arkansas", "fips": "031", "incits": "05031", "id": "US.AR.031", "population": 101488}}, {"geometry": {"type": "Polygon", "coordinates": [[[-9986, 3779], [-9930, 3779], [-9924, 3779], [-9942, 3746], [-9968, 3736], [-9979, 3741], [-9986, 3779]]]}, "type": "Feature", "properties": {"name": "Crawford County", "stateAbbrev": "AR", "state": "Arkansas", "fips": "033", "incits": "05033", "id": "US.AR.033", "population": 61640}}, {"geometry": {"type": "Polygon", "coordinates": [[[-9564, 3745], [-9541, 3745], [-9526, 3745], [-9520, 3739], [-9522, 3711], [-9542, 3696], [-9554, 3681], [-9554, 3689], [-9553, 3714], [-9564, 3714], [-9564, 3745]]]}, "type": "Feature", "properties": {"name": "Crittenden County", "stateAbbrev": "AR", "state": "Arkansas", "fips": "035", "incits": "05035", "id": "US.AR.035", "population": 49746}}, {"geometry": {"type": "Polygon", "coordinates": [[[-9621, 3714], [-9621, 3736], [-9621, 3745], [-9564, 3745], [-9564, 3714], [-9621, 3714]]]}, "type": "Feature", "properties": {"name": "Cross County", "stateAbbrev": "AR", "state": "Arkansas", "fips": "037", "incits": "05037", "id": "US.AR.037", "population": 17548}}, {"geometry": {"type": "Polygon", "coordinates": [[[-9942, 3746], [-9924, 3779], [-9902, 3780], [-9903, 3738], [-9925, 3723], [-9937, 3721], [-9942, 3746]]]}, "type": "Feature", "properties": {"name": "Franklin County", "stateAbbrev": "AR", "state": "Arkansas", "fips": "047", "incits": "05047", "id": "US.AR.047", "population": 18034}}, {"geometry": {"type": "Polygon", "coordinates": [[[-9739, 3832], [-9739, 3857], [-9664, 3857], [-9665, 3840], [-9690, 3831], [-9739, 3832]]]}, "type": "Feature", "properties": {"name": "Fulton County", "stateAbbrev": "AR", "state": "Arkansas", "fips": "049", "incits": "05049", "id": "US.AR.049", "population": 12304}}, {"geometry": {"type": "Polygon", "coordinates": [[[-9596, 3820], [-9596, 3832], [-9545, 3832], [-9531, 3826], [-9551, 3804], [-9601, 3801], [-9596, 3820]]]}, "type": "Feature", "properties": {"name": "Greene County", "stateAbbrev": "AR", "state": "Arkansas", "fips": "055", "incits": "05055", "id": "US.AR.055", "population": 43097}}, {"geometry": {"type": "Polygon", "coordinates": [[[-9706, 3790], [-9692, 3798], [-9655, 3793], [-9638, 3793], [-9652, 3777], [-9656, 3754], [-9678, 3755], [-9700, 3755], [-9705, 3773], [-9706, 3790]]]}, "type": "Feature", "properties": {"name": "Independence County", "stateAbbrev": "AR", "state": "Arkansas", "fips": "063", "incits": "05063", "id": "US.AR.063", "population": 36997}}, {"geometry": {"type": "Polygon", "coordinates": [[[-9739, 3832], [-9690, 3831], [-9692, 3798], [-9706, 3790], [-9743, 3818], [-9739, 3832]]]}, "type": "Feature", "properties": {"name": "Izard County", "stateAbbrev": "AR", "state": "Arkansas", "fips": "065", "incits": "05065", "id": "US.AR.065", "population": 13368}}, {"geometry": {"type": "Polygon", "coordinates": [[[-9678, 3755], [-9656, 3754], [-9652, 3777], [-9638, 3793], [-9620, 3792], [-9620, 3774], [-9621, 3745], [-9621, 3736], [-9643, 3736], [-9653, 3745], [-9679, 3745], [-9678, 3755]]]}, "type": "Feature", "properties": {"name": "Jackson County", "stateAbbrev": "AR", "state": "Arkansas", "fips": "067", "incits": "05067", "id": "US.AR.067", "population": 17615}}, {"geometry": {"type": "Polygon", "coordinates": [[[-9655, 3793], [-9654, 3829], [-9645, 3832], [-9631, 3822], [-9596, 3820], [-9601, 3801], [-9620, 3792], [-9638, 3793], [-9655, 3793]]]}, "type": "Feature", "properties": {"name": "Lawrence County", "stateAbbrev": "AR", "state": "Arkansas", "fips": "075", "incits": "05075", "id": "US.AR.075", "population": 17011}}, {"geometry": {"type": "Polygon", "coordinates": [[[-9627, 3685], [-9627, 3689], [-9554, 3689], [-9554, 3681], [-9573, 3661], [-9622, 3661], [-9627, 3685]]]}, "type": "Feature", "properties": {"name": "Lee County", "stateAbbrev": "AR", "state": "Arkansas", "fips": "077", "incits": "05077", "id": "US.AR.077", "population": 10015}}, {"geometry": {"type": "Polygon", "coordinates": [[[-9949, 3709], [-9937, 3721], [-9925, 3723], [-9903, 3738], [-9873, 3743], [-9860, 3733], [-9857, 3732], [-9903, 3713], [-9903, 3701], [-9941, 3702], [-9949, 3709]]]}, "type": "Feature", "properties": {"name": "Logan County", "stateAbbrev": "AR", "state": "Arkansas", "fips": "083", "incits": "05083", "id": "US.AR.083", "population": 22082}}, {"geometry": {"type": "Polygon", "coordinates": [[[-9930, 3779], [-9928, 3814], [-9922, 3829], [-9920, 3837], [-9899, 3837], [-9879, 3818], [-9876, 3801], [-9883, 3779], [-9902, 3780], [-9924, 3779], [-9930, 3779]]]}, "type": "Feature", "properties": {"name": "Madison County", "stateAbbrev": "AR", "state": "Arkansas", "fips": "087", "incits": "05087", "id": "US.AR.087", "population": 15701}}, {"geometry": {"type": "Polygon", "coordinates": [[[-9817, 3816], [-9813, 3857], [-9778, 3857], [-9783, 3839], [-9772, 3831], [-9766, 3811], [-9811, 3812], [-9817, 3816]]]}, "type": "Feature", "properties": {"name": "Marion County", "stateAbbrev": "AR", "state": "Arkansas", "fips": "089", "incits": "05089", "id": "US.AR.089", "population": 16430}}, {"geometry": {"type": "Polygon", "coordinates": [[[-9542, 3804], [-9483, 3804], [-9491, 3779], [-9502, 3764], [-9526, 3745], [-9541, 3745], [-9541, 3773], [-9542, 3804]]]}, "type": "Feature", "properties": {"name": "Mississippi County", "stateAbbrev": "AR", "state": "Arkansas", "fips": "093", "incits": "05093", "id": "US.AR.093", "population": 44765}}, {"geometry": {"type": "Polygon", "coordinates": [[[-9655, 3689], [-9633, 3699], [-9627, 3685], [-9622, 3661], [-9623, 3629], [-9657, 3653], [-9655, 3689]]]}, "type": "Feature", "properties": {"name": "Monroe County", "stateAbbrev": "AR", "state": "Arkansas", "fips": "095", "incits": "05095", "id": "US.AR.095", "population": 7682}}, {"geometry": {"type": "Polygon", "coordinates": [[[-9879, 3818], [-9860, 3817], [-9822, 3817], [-9823, 3775], [-9845, 3776], [-9883, 3779], [-9876, 3801], [-9879, 3818]]]}, "type": "Feature", "properties": {"name": "Newton County", "stateAbbrev": "AR", "state": "Arkansas", "fips": "101", "incits": "05101", "id": "US.AR.101", "population": 8064}}, {"geometry": {"type": "Polygon", "coordinates": [[[-9629, 3606], [-9623, 3629], [-9622, 3661], [-9573, 3661], [-9569, 3650], [-9576, 3634], [-9612, 3606], [-9629, 3606]]]}, "type": "Feature", "properties": {"name": "Phillips County", "stateAbbrev": "AR", "state": "Arkansas", "fips": "107", "incits": "05107", "id": "US.AR.107", "population": 20399}}, {"geometry": {"type": "Polygon", "coordinates": [[[-9620, 3774], [-9541, 3773], [-9541, 3745], [-9564, 3745], [-9621, 3745], [-9620, 3774]]]}, "type": "Feature", "properties": {"name": "Poinsett County", "stateAbbrev": "AR", "state": "Arkansas", "fips": "111", "incits": "05111", "id": "US.AR.111", "population": 24145}}, {"geometry": {"type": "Polygon", "coordinates": [[[-9701, 3703], [-9666, 3708], [-9655, 3689], [-9657, 3653], [-9680, 3653], [-9688, 3644], [-9690, 3690], [-9701, 3703]]]}, "type": "Feature", "properties": {"name": "Prairie County", "stateAbbrev": "AR", "state": "Arkansas", "fips": "117", "incits": "05117", "id": "US.AR.117", "population": 8374}}, {"geometry": {"type": "Polygon", "coordinates": [[[-9660, 3857], [-9594, 3857], [-9596, 3832], [-9596, 3820], [-9631, 3822], [-9645, 3832], [-9646, 3844], [-9660, 3857]]]}, "type": "Feature", "properties": {"name": "Randolph County", "stateAbbrev": "AR", "state": "Arkansas", "fips": "121", "incits": "05121", "id": "US.AR.121", "population": 17692}}, {"geometry": {"type": "Polygon", "coordinates": [[[-9633, 3699], [-9621, 3714], [-9564, 3714], [-9553, 3714], [-9554, 3689], [-9627, 3689], [-9627, 3685], [-9633, 3699]]]}, "type": "Feature", "properties": {"name": "St. Francis County", "stateAbbrev": "AR", "state": "Arkansas", "fips": "123", "incits": "05123", "id": "US.AR.123", "population": 27260}}, {"geometry": {"type": "Polygon", "coordinates": [[[-9823, 3775], [-9822, 3817], [-9817, 3816], [-9811, 3812], [-9766, 3811], [-9766, 3802], [-9766, 3782], [-9789, 3782], [-9808, 3775], [-9823, 3775]]]}, "type": "Feature", "properties": {"name": "Searcy County", "stateAbbrev": "AR", "state": "Arkansas", "fips": "129", "incits": "05129", "id": "US.AR.129", "population": 8023}}, {"geometry": {"type": "Polygon", "coordinates": [[[-9981, 3692], [-9979, 3741], [-9968, 3736], [-9942, 3746], [-9937, 3721], [-9949, 3709], [-9958, 3695], [-9981, 3692]]]}, "type": "Feature", "properties": {"name": "Sebastian County", "stateAbbrev": "AR", "state": "Arkansas", "fips": "131", "incits": "05131", "id": "US.AR.131", "population": 127342}}, {"geometry": {"type": "Polygon", "coordinates": [[[-9692, 3798], [-9690, 3831], [-9665, 3840], [-9664, 3857], [-9660, 3857], [-9646, 3844], [-9645, 3832], [-9654, 3829], [-9655, 3793], [-9692, 3798]]]}, "type": "Feature", "properties": {"name": "Sharp County", "stateAbbrev": "AR", "state": "Arkansas", "fips": "135", "incits": "05135", "id": "US.AR.135", "population": 17049}}, {"geometry": {"type": "Polygon", "coordinates": [[[-9766, 3782], [-9766, 3802], [-9743, 3818], [-9706, 3790], [-9705, 3773], [-9748, 3774], [-9766, 3782]]]}, "type": "Feature", "properties": {"name": "Stone County", "stateAbbrev": "AR", "state": "Arkansas", "fips": "137", "incits": "05137", "id": "US.AR.137", "population": 12581}}, {"geometry": {"type": "Polygon", "coordinates": [[[-9812, 3748], [-9808, 3775], [-9789, 3782], [-9766, 3782], [-9748, 3774], [-9749, 3737], [-9773, 3738], [-9773, 3747], [-9812, 3748]]]}, "type": "Feature", "properties": {"name": "Van Buren County", "stateAbbrev": "AR", "state": "Arkansas", "fips": "141", "incits": "05141", "id": "US.AR.141", "population": 16932}}, {"geometry": {"type": "Polygon", "coordinates": [[[-9992, 3815], [-9975, 3815], [-9969, 3827], [-9922, 3829], [-9928, 3814], [-9930, 3779], [-9986, 3779], [-9992, 3815]]]}, "type": "Feature", "properties": {"name": "Washington County", "stateAbbrev": "AR", "state": "Arkansas", "fips": "143", "incits": "05143", "id": "US.AR.143", "population": 216410}}, {"geometry": {"type": "Polygon", "coordinates": [[[-9735, 3706], [-9734, 3737], [-9707, 3737], [-9700, 3755], [-9678, 3755], [-9679, 3745], [-9653, 3745], [-9662, 3738], [-9658, 3724], [-9666, 3708], [-9701, 3703], [-9735, 3706]]]}, "type": "Feature", "properties": {"name": "White County", "stateAbbrev": "AR", "state": "Arkansas", "fips": "145", "incits": "05145", "id": "US.AR.145", "population": 78483}}, {"geometry": {"type": "Polygon", "coordinates": [[[-9666, 3708], [-9658, 3724], [-9662, 3738], [-9653, 3745], [-9643, 3736], [-9621, 3736], [-9621, 3714], [-9633, 3699], [-9655, 3689], [-9666, 3708]]]}, "type": "Feature", "properties": {"name": "Woodruff County", "stateAbbrev": "AR", "state": "Arkansas", "fips": "147", "incits": "05147", "id": "US.AR.147", "population": 7072}}, {"geometry": {"type": "Polygon", "coordinates": [[[-9984, 3587], [-9965, 3574], [-9929, 3567], [-9915, 3552], [-9938, 3546], [-9951, 3550], [-9972, 3546], [-9985, 3555], [-9984, 3587]]]}, "type": "Feature", "properties": {"name": "Little River County", "stateAbbrev": "AR", "state": "Arkansas", "fips": "081", "incits": "05081", "id": "US.AR.081", "population": 12730}}, {"geometry": {"type": "Polygon", "coordinates": [[[-9982, 3670], [-9981, 3692], [-9958, 3695], [-9949, 3709], [-9941, 3702], [-9903, 3701], [-9903, 3672], [-9926, 3663], [-9982, 3670]]]}, "type": "Feature", "properties": {"name": "Scott County", "stateAbbrev": "AR", "state": "Arkansas", "fips": "127", "incits": "05127", "id": "US.AR.127", "population": 10950}}, {"geometry": {"type": "Polygon", "coordinates": [[[-9984, 3587], [-9983, 3613], [-9960, 3613], [-9944, 3613], [-9939, 3582], [-9929, 3567], [-9965, 3574], [-9984, 3587]]]}, "type": "Feature", "properties": {"name": "Sevier County", "stateAbbrev": "AR", "state": "Arkansas", "fips": "133", "incits": "05133", "id": "US.AR.133", "population": 17366}}, {"geometry": {"type": "Polygon", "coordinates": [[[-9691, 3644], [-9688, 3644], [-9680, 3653], [-9657, 3653], [-9623, 3629], [-9629, 3606], [-9633, 3593], [-9650, 3589], [-9661, 3595], [-9664, 3602], [-9672, 3616], [-9692, 3618], [-9691, 3644]]]}, "type": "Feature", "properties": {"name": "Arkansas County", "stateAbbrev": "AR", "state": "Arkansas", "fips": "001", "incits": "05001", "id": "US.AR.001", "population": 18777}}, {"geometry": {"type": "Polygon", "coordinates": [[[-9735, 3700], [-9735, 3706], [-9701, 3703], [-9690, 3690], [-9688, 3644], [-9691, 3644], [-9726, 3645], [-9735, 3700]]]}, "type": "Feature", "properties": {"name": "Lonoke County", "stateAbbrev": "AR", "state": "Arkansas", "fips": "085", "incits": "05085", "id": "US.AR.085", "population": 70753}}, {"geometry": {"type": "Polygon", "coordinates": [[[-9749, 3737], [-9748, 3774], [-9705, 3773], [-9700, 3755], [-9707, 3737], [-9734, 3737], [-9749, 3737]]]}, "type": "Feature", "properties": {"name": "Cleburne County", "stateAbbrev": "AR", "state": "Arkansas", "fips": "023", "incits": "05023", "id": "US.AR.023", "population": 25686}}, {"geometry": {"type": "Polygon", "coordinates": [[[-9820, 3717], [-9813, 3716], [-9812, 3748], [-9773, 3747], [-9773, 3738], [-9782, 3710], [-9798, 3706], [-9832, 3707], [-9820, 3717]]]}, "type": "Feature", "properties": {"name": "Conway County", "stateAbbrev": "AR", "state": "Arkansas", "fips": "029", "incits": "05029", "id": "US.AR.029", "population": 21245}}, {"geometry": {"type": "Polygon", "coordinates": [[[-9782, 3710], [-9773, 3738], [-9749, 3737], [-9734, 3737], [-9735, 3706], [-9735, 3700], [-9747, 3691], [-9780, 3694], [-9782, 3710]]]}, "type": "Feature", "properties": {"name": "Faulkner County", "stateAbbrev": "AR", "state": "Arkansas", "fips": "045", "incits": "05045", "id": "US.AR.045", "population": 119580}}, {"geometry": {"type": "Polygon", "coordinates": [[[-9845, 3776], [-9823, 3775], [-9808, 3775], [-9812, 3748], [-9813, 3716], [-9820, 3717], [-9835, 3711], [-9857, 3732], [-9860, 3733], [-9846, 3762], [-9845, 3776]]]}, "type": "Feature", "properties": {"name": "Pope County", "stateAbbrev": "AR", "state": "Arkansas", "fips": "115", "incits": "05115", "id": "US.AR.115", "population": 62547}}, {"geometry": {"type": "Polygon", "coordinates": [[[-9903, 3738], [-9902, 3780], [-9883, 3779], [-9845, 3776], [-9846, 3762], [-9860, 3733], [-9873, 3743], [-9903, 3738]]]}, "type": "Feature", "properties": {"name": "Johnson County", "stateAbbrev": "AR", "state": "Arkansas", "fips": "071", "incits": "05071", "id": "US.AR.071", "population": 25846}}, {"geometry": {"type": "Polygon", "coordinates": [[[-9903, 3672], [-9903, 3701], [-9903, 3713], [-9857, 3732], [-9835, 3711], [-9820, 3717], [-9832, 3707], [-9860, 3686], [-9858, 3675], [-9870, 3672], [-9903, 3672]]]}, "type": "Feature", "properties": {"name": "Yell County", "stateAbbrev": "AR", "state": "Arkansas", "fips": "149", "incits": "05149", "id": "US.AR.149", "population": 21893}}, {"geometry": {"type": "Polygon", "coordinates": [[[-9870, 3672], [-9858, 3675], [-9836, 3675], [-9826, 3660], [-9808, 3655], [-9806, 3646], [-9823, 3634], [-9871, 3635], [-9870, 3672]]]}, "type": "Feature", "properties": {"name": "Garland County", "stateAbbrev": "AR", "state": "Arkansas", "fips": "051", "incits": "05051", "id": "US.AR.051", "population": 97173}}, {"geometry": {"type": "Polygon", "coordinates": [[[-9794, 3609], [-9793, 3637], [-9748, 3645], [-9744, 3645], [-9747, 3600], [-9758, 3599], [-9775, 3608], [-9794, 3609]]]}, "type": "Feature", "properties": {"name": "Grant County", "stateAbbrev": "AR", "state": "Arkansas", "fips": "053", "incits": "05053", "id": "US.AR.053", "population": 18019}}, {"geometry": {"type": "Polygon", "coordinates": [[[-9744, 3645], [-9726, 3645], [-9691, 3644], [-9692, 3618], [-9672, 3616], [-9664, 3602], [-9693, 3612], [-9695, 3603], [-9718, 3600], [-9747, 3600], [-9744, 3645]]]}, "type": "Feature", "properties": {"name": "Jefferson County", "stateAbbrev": "AR", "state": "Arkansas", "fips": "069", "incits": "05069", "id": "US.AR.069", "population": 73191}}, {"geometry": {"type": "Polygon", "coordinates": [[[-9927, 3630], [-9926, 3663], [-9903, 3672], [-9870, 3672], [-9871, 3635], [-9871, 3629], [-9879, 3629], [-9927, 3630]]]}, "type": "Feature", "properties": {"name": "Montgomery County", "stateAbbrev": "AR", "state": "Arkansas", "fips": "097", "incits": "05097", "id": "US.AR.097", "population": 9226}}, {"geometry": {"type": "Polygon", "coordinates": [[[-9832, 3707], [-9798, 3706], [-9782, 3710], [-9780, 3694], [-9801, 3683], [-9836, 3684], [-9836, 3675], [-9858, 3675], [-9860, 3686], [-9832, 3707]]]}, "type": "Feature", "properties": {"name": "Perry County", "stateAbbrev": "AR", "state": "Arkansas", "fips": "105", "incits": "05105", "id": "US.AR.105", "population": 10345}}, {"geometry": {"type": "Polygon", "coordinates": [[[-9780, 3694], [-9747, 3691], [-9735, 3700], [-9726, 3645], [-9744, 3645], [-9748, 3645], [-9781, 3666], [-9801, 3683], [-9780, 3694]]]}, "type": "Feature", "properties": {"name": "Pulaski County", "stateAbbrev": "AR", "state": "Arkansas", "fips": "119", "incits": "05119", "id": "US.AR.119", "population": 391284}}, {"geometry": {"type": "Polygon", "coordinates": [[[-9801, 3683], [-9781, 3666], [-9748, 3645], [-9793, 3637], [-9806, 3646], [-9808, 3655], [-9826, 3660], [-9836, 3675], [-9836, 3684], [-9801, 3683]]]}, "type": "Feature", "properties": {"name": "Saline County", "stateAbbrev": "AR", "state": "Arkansas", "fips": "125", "incits": "05125", "id": "US.AR.125", "population": 114404}}, {"geometry": {"type": "Polygon", "coordinates": [[[-9879, 3629], [-9871, 3629], [-9866, 3623], [-9832, 3618], [-9816, 3610], [-9817, 3573], [-9839, 3570], [-9855, 3575], [-9867, 3588], [-9874, 3598], [-9879, 3629]]]}, "type": "Feature", "properties": {"name": "Clark County", "stateAbbrev": "AR", "state": "Arkansas", "fips": "019", "incits": "05019", "id": "US.AR.019", "population": 22743}}, {"geometry": {"type": "Polygon", "coordinates": [[[-9758, 3599], [-9747, 3600], [-9718, 3600], [-9720, 3571], [-9720, 3562], [-9757, 3562], [-9758, 3571], [-9773, 3590], [-9758, 3599]]]}, "type": "Feature", "properties": {"name": "Cleveland County", "stateAbbrev": "AR", "state": "Arkansas", "fips": "025", "incits": "05025", "id": "US.AR.025", "population": 8593}}, {"geometry": {"type": "Polygon", "coordinates": [[[-9816, 3610], [-9794, 3609], [-9775, 3608], [-9758, 3599], [-9773, 3590], [-9758, 3571], [-9784, 3572], [-9817, 3573], [-9816, 3610]]]}, "type": "Feature", "properties": {"name": "Dallas County", "stateAbbrev": "AR", "state": "Arkansas", "fips": "039", "incits": "05039", "id": "US.AR.039", "population": 7933}}, {"geometry": {"type": "Polygon", "coordinates": [[[-9871, 3629], [-9871, 3635], [-9823, 3634], [-9806, 3646], [-9793, 3637], [-9794, 3609], [-9816, 3610], [-9832, 3618], [-9866, 3623], [-9871, 3629]]]}, "type": "Feature", "properties": {"name": "Hot Spring County", "stateAbbrev": "AR", "state": "Arkansas", "fips": "059", "incits": "05059", "id": "US.AR.059", "population": 33500}}, {"geometry": {"type": "Polygon", "coordinates": [[[-9718, 3600], [-9695, 3603], [-9693, 3612], [-9664, 3602], [-9661, 3595], [-9675, 3591], [-9675, 3570], [-9720, 3571], [-9718, 3600]]]}, "type": "Feature", "properties": {"name": "Lincoln County", "stateAbbrev": "AR", "state": "Arkansas", "fips": "079", "incits": "05079", "id": "US.AR.079", "population": 14031}}, {"geometry": {"type": "Polygon", "coordinates": [[[-9737, 3505], [-9720, 3519], [-9721, 3529], [-9665, 3528], [-9665, 3488], [-9730, 3488], [-9737, 3505]]]}, "type": "Feature", "properties": {"name": "Ashley County", "stateAbbrev": "AR", "state": "Arkansas", "fips": "003", "incits": "05003", "id": "US.AR.003", "population": 21283}}, {"geometry": {"type": "Polygon", "coordinates": [[[-9757, 3562], [-9720, 3562], [-9721, 3529], [-9720, 3519], [-9737, 3505], [-9759, 3519], [-9757, 3562]]]}, "type": "Feature", "properties": {"name": "Bradley County", "stateAbbrev": "AR", "state": "Arkansas", "fips": "011", "incits": "05011", "id": "US.AR.011", "population": 11249}}, {"geometry": {"type": "Polygon", "coordinates": [[[-9784, 3572], [-9758, 3571], [-9757, 3562], [-9759, 3519], [-9782, 3526], [-9804, 3542], [-9784, 3565], [-9784, 3572]]]}, "type": "Feature", "properties": {"name": "Calhoun County", "stateAbbrev": "AR", "state": "Arkansas", "fips": "013", "incits": "05013", "id": "US.AR.013", "population": 5241}}, {"geometry": {"type": "Polygon", "coordinates": [[[-9880, 3489], [-9879, 3515], [-9867, 3534], [-9841, 3535], [-9826, 3527], [-9827, 3489], [-9880, 3489]]]}, "type": "Feature", "properties": {"name": "Columbia County", "stateAbbrev": "AR", "state": "Arkansas", "fips": "027", "incits": "05027", "id": "US.AR.027", "population": 24164}}, {"geometry": {"type": "Polygon", "coordinates": [[[-9720, 3562], [-9720, 3571], [-9675, 3570], [-9664, 3570], [-9665, 3547], [-9665, 3528], [-9721, 3529], [-9720, 3562]]]}, "type": "Feature", "properties": {"name": "Drew County", "stateAbbrev": "AR", "state": "Arkansas", "fips": "043", "incits": "05043", "id": "US.AR.043", "population": 18785}}, {"geometry": {"type": "Polygon", "coordinates": [[[-9929, 3567], [-9916, 3566], [-9915, 3594], [-9876, 3589], [-9879, 3538], [-9904, 3538], [-9915, 3552], [-9929, 3567]]]}, "type": "Feature", "properties": {"name": "Hempstead County", "stateAbbrev": "AR", "state": "Arkansas", "fips": "057", "incits": "05057", "id": "US.AR.057", "population": 22474}}, {"geometry": {"type": "Polygon", "coordinates": [[[-9927, 3630], [-9915, 3612], [-9915, 3594], [-9916, 3566], [-9929, 3567], [-9939, 3582], [-9944, 3613], [-9960, 3613], [-9961, 3631], [-9927, 3630]]]}, "type": "Feature", "properties": {"name": "Howard County", "stateAbbrev": "AR", "state": "Arkansas", "fips": "061", "incits": "05061", "id": "US.AR.061", "population": 13581}}, {"geometry": {"type": "Polygon", "coordinates": [[[-9879, 3538], [-9876, 3589], [-9867, 3588], [-9855, 3575], [-9839, 3570], [-9841, 3535], [-9867, 3534], [-9879, 3538]]]}, "type": "Feature", "properties": {"name": "Nevada County", "stateAbbrev": "AR", "state": "Arkansas", "fips": "099", "incits": "05099", "id": "US.AR.099", "population": 8799}}, {"geometry": {"type": "Polygon", "coordinates": [[[-9841, 3535], [-9839, 3570], [-9817, 3573], [-9784, 3572], [-9784, 3565], [-9804, 3542], [-9782, 3526], [-9826, 3527], [-9841, 3535]]]}, "type": "Feature", "properties": {"name": "Ouachita County", "stateAbbrev": "AR", "state": "Arkansas", "fips": "103", "incits": "05103", "id": "US.AR.103", "population": 25002}}, {"geometry": {"type": "Polygon", "coordinates": [[[-9927, 3630], [-9879, 3629], [-9874, 3598], [-9867, 3588], [-9876, 3589], [-9915, 3594], [-9915, 3612], [-9927, 3630]]]}, "type": "Feature", "properties": {"name": "Pike County", "stateAbbrev": "AR", "state": "Arkansas", "fips": "109", "incits": "05109", "id": "US.AR.109", "population": 11177}}, {"geometry": {"type": "Polygon", "coordinates": [[[-9827, 3489], [-9826, 3527], [-9782, 3526], [-9759, 3519], [-9737, 3505], [-9730, 3488], [-9827, 3489]]]}, "type": "Feature", "properties": {"name": "Union County", "stateAbbrev": "AR", "state": "Arkansas", "fips": "139", "incits": "05139", "id": "US.AR.139", "population": 40694}}, {"geometry": {"type": "Polygon", "coordinates": [[[-9904, 3538], [-9879, 3538], [-9867, 3534], [-9879, 3515], [-9880, 3489], [-9914, 3489], [-9900, 3523], [-9904, 3538]]]}, "type": "Feature", "properties": {"name": "Lafayette County", "stateAbbrev": "AR", "state": "Arkansas", "fips": "073", "incits": "05073", "id": "US.AR.073", "population": 7252}}, {"geometry": {"type": "Polygon", "coordinates": [[[-9938, 3546], [-9915, 3552], [-9904, 3538], [-9900, 3523], [-9914, 3489], [-9938, 3489], [-9938, 3546]]]}, "type": "Feature", "properties": {"name": "Miller County", "stateAbbrev": "AR", "state": "Arkansas", "fips": "091", "incits": "05091", "id": "US.AR.091", "population": 43402}}, {"geometry": {"type": "Polygon", "coordinates": [[[-9665, 3528], [-9665, 3547], [-9641, 3547], [-9625, 3511], [-9634, 3488], [-9665, 3488], [-9665, 3528]]]}, "type": "Feature", "properties": {"name": "Chicot County", "stateAbbrev": "AR", "state": "Arkansas", "fips": "017", "incits": "05017", "id": "US.AR.017", "population": 11335}}, {"geometry": {"type": "Polygon", "coordinates": [[[-9661, 3595], [-9650, 3589], [-9633, 3593], [-9629, 3606], [-9612, 3606], [-9626, 3590], [-9626, 3557], [-9641, 3547], [-9665, 3547], [-9664, 3570], [-9675, 3570], [-9675, 3591], [-9661, 3595]]]}, "type": "Feature", "properties": {"name": "Desha County", "stateAbbrev": "AR", "state": "Arkansas", "fips": "041", "incits": "05041", "id": "US.AR.041", "population": 12505}}], "ac-tx": {"default": {"crs": "wsg84", "scale": 105.67777661144817, "xoffset": 0, "yoffset": 0}}}