{"crs": {"type": "name", "properties": {"name": "urn:ogc:def:crs:EPSG:4326"}}, "type": "FeatureCollection", "features": [{"geometry": {"type": "Polygon", "coordinates": [[[-9909, 3962], [-9903, 3957], [-9893, 3957], [-9885, 3944], [-9863, 3958], [-9854, 3955], [-9842, 3945], [-9829, 3935], [-9829, 3928], [-9808, 3927], [-9787, 3923], [-9786, 3920], [-9754, 3913], [-9738, 3914], [-9688, 3914], [-9688, 3917], [-9682, 3916], [-9680, 3914], [-9680, 3883], [-9679, 3852], [-9683, 3852], [-9681, 3821], [-9681, 3805], [-9746, 3805], [-9818, 3805], [-9820, 3821], [-9821, 3844], [-9833, 3850], [-9847, 3867], [-9864, 3873], [-9876, 3895], [-9877, 3905], [-9882, 3913], [-9909, 3913], [-9909, 3962]]]}, "type": "Feature", "properties": {"name": "Fremont County", "stateAbbrev": "WY", "state": "Wyoming", "fips": "013", "incits": "56013", "id": "US.WY.013", "population": 40998}}, {"geometry": {"type": "Polygon", "coordinates": [[[-9682, 3916], [-9644, 3917], [-9597, 3916], [-9550, 3916], [-9551, 3852], [-9551, 3820], [-9583, 3820], [-9681, 3821], [-9683, 3852], [-9679, 3852], [-9680, 3883], [-9680, 3914], [-9682, 3916]]]}, "type": "Feature", "properties": {"name": "Natrona County", "stateAbbrev": "WY", "state": "Wyoming", "fips": "025", "incits": "56025", "id": "US.WY.025", "population": 80973}}, {"geometry": {"type": "Polygon", "coordinates": [[[-9773, 3977], [-9647, 3977], [-9644, 3917], [-9682, 3916], [-9688, 3917], [-9688, 3930], [-9698, 3930], [-9698, 3937], [-9720, 3937], [-9720, 3945], [-9740, 3945], [-9763, 3953], [-9773, 3969], [-9773, 3977]]]}, "type": "Feature", "properties": {"name": "Washakie County", "stateAbbrev": "WY", "state": "Wyoming", "fips": "043", "incits": "56043", "id": "US.WY.043", "population": 8463}}, {"geometry": {"type": "Polygon", "coordinates": [[[-9842, 3945], [-9822, 3945], [-9822, 3953], [-9806, 3953], [-9806, 3961], [-9795, 3961], [-9795, 3969], [-9773, 3969], [-9763, 3953], [-9740, 3945], [-9720, 3945], [-9720, 3937], [-9698, 3937], [-9698, 3930], [-9688, 3930], [-9688, 3917], [-9688, 3914], [-9738, 3914], [-9754, 3913], [-9786, 3920], [-9787, 3923], [-9808, 3927], [-9829, 3928], [-9829, 3935], [-9842, 3945]]]}, "type": "Feature", "properties": {"name": "Hot Springs County", "stateAbbrev": "WY", "state": "Wyoming", "fips": "017", "incits": "56017", "id": "US.WY.017", "population": 4847}}, {"geometry": {"type": "Polygon", "coordinates": [[[-9999, 4022], [-9999, 4052], [-9871, 4052], [-9780, 4052], [-9777, 4040], [-9776, 4008], [-9776, 3977], [-9773, 3977], [-9773, 3969], [-9795, 3969], [-9795, 3961], [-9806, 3961], [-9806, 3953], [-9822, 3953], [-9822, 3945], [-9842, 3945], [-9854, 3955], [-9863, 3958], [-9885, 3944], [-9893, 3957], [-9903, 3957], [-9909, 3962], [-9909, 3974], [-9915, 3974], [-9918, 3988], [-9931, 4000], [-9929, 4008], [-9938, 4014], [-9964, 4014], [-9964, 4022], [-9999, 4022]]]}, "type": "Feature", "properties": {"name": "Park County", "stateAbbrev": "WY", "state": "Wyoming", "fips": "029", "incits": "56029", "id": "US.WY.029", "population": 29227}}, {"geometry": {"type": "Polygon", "coordinates": [[[-9681, 3805], [-9681, 3821], [-9583, 3820], [-9551, 3820], [-9550, 3727], [-9573, 3727], [-9573, 3691], [-9637, 3692], [-9716, 3692], [-9716, 3727], [-9718, 3751], [-9679, 3751], [-9679, 3789], [-9681, 3805]]]}, "type": "Feature", "properties": {"name": "Carbon County", "stateAbbrev": "WY", "state": "Wyoming", "fips": "007", "incits": "56007", "id": "US.WY.007", "population": 15748}}, {"geometry": {"type": "Polygon", "coordinates": [[[-9667, 4012], [-9590, 4012], [-9545, 4012], [-9546, 3916], [-9550, 3916], [-9597, 3916], [-9644, 3917], [-9647, 3977], [-9647, 3991], [-9652, 4002], [-9667, 4012]]]}, "type": "Feature", "properties": {"name": "Johnson County", "stateAbbrev": "WY", "state": "Wyoming", "fips": "019", "incits": "56019", "id": "US.WY.019", "population": 8628}}, {"geometry": {"type": "Polygon", "coordinates": [[[-9550, 3916], [-9546, 3916], [-9461, 3916], [-9445, 3917], [-9445, 3882], [-9444, 3836], [-9480, 3836], [-9479, 3820], [-9484, 3820], [-9488, 3808], [-9509, 3809], [-9504, 3820], [-9551, 3820], [-9551, 3852], [-9550, 3916]]]}, "type": "Feature", "properties": {"name": "Converse County", "stateAbbrev": "WY", "state": "Wyoming", "fips": "009", "incits": "56009", "id": "US.WY.009", "population": 14313}}, {"geometry": {"type": "Polygon", "coordinates": [[[-9546, 3916], [-9545, 4012], [-9545, 4051], [-9536, 4052], [-9462, 4052], [-9461, 3978], [-9461, 3916], [-9546, 3916]]]}, "type": "Feature", "properties": {"name": "Campbell County", "stateAbbrev": "WY", "state": "Wyoming", "fips": "005", "incits": "56005", "id": "US.WY.005", "population": 48176}}, {"geometry": {"type": "Polygon", "coordinates": [[[-9716, 4052], [-9568, 4051], [-9545, 4051], [-9545, 4012], [-9590, 4012], [-9667, 4012], [-9669, 4015], [-9688, 4024], [-9700, 4026], [-9712, 4040], [-9716, 4052]]]}, "type": "Feature", "properties": {"name": "Sheridan County", "stateAbbrev": "WY", "state": "Wyoming", "fips": "033", "incits": "56033", "id": "US.WY.033", "population": 29824}}, {"geometry": {"type": "Polygon", "coordinates": [[[-9999, 4022], [-9964, 4022], [-9964, 4014], [-9938, 4014], [-9929, 4008], [-9931, 4000], [-9918, 3988], [-9915, 3974], [-9909, 3974], [-9909, 3962], [-9909, 3913], [-9909, 3906], [-9935, 3906], [-9935, 3898], [-9956, 3898], [-9956, 3893], [-9977, 3893], [-9977, 3900], [-9998, 3900], [-9998, 3953], [-9999, 4022]]]}, "type": "Feature", "properties": {"name": "Teton County", "stateAbbrev": "WY", "state": "Wyoming", "fips": "039", "incits": "56039", "id": "US.WY.039", "population": 22268}}, {"geometry": {"type": "Polygon", "coordinates": [[[-9956, 3893], [-9956, 3898], [-9935, 3898], [-9935, 3906], [-9909, 3906], [-9909, 3913], [-9882, 3913], [-9877, 3905], [-9876, 3895], [-9864, 3873], [-9847, 3867], [-9833, 3850], [-9821, 3844], [-9820, 3821], [-9818, 3805], [-9909, 3806], [-9953, 3807], [-9953, 3822], [-9957, 3822], [-9957, 3883], [-9956, 3893]]]}, "type": "Feature", "properties": {"name": "Sublette County", "stateAbbrev": "WY", "state": "Wyoming", "fips": "035", "incits": "56035", "id": "US.WY.035", "population": 10041}}, {"geometry": {"type": "Polygon", "coordinates": [[[-9998, 3900], [-9977, 3900], [-9977, 3893], [-9956, 3893], [-9957, 3883], [-9957, 3822], [-9953, 3822], [-9953, 3807], [-9909, 3806], [-9908, 3743], [-9998, 3744], [-9998, 3801], [-9998, 3847], [-9998, 3900]]]}, "type": "Feature", "properties": {"name": "Lincoln County", "stateAbbrev": "WY", "state": "Wyoming", "fips": "023", "incits": "56023", "id": "US.WY.023", "population": 18364}}, {"geometry": {"type": "Polygon", "coordinates": [[[-9444, 3836], [-9422, 3836], [-9422, 3750], [-9479, 3751], [-9478, 3780], [-9479, 3820], [-9480, 3836], [-9444, 3836]]]}, "type": "Feature", "properties": {"name": "Platte County", "stateAbbrev": "WY", "state": "Wyoming", "fips": "031", "incits": "56031", "id": "US.WY.031", "population": 8765}}, {"geometry": {"type": "Polygon", "coordinates": [[[-9422, 3836], [-9369, 3837], [-9368, 3742], [-9422, 3742], [-9422, 3750], [-9422, 3836]]]}, "type": "Feature", "properties": {"name": "Goshen County", "stateAbbrev": "WY", "state": "Wyoming", "fips": "015", "incits": "56015", "id": "US.WY.015", "population": 13612}}, {"geometry": {"type": "Polygon", "coordinates": [[[-9445, 3917], [-9369, 3917], [-9369, 3837], [-9422, 3836], [-9444, 3836], [-9445, 3882], [-9445, 3917]]]}, "type": "Feature", "properties": {"name": "Niobrara County", "stateAbbrev": "WY", "state": "Wyoming", "fips": "027", "incits": "56027", "id": "US.WY.027", "population": 2541}}, {"geometry": {"type": "Polygon", "coordinates": [[[-9461, 3978], [-9369, 3978], [-9369, 3917], [-9445, 3917], [-9461, 3916], [-9461, 3978]]]}, "type": "Feature", "properties": {"name": "Weston County", "stateAbbrev": "WY", "state": "Wyoming", "fips": "045", "incits": "56045", "id": "US.WY.045", "population": 7158}}, {"geometry": {"type": "Polygon", "coordinates": [[[-9462, 4052], [-9369, 4051], [-9369, 3978], [-9461, 3978], [-9462, 4052]]]}, "type": "Feature", "properties": {"name": "Crook County", "stateAbbrev": "WY", "state": "Wyoming", "fips": "011", "incits": "56011", "id": "US.WY.011", "population": 7184}}, {"geometry": {"type": "Polygon", "coordinates": [[[-9780, 4052], [-9716, 4052], [-9712, 4040], [-9700, 4026], [-9688, 4024], [-9669, 4015], [-9667, 4012], [-9652, 4002], [-9647, 3991], [-9647, 3977], [-9773, 3977], [-9776, 3977], [-9776, 4008], [-9777, 4040], [-9780, 4052]]]}, "type": "Feature", "properties": {"name": "Big Horn County", "stateAbbrev": "WY", "state": "Wyoming", "fips": "003", "incits": "56003", "id": "US.WY.003", "population": 11994}}, {"geometry": {"type": "Polygon", "coordinates": [[[-9998, 3744], [-9908, 3743], [-9908, 3691], [-9998, 3691], [-9998, 3744]]]}, "type": "Feature", "properties": {"name": "Uinta County", "stateAbbrev": "WY", "state": "Wyoming", "fips": "041", "incits": "56041", "id": "US.WY.041", "population": 21066}}, {"geometry": {"type": "Polygon", "coordinates": [[[-9551, 3820], [-9504, 3820], [-9509, 3809], [-9488, 3808], [-9484, 3820], [-9479, 3820], [-9478, 3780], [-9479, 3751], [-9479, 3691], [-9573, 3691], [-9573, 3727], [-9550, 3727], [-9551, 3820]]]}, "type": "Feature", "properties": {"name": "Albany County", "stateAbbrev": "WY", "state": "Wyoming", "fips": "001", "incits": "56001", "id": "US.WY.001", "population": 37422}}, {"geometry": {"type": "Polygon", "coordinates": [[[-9479, 3751], [-9422, 3750], [-9422, 3742], [-9368, 3742], [-9369, 3692], [-9479, 3691], [-9479, 3751]]]}, "type": "Feature", "properties": {"name": "Laramie County", "stateAbbrev": "WY", "state": "Wyoming", "fips": "021", "incits": "56021", "id": "US.WY.021", "population": 95809}}, {"geometry": {"type": "Polygon", "coordinates": [[[-9909, 3806], [-9818, 3805], [-9746, 3805], [-9681, 3805], [-9679, 3789], [-9679, 3751], [-9718, 3751], [-9716, 3727], [-9716, 3692], [-9818, 3692], [-9908, 3691], [-9908, 3743], [-9909, 3806]]]}, "type": "Feature", "properties": {"name": "Sweetwater County", "stateAbbrev": "WY", "state": "Wyoming", "fips": "037", "incits": "56037", "id": "US.WY.037", "population": 45237}}], "ac-tx": {"default": {"crs": "wsg84", "scale": 90.03620014426521, "xoffset": 0, "yoffset": 0}}}