{"crs": {"type": "name", "properties": {"name": "urn:ogc:def:crs:EPSG:4326"}}, "type": "FeatureCollection", "features": [{"geometry": {"type": "Polygon", "coordinates": [[[-9983, 5802], [-9936, 5803], [-9934, 5807], [-9927, 5808], [-9927, 5803], [-9924, 5797], [-9934, 5797], [-9934, 5791], [-9939, 5789], [-9940, 5785], [-9983, 5785], [-9983, 5802]]]}, "type": "Feature", "properties": {"name": "Kent County", "stateAbbrev": "RI", "state": "Rhode Island", "fips": "003", "incits": "44003", "id": "US.RI.003", "population": 165035}}, {"geometry": {"type": "Polygon", "coordinates": [[[-9944, 5743], [-9937, 5753], [-9930, 5766], [-9926, 5792], [-9919, 5796], [-9917, 5792], [-9909, 5790], [-9902, 5797], [-9900, 5795], [-9891, 5793], [-9890, 5770], [-9887, 5762], [-9896, 5757], [-9900, 5757], [-9935, 5745], [-9944, 5743]]]}, "type": "Feature", "properties": {"name": "Newport County", "stateAbbrev": "RI", "state": "Rhode Island", "fips": "005", "incits": "44005", "id": "US.RI.005", "population": 82397}}, {"geometry": {"type": "Polygon", "coordinates": [[[-9922, 5806], [-9917, 5809], [-9909, 5806], [-9902, 5797], [-9909, 5790], [-9917, 5792], [-9919, 5796], [-9924, 5804], [-9922, 5806]]]}, "type": "Feature", "properties": {"name": "Bristol County", "stateAbbrev": "RI", "state": "Rhode Island", "fips": "001", "incits": "44001", "id": "US.RI.001", "population": 49220}}, {"geometry": {"type": "Polygon", "coordinates": [[[-9917, 5809], [-9922, 5806], [-9927, 5808], [-9934, 5807], [-9936, 5803], [-9983, 5802], [-9984, 5841], [-9926, 5843], [-9926, 5825], [-9920, 5826], [-9919, 5821], [-9921, 5816], [-9917, 5809]]]}, "type": "Feature", "properties": {"name": "Providence County", "stateAbbrev": "RI", "state": "Rhode Island", "fips": "007", "incits": "44007", "id": "US.RI.007", "population": 628600}}, {"geometry": {"type": "MultiPolygon", "coordinates": [[[[-9983, 5785], [-9940, 5785], [-9939, 5789], [-9934, 5791], [-9926, 5792], [-9930, 5766], [-9937, 5753], [-9944, 5743], [-9951, 5746], [-9969, 5741], [-9983, 5739], [-9983, 5727], [-9999, 5744], [-9988, 5749], [-9990, 5758], [-9984, 5759], [-9983, 5785]]], [[[-9967, 5723], [-9962, 5737], [-9959, 5740], [-9953, 5742], [-9947, 5740], [-9942, 5735], [-9939, 5722], [-9945, 5716], [-9956, 5715], [-9965, 5718], [-9967, 5723]]]]}, "type": "Feature", "properties": {"name": "Washington County", "stateAbbrev": "RI", "state": "Rhode Island", "fips": "009", "incits": "44009", "id": "US.RI.009", "population": 126259}}], "ac-tx": {"default": {"crs": "wsg84", "scale": 139.0538143212234, "xoffset": 0, "yoffset": 0}}}