{"type":"Topology","arcs":[[[2610,1449],[50,40],[61,5]],[[2721,1494],[25,-61],[40,-34],[-20,-56],[25,-51],[51,-62],[65,-39],[51,39],[25,51],[96,-28],[25,34],[-10,61],[60,-11],[51,-50],[5,-57]],[[3210,1230],[-21,-84],[-45,-22],[-50,-79],[-20,-90],[35,-124],[-35,-73],[-61,-67],[-45,-6],[-30,-50],[-71,-17]],[[2867,618],[-55,79],[-21,56],[10,56],[-40,62],[-50,5]],[[2711,876],[45,62],[-35,62],[25,45],[-35,180],[-86,39],[10,73]],[[2635,1337],[30,73],[-55,39]],[[1975,185],[35,45],[106,6],[35,28],[71,-11],[66,17]],[[2288,270],[40,-6],[0,-118],[30,-6]],[[2358,140],[0,-78],[-55,34],[-86,-57],[-55,-5],[-66,-34],[-25,101],[-71,6],[-50,45],[25,33]],[[967,758],[61,68],[-10,79],[70,50],[56,-6],[106,40],[35,-56]],[[1285,933],[-20,-57],[75,-78],[31,-56],[35,45],[136,-51],[35,-51],[5,-45],[-25,-84],[50,-17],[5,-45]],[[1612,494],[-50,-16],[-40,-62],[-121,-11],[15,-51],[-56,-101],[5,-79],[-30,-39]],[[1335,135],[-55,5],[-30,40],[-46,-11],[-75,50],[15,51],[-156,50],[-26,158],[-45,5],[0,56],[25,73],[51,-11],[45,96],[-71,61]],[[2721,1494],[10,17],[136,-62],[65,113],[-25,34],[15,56],[66,50],[0,62],[-35,17]],[[2953,1781],[5,51],[75,56],[71,-51],[25,-123],[-20,-51],[60,-28],[56,67],[111,-5],[-5,-68],[35,-39],[-10,-45],[35,-51],[-20,-33],[-66,-34],[26,-129],[-51,-40],[-5,-39],[-65,11]],[[927,1860],[71,-51],[50,-62],[-30,-39],[15,-56],[-15,-79],[65,-129],[-15,-68],[51,-44],[156,-57],[35,-45],[166,-33],[-45,-85]],[[1431,1112],[15,-67],[61,-28],[-76,-68],[-55,12],[-16,-45],[-75,17]],[[967,758],[-65,29],[-35,-34],[-76,-6],[-30,56],[-91,6],[-60,-34],[-41,45],[-95,34],[-21,79],[131,134],[116,-5],[51,163],[-61,135],[-55,16],[-20,-44],[-56,16],[-50,-16],[-10,44],[-101,-39],[-76,62],[-15,79],[-70,56],[-46,-17],[-45,17],[-96,-11],[-50,61],[0,96],[50,-34],[96,6],[10,28],[76,28],[5,45],[60,56],[41,-28],[80,-6],[20,-56],[46,0],[106,-50],[100,-12],[56,40],[5,95],[55,11],[121,57]],[[1612,494],[81,-73]],[[1693,421],[-45,-39],[5,-73],[45,-45],[40,11],[41,-45]],[[1779,230],[45,-78],[-45,-62],[-26,50],[-105,-33],[-15,-34],[-86,6],[-35,56],[-96,-23],[-81,23]],[[927,1860],[50,45],[96,11],[51,39],[-16,51],[36,90],[75,0],[86,-85],[5,-50],[35,-40],[46,29],[90,-68],[146,51],[6,78],[75,68],[76,-34],[60,-79]],[[1844,1966],[10,-39],[61,-45],[75,-6],[46,40],[25,-51],[-51,-90],[66,-11],[-91,-90],[15,-28],[-50,-45],[60,-101],[-35,-56]],[[1975,1444],[-75,56],[-36,-112],[-30,-51],[-55,-17]],[[1779,1320],[-46,0],[-45,-106],[-25,28],[-91,-40],[-5,-62],[-60,-39],[-76,11]],[[2358,2253],[-20,-34],[40,-73],[-30,-39],[20,-40],[-15,-106],[-50,-85],[-5,-146],[110,-5],[66,-79],[60,-22],[-20,-85]],[[2514,1539],[-30,-11],[0,-79],[-60,17],[-136,-84],[-56,-50],[-25,-62],[-30,0],[-36,67],[-30,-17],[-111,56],[-25,68]],[[1844,1966],[-10,51],[40,112],[61,-39],[55,6],[96,101],[60,-23],[21,62],[55,79],[55,11],[66,-17],[15,-56]],[[1779,1320],[-26,-95],[51,-73],[20,28],[71,34],[55,-169],[45,-56],[66,-28],[50,0]],[[2111,961],[51,-101],[5,-51],[121,-157]],[[2288,652],[-106,-23],[-56,-67],[-181,22],[-131,-67],[-5,-62],[-116,-34]],[[2514,1539],[36,-11],[60,-79]],[[2635,1337],[-30,-11],[-25,-68],[-51,-5],[-65,-51],[-30,-45],[-20,-101],[-41,0],[-101,-67],[-115,28],[-46,-56]],[[2711,876],[-25,-33],[-71,0],[-55,-79],[-46,-6],[-75,68],[-86,-96],[-15,-67],[-25,-23]],[[2313,640],[-25,12]],[[2313,640],[70,-101],[-100,-84],[-16,-62],[21,-123]],[[1975,185],[-30,-11],[5,-39],[-55,-17],[-66,51],[10,56],[-60,5]],[[2867,618],[-55,-17],[-26,-67],[26,-62],[-121,-90],[-41,34],[-25,-56],[15,-102],[-121,6],[-80,-34],[-15,-90],[-66,0]],[[2358,2253],[10,62],[40,17],[41,78],[65,-28],[-20,-45],[81,-5],[40,-29],[20,62],[136,107],[30,-28],[152,28],[55,0],[35,-45],[-40,-135],[106,-39],[0,-51],[-56,-33],[5,-107],[-40,-56],[-60,-51],[-46,-62],[-20,-61],[20,-57],[41,6]]],"transform":{"scale":[0.19846652904747863,0.1779935275080906],"translate":[9326,1908]},"objects":{"guangxi":{"type":"GeometryCollection","geometries":[{"arcs":[[0,1,2,3,4,5]],"type":"Polygon","properties":{"admin_leve":"5","localname":"梧州市 / Wuzhou","boundary":"administrative","id":"CN.guangxi.2044154","name":"Wuzhou City"}},{"arcs":[[6,7,8]],"type":"Polygon","properties":{"name":"Beihai City","admin_leve":"5","wikipedia":"en:Beihai","localname":"北海市","boundary":"administrative","id":"CN.guangxi.2100680"}},{"arcs":[[9,10,11,12]],"type":"Polygon","properties":{"name":"Chongzuo City","admin_leve":"5","wikipedia":"en:Chongzuo","localname":"崇左市 / Chongzuo","boundary":"administrative","id":"CN.guangxi.2127478"}},{"arcs":[[13,14,-2]],"type":"Polygon","properties":{"admin_leve":"5","localname":"贺州市 / Hezhou","boundary":"administrative","id":"CN.guangxi.2773741","name":"Hezhou City"}},{"arcs":[[15,16,-10,17]],"type":"Polygon","properties":{"admin_leve":"5","localname":"百色市","boundary":"administrative","id":"CN.guangxi.2773986","name":"Baise City"}},{"arcs":[[-12,18,19,20]],"type":"Polygon","properties":{"admin_leve":"5","localname":"防城港市 / Fangchenggang","boundary":"administrative","id":"CN.guangxi.2774214","name":"Fangchenggang City"}},{"arcs":[[21,22,23,24,-16]],"type":"Polygon","properties":{"admin_leve":"5","localname":"河池市 / Hechi","boundary":"administrative","id":"CN.guangxi.2774389","name":"Hechi City"}},{"arcs":[[25,26,-23,27]],"type":"Polygon","properties":{"name":"Liuzhou City","admin_leve":"5","wikipedia":"en:Liuzhou","localname":"柳州市 / Liuzhou","boundary":"administrative","id":"CN.guangxi.2774469"}},{"arcs":[[-17,-25,28,29,30,-19,-11]],"type":"Polygon","properties":{"admin_leve":"5","localname":"南宁市 / Nanning","boundary":"administrative","id":"CN.guangxi.2775778","name":"Nanning City"}},{"arcs":[[-24,-27,31,-6,32,-29]],"type":"Polygon","properties":{"admin_leve":"5","localname":"来宾市 / Laibin","boundary":"administrative","id":"CN.guangxi.2775865","name":"Laibin City"}},{"arcs":[[-33,-5,33,34,-30]],"type":"Polygon","properties":{"admin_leve":"5","localname":"贵港市 / Guigang","boundary":"administrative","id":"CN.guangxi.2776275","name":"Guigang City"}},{"arcs":[[-31,-35,35,-7,36,-20]],"type":"Polygon","properties":{"admin_leve":"5","localname":"钦州市 / Qinzhou","boundary":"administrative","id":"CN.guangxi.2776297","name":"Qinzhou City"}},{"arcs":[[-34,-4,37,-8,-36]],"type":"Polygon","properties":{"admin_leve":"5","localname":"玉林市 / Yulin","boundary":"administrative","id":"CN.guangxi.2776309","name":"Yulin City"}},{"arcs":[[38,-14,-1,-32,-26]],"type":"Polygon","properties":{"name":"Guilin City","admin_leve":"5","wikipedia":"en:Guilin","localname":"桂林中心广场","boundary":"administrative","id":"CN.guangxi.3471982"}}]}},"crs":{"type":"name","properties":{"name":"urn:ogc:def:crs:EPSG:4326"}},"ac-tx":{"default":{"crs":"wsg84","scale":89.23145294934984,"xoffset":0,"yoffset":0}}}