{"crs": {"type": "name", "properties": {"name": "urn:ogc:def:crs:EPSG:32629"}}, "type": "FeatureCollection", "features": [{"geometry": {"type": "Polygon", "coordinates": [[[2286, 9800], [2294, 9772], [2278, 9746], [2132, 9664], [2079, 9668], [2057, 9690], [2029, 9690], [1994, 9719], [1917, 9738], [1886, 9735], [1953, 9954], [2006, 9971], [2027, 9968], [2070, 9999], [2109, 9905], [2153, 9860], [2222, 9814], [2286, 9800]]]}, "type": "Feature", "properties": {"labelrank": 5, "code_hasc": "MA.TO", "name": "Tanger - Tétouan", "admin": "Morocco", "type_en": "Region", "region": "", "woe_id": -56120062, "longitude": -5, "woe_name": "", "fips": "MO57", "woe_label": "", "latitude": 35, "iso_a2": "MA", "postal": "TO", "type": "Region", "id": "MA.TO"}}, {"geometry": {"type": "Polygon", "coordinates": [[[2628, 9427], [2640, 9419], [2638, 9409], [2600, 9358], [2663, 9305], [2678, 9269], [2654, 9250], [2522, 9226], [2464, 9149], [2434, 9090], [2378, 9091], [2315, 9160], [2252, 9175], [2191, 9303], [2212, 9339], [2210, 9353], [2193, 9373], [2152, 9386], [2165, 9419], [2125, 9494], [2106, 9491], [2083, 9540], [2106, 9538], [2140, 9551], [2156, 9542], [2186, 9547], [2226, 9521], [2247, 9493], [2277, 9479], [2286, 9457], [2306, 9444], [2374, 9447], [2405, 9394], [2405, 9356], [2428, 9347], [2448, 9352], [2457, 9343], [2468, 9379], [2533, 9456], [2628, 9427]]]}, "type": "Feature", "properties": {"labelrank": 6, "code_hasc": "MA.FB", "name": "Fès - Boulemane", "admin": "Morocco", "type_en": "Region", "region": "", "woe_id": -56120057, "longitude": -4, "woe_name": "", "fips": "MO14", "woe_label": "", "latitude": 33, "iso_a2": "MA", "postal": "FB", "type": "Region", "id": "MA.FB"}}, {"geometry": {"type": "Polygon", "coordinates": [[[2440, 9814], [2446, 9738], [2493, 9715], [2491, 9665], [2513, 9647], [2573, 9700], [2589, 9703], [2643, 9680], [2649, 9662], [2632, 9658], [2624, 9626], [2597, 9598], [2629, 9528], [2621, 9504], [2599, 9484], [2628, 9427], [2533, 9456], [2468, 9379], [2457, 9343], [2448, 9352], [2428, 9347], [2405, 9356], [2405, 9394], [2374, 9447], [2306, 9444], [2286, 9457], [2277, 9479], [2247, 9493], [2226, 9521], [2186, 9547], [2156, 9542], [2140, 9551], [2106, 9538], [2083, 9540], [2066, 9565], [2132, 9624], [2132, 9664], [2278, 9746], [2294, 9772], [2286, 9800], [2320, 9793], [2417, 9830], [2421, 9816], [2440, 9814]]]}, "type": "Feature", "properties": {"labelrank": 6, "code_hasc": "MA.TH", "name": "Taza - Al Hoceima - Taounate", "admin": "Morocco", "type_en": "Region", "region": "", "woe_id": -56120063, "longitude": -4, "woe_name": "", "fips": "MO58", "woe_label": "", "latitude": 34, "iso_a2": "MA", "postal": "TH", "type": "Region", "id": "MA.TH"}}, {"geometry": {"type": "Polygon", "coordinates": [[[2132, 9664], [2132, 9624], [2066, 9565], [2083, 9540], [2073, 9508], [2025, 9497], [1999, 9518], [1977, 9491], [1947, 9487], [1866, 9502], [1822, 9488], [1783, 9504], [1886, 9735], [1917, 9738], [1994, 9719], [2029, 9690], [2057, 9690], [2079, 9668], [2132, 9664]]]}, "type": "Feature", "properties": {"labelrank": 5, "code_hasc": "MA.GB", "name": "Gharb - Chrarda - Béni Hssen", "admin": "Morocco", "type_en": "Region", "region": "", "woe_id": -56120053, "longitude": -5, "woe_name": "", "fips": "MO05", "woe_label": "", "latitude": 34, "iso_a2": "MA", "postal": "GB", "type": "Region", "id": "MA.GB"}}, {"geometry": {"type": "Polygon", "coordinates": [[[1859, 9243], [1928, 9182], [1924, 9157], [1947, 9150], [1951, 9121], [1940, 9108], [1893, 9094], [1825, 9098], [1806, 9087], [1760, 9088], [1732, 9073], [1698, 8991], [1640, 9021], [1581, 9029], [1493, 9124], [1478, 9146], [1462, 9217], [1493, 9252], [1496, 9276], [1486, 9300], [1515, 9312], [1585, 9295], [1579, 9278], [1587, 9272], [1623, 9303], [1642, 9376], [1693, 9406], [1726, 9345], [1771, 9328], [1768, 9253], [1828, 9228], [1859, 9243]]]}, "type": "Feature", "properties": {"labelrank": 5, "code_hasc": "MA.CO", "name": "Chaouia - Ouardigha", "admin": "Morocco", "type_en": "Region", "region": "", "woe_id": -56120050, "longitude": -7, "woe_name": "", "fips": "MO06", "woe_label": "", "latitude": 33, "iso_a2": "MA", "postal": "CO", "type": "Region", "id": "MA.CO"}}, {"geometry": {"type": "Polygon", "coordinates": [[[1642, 9376], [1623, 9303], [1587, 9272], [1579, 9278], [1585, 9295], [1515, 9312], [1642, 9376]]]}, "type": "Feature", "properties": {"labelrank": 9, "code_hasc": "MA.GC", "name": "Grand Casablanca", "admin": "Morocco", "type_en": "Region", "region": "", "woe_id": -56120054, "longitude": -7, "woe_name": "", "fips": "MO09", "woe_label": "", "latitude": 33, "iso_a2": "MA", "postal": "GC", "type": "Region", "id": "MA.GC"}}, {"geometry": {"type": "Polygon", "coordinates": [[[1977, 9491], [2005, 9454], [2002, 9427], [2017, 9401], [2004, 9353], [2006, 9278], [1951, 9267], [1910, 9280], [1906, 9300], [1879, 9309], [1863, 9283], [1859, 9243], [1828, 9228], [1768, 9253], [1771, 9328], [1726, 9345], [1693, 9406], [1737, 9437], [1783, 9504], [1822, 9488], [1866, 9502], [1947, 9487], [1977, 9491]]]}, "type": "Feature", "properties": {"labelrank": 5, "code_hasc": "MA.RZ", "name": "Rabat - Salé - Zemmour - Zaer", "admin": "Morocco", "type_en": "Region", "region": "", "woe_id": -56120059, "longitude": -6, "woe_name": "", "fips": "MO49", "woe_label": "", "latitude": 33, "iso_a2": "MA", "postal": "RZ", "type": "Region", "id": "MA.RZ"}}, {"geometry": {"type": "Polygon", "coordinates": [[[2434, 9090], [2515, 8964], [2561, 8976], [2623, 8970], [2624, 8915], [2646, 8883], [2645, 8854], [2528, 8824], [2528, 8752], [2495, 8735], [2492, 8684], [2517, 8692], [2544, 8668], [2563, 8632], [2539, 8598], [2544, 8563], [2500, 8537], [2394, 8513], [2313, 8434], [2278, 8417], [2167, 8488], [2169, 8531], [2129, 8591], [2160, 8743], [2100, 8796], [2033, 8802], [2070, 8869], [2066, 8886], [2049, 8895], [2014, 8882], [2001, 8905], [2009, 8930], [2051, 8963], [2089, 8973], [2076, 9013], [2096, 9046], [1951, 9121], [1947, 9150], [1924, 9157], [1928, 9182], [1859, 9243], [1863, 9283], [1879, 9309], [1906, 9300], [1910, 9280], [1951, 9267], [2006, 9278], [2004, 9353], [2017, 9401], [2002, 9427], [2005, 9454], [1977, 9491], [1999, 9518], [2025, 9497], [2073, 9508], [2083, 9540], [2106, 9491], [2125, 9494], [2165, 9419], [2152, 9386], [2193, 9373], [2210, 9353], [2212, 9339], [2191, 9303], [2252, 9175], [2315, 9160], [2378, 9091], [2434, 9090]]]}, "type": "Feature", "properties": {"labelrank": 5, "code_hasc": "MA.MT", "name": "Meknès - Tafilalet", "admin": "Morocco", "type_en": "Region", "region": "", "woe_id": -56120057, "longitude": -4, "woe_name": "", "fips": "MO48", "woe_label": "", "latitude": 31, "iso_a2": "MA", "postal": "MT", "type": "Region", "id": "MA.MT"}}, {"geometry": {"type": "Polygon", "coordinates": [[[2014, 8882], [1956, 8831], [1804, 8756], [1780, 8727], [1737, 8721], [1688, 8740], [1697, 8773], [1664, 8810], [1678, 8827], [1712, 8835], [1724, 8862], [1707, 8913], [1698, 8991], [1732, 9073], [1760, 9088], [1806, 9087], [1825, 9098], [1893, 9094], [1940, 9108], [1951, 9121], [2096, 9046], [2076, 9013], [2089, 8973], [2051, 8963], [2009, 8930], [2001, 8905], [2014, 8882]]]}, "type": "Feature", "properties": {"labelrank": 5, "code_hasc": "MA.TD", "name": "Tadla - Azilal", "admin": "Morocco", "type_en": "Region", "region": "", "woe_id": -56120061, "longitude": -6, "woe_name": "", "fips": "MO56", "woe_label": "", "latitude": 32, "iso_a2": "MA", "postal": "TD", "type": "Region", "id": "MA.TD"}}, {"geometry": {"type": "Polygon", "coordinates": [[[2645, 8854], [2646, 8883], [2624, 8915], [2623, 8970], [2561, 8976], [2515, 8964], [2434, 9090], [2464, 9149], [2522, 9226], [2654, 9250], [2678, 9269], [2663, 9305], [2600, 9358], [2638, 9409], [2640, 9419], [2628, 9427], [2599, 9484], [2621, 9504], [2629, 9528], [2597, 9598], [2624, 9626], [2632, 9658], [2649, 9662], [2643, 9680], [2589, 9703], [2573, 9700], [2513, 9647], [2491, 9665], [2493, 9715], [2446, 9738], [2440, 9814], [2466, 9839], [2492, 9825], [2555, 9819], [2609, 9847], [2631, 9892], [2635, 9848], [2650, 9841], [2649, 9821], [2662, 9806], [2687, 9803], [2655, 9838], [2706, 9802], [2740, 9802], [2763, 9817], [2796, 9809], [2808, 9804], [2816, 9780], [2859, 9762], [2868, 9745], [2919, 9714], [2899, 9672], [2940, 9642], [2917, 9610], [2956, 9531], [2948, 9479], [2954, 9441], [2945, 9424], [2978, 9385], [2967, 9332], [2971, 9296], [3016, 9249], [3017, 9225], [3005, 9213], [3040, 9161], [3138, 9099], [3090, 9057], [3079, 9003], [3106, 8999], [3104, 8983], [2793, 8974], [2707, 8953], [2694, 8945], [2724, 8875], [2645, 8854]]]}, "type": "Feature", "properties": {"labelrank": 5, "code_hasc": "MA.OR", "name": "Oriental", "admin": "Morocco", "type_en": "Region", "region": "", "woe_id": -56120058, "longitude": -2, "woe_name": "", "fips": "MO54", "woe_label": "", "latitude": 33, "iso_a2": "MA", "postal": "OR", "type": "Region", "id": "MA.OR"}}, {"geometry": {"type": "Polygon", "coordinates": [[[2278, 8417], [2182, 8343], [2098, 8214], [2074, 8206], [2054, 8213], [2044, 8238], [1902, 8222], [1863, 8310], [1882, 8355], [1858, 8360], [1843, 8397], [1853, 8439], [1806, 8475], [1776, 8465], [1760, 8444], [1695, 8447], [1661, 8390], [1587, 8397], [1556, 8372], [1505, 8367], [1493, 8343], [1474, 8330], [1445, 8337], [1409, 8322], [1342, 8324], [1328, 8276], [1336, 8175], [1319, 8169], [1286, 8183], [1260, 8181], [1237, 8174], [1219, 8149], [1210, 8155], [1131, 8145], [1102, 8131], [1079, 8140], [1064, 8134], [1043, 8103], [1018, 8102], [987, 8079], [914, 8103], [1057, 8290], [1097, 8370], [1108, 8447], [1087, 8486], [1042, 8515], [1060, 8562], [1058, 8602], [1090, 8565], [1124, 8580], [1244, 8572], [1299, 8604], [1315, 8578], [1487, 8598], [1537, 8653], [1655, 8710], [1688, 8740], [1737, 8721], [1780, 8727], [1804, 8756], [1956, 8831], [2014, 8882], [2049, 8895], [2066, 8886], [2070, 8869], [2033, 8802], [2100, 8796], [2160, 8743], [2129, 8591], [2169, 8531], [2167, 8488], [2278, 8417]]]}, "type": "Feature", "properties": {"labelrank": 5, "code_hasc": "MA.SM", "name": "Souss - Massa - Draâ", "admin": "Morocco", "type_en": "Region", "region": "", "woe_id": -56120060, "longitude": -7, "woe_name": "", "fips": "MO55", "woe_label": "", "latitude": 30, "iso_a2": "MA", "postal": "SM", "type": "Region", "id": "MA.SM"}}, {"geometry": {"type": "Polygon", "coordinates": [[[1698, 8991], [1707, 8913], [1724, 8862], [1712, 8835], [1678, 8827], [1664, 8810], [1697, 8773], [1688, 8740], [1655, 8710], [1537, 8653], [1487, 8598], [1315, 8578], [1299, 8604], [1244, 8572], [1124, 8580], [1090, 8565], [1058, 8602], [1053, 8647], [1063, 8709], [1053, 8725], [1090, 8787], [1097, 8816], [1147, 8876], [1176, 8864], [1212, 8871], [1242, 8865], [1263, 8835], [1290, 8825], [1359, 8820], [1386, 8828], [1430, 8922], [1400, 8947], [1385, 8984], [1470, 9054], [1479, 9111], [1493, 9124], [1581, 9029], [1640, 9021], [1698, 8991]]]}, "type": "Feature", "properties": {"labelrank": 6, "code_hasc": "MA.MK", "name": "Marrakech - Tensift - Al Haouz", "admin": "Morocco", "type_en": "Region", "region": "", "woe_id": -56120056, "longitude": -8, "woe_name": "", "fips": "MO47", "woe_label": "", "latitude": 31, "iso_a2": "MA", "postal": "MK", "type": "Region", "id": "MA.MK"}}, {"geometry": {"type": "Polygon", "coordinates": [[[1493, 9124], [1479, 9111], [1470, 9054], [1385, 8984], [1400, 8947], [1430, 8922], [1386, 8828], [1359, 8820], [1290, 8825], [1263, 8835], [1242, 8865], [1212, 8871], [1176, 8864], [1147, 8876], [1169, 8898], [1190, 8946], [1194, 9051], [1287, 9136], [1366, 9244], [1384, 9243], [1423, 9278], [1486, 9300], [1496, 9276], [1493, 9252], [1462, 9217], [1478, 9146], [1493, 9124]]]}, "type": "Feature", "properties": {"labelrank": 5, "code_hasc": "MA.DA", "name": "Doukkala - Abda", "admin": "Morocco", "type_en": "Region", "region": "", "woe_id": -56120051, "longitude": -8, "woe_name": "", "fips": "MO11", "woe_label": "", "latitude": 32, "iso_a2": "MA", "postal": "DA", "type": "Region", "id": "MA.DA"}}, {"geometry": {"type": "Polygon", "coordinates": [[[487, 7229], [393, 6921], [367, 6891], [251, 6818], [178, 6826], [62, 6795], [-54, 6824], [-180, 6807], [-218, 6842], [-275, 6863], [-244, 6894], [-226, 6953], [-217, 7067], [-161, 7192], [-132, 7233], [-117, 7304], [-43, 7366], [23, 7384], [116, 7450], [222, 7708], [254, 7727], [275, 7770], [307, 7784], [388, 7789], [500, 7812], [570, 7844], [626, 7726], [559, 7692], [502, 7631], [442, 7485], [384, 7423], [360, 7362], [389, 7231], [487, 7229]]]}, "type": "Feature", "properties": {"labelrank": 5, "code_hasc": "MA.LB", "name": "Laâyoune - Boujdour - Sakia El Hamra", "admin": "Morocco", "type_en": "Region", "region": "", "woe_id": -56120089, "longitude": -13, "woe_name": "", "fips": "MO59", "woe_label": "", "latitude": 25, "iso_a2": "MA", "postal": "LB", "type": "Region", "id": "MA.LB"}}, {"geometry": {"type": "Polygon", "coordinates": [[[1902, 8222], [1815, 8205], [1795, 8185], [1725, 8203], [1680, 8189], [1658, 8165], [1592, 8166], [1337, 7976], [1334, 7684], [1301, 7683], [1312, 7628], [1306, 7585], [1317, 7553], [1307, 7533], [1153, 7524], [1072, 7461], [1052, 7458], [998, 7476], [944, 7462], [869, 7499], [818, 7508], [777, 7506], [659, 7473], [677, 7434], [671, 7403], [627, 7358], [573, 7257], [494, 7239], [487, 7229], [389, 7231], [360, 7362], [384, 7423], [442, 7485], [502, 7631], [559, 7692], [626, 7726], [570, 7844], [644, 7875], [750, 7991], [871, 8056], [914, 8103], [987, 8079], [1018, 8102], [1043, 8103], [1064, 8134], [1079, 8140], [1102, 8131], [1131, 8145], [1210, 8155], [1219, 8149], [1237, 8174], [1260, 8181], [1286, 8183], [1319, 8169], [1336, 8175], [1328, 8276], [1342, 8324], [1409, 8322], [1445, 8337], [1474, 8330], [1493, 8343], [1505, 8367], [1556, 8372], [1587, 8397], [1661, 8390], [1695, 8447], [1760, 8444], [1776, 8465], [1806, 8475], [1853, 8439], [1843, 8397], [1858, 8360], [1882, 8355], [1863, 8310], [1902, 8222]]]}, "type": "Feature", "properties": {"labelrank": 6, "code_hasc": "MA.GE", "name": "Guelmim - Es-Semara", "admin": "Morocco", "type_en": "Region", "region": "", "woe_id": -56120055, "longitude": -10, "woe_name": "", "fips": "MO03", "woe_label": "", "latitude": 28, "iso_a2": "MA", "postal": "GE", "type": "Region", "id": "MA.GE"}}, {"geometry": {"type": "Polygon", "coordinates": [[[251, 6818], [221, 6792], [154, 6677], [34, 6627], [3, 6601], [-34, 6524], [-57, 6438], [-96, 6219], [-207, 6097], [-203, 6066], [-242, 5998], [-266, 5985], [-300, 5983], [-579, 6012], [-760, 6012], [-835, 6002], [-803, 6144], [-742, 6237], [-694, 6246], [-679, 6262], [-667, 6299], [-647, 6318], [-625, 6406], [-591, 6431], [-589, 6456], [-603, 6460], [-480, 6648], [-479, 6682], [-539, 6611], [-523, 6646], [-496, 6681], [-437, 6713], [-325, 6831], [-285, 6849], [-275, 6863], [-218, 6842], [-180, 6807], [-54, 6824], [62, 6795], [178, 6826], [251, 6818]]]}, "type": "Feature", "properties": {"labelrank": 5, "code_hasc": "MA.OD", "name": "Oued el Dahab", "admin": "Morocco", "type_en": "Region", "region": "", "woe_id": 24549935, "longitude": -14, "woe_name": "Oued el Dahab", "fips": "WI00", "woe_label": "Oued Ed-Dahab, EH, Western Sahara", "latitude": 23, "iso_a2": "MA", "postal": "OD", "type": "Region", "id": "MA.OD"}}], "ac-tx": {"default": {"crs": "+proj=utm +zone=29 +datum=WGS84 +units=m +no_defs", "scale": 0.0025111933026759803}}}