{"crs": {"type": "name", "properties": {"name": "urn:ogc:def:crs:EPSG:4326"}}, "type": "FeatureCollection", "features": [{"geometry": {"type": "Polygon", "coordinates": [[[-9217, 2817], [-9205, 2846], [-9198, 2841], [-9175, 2825], [-9172, 2822], [-9166, 2818], [-9162, 2815], [-9170, 2808], [-9179, 2802], [-9178, 2800], [-9183, 2795], [-9187, 2792], [-9187, 2792], [-9189, 2790], [-9191, 2795], [-9196, 2801], [-9216, 2816], [-9217, 2817]]]}, "type": "Feature", "properties": {"name": "Hays County", "stateAbbrev": "TX", "state": "Texas", "fips": "209", "incits": "48209", "id": "US.TX.209", "population": 176026}}, {"geometry": {"type": "Polygon", "coordinates": [[[-9250, 2789], [-9228, 2807], [-9217, 2817], [-9216, 2816], [-9196, 2801], [-9191, 2795], [-9189, 2790], [-9189, 2790], [-9198, 2784], [-9218, 2775], [-9225, 2781], [-9223, 2788], [-9232, 2788], [-9241, 2790], [-9250, 2789]]]}, "type": "Feature", "properties": {"name": "Comal County", "stateAbbrev": "TX", "state": "Texas", "fips": "091", "incits": "48091", "id": "US.TX.091", "population": 118480}}, {"geometry": {"type": "Polygon", "coordinates": [[[-9245, 2826], [-9244, 2860], [-9223, 2859], [-9201, 2853], [-9205, 2846], [-9205, 2846], [-9217, 2817], [-9217, 2817], [-9228, 2807], [-9245, 2826]]]}, "type": "Feature", "properties": {"name": "Blanco County", "stateAbbrev": "TX", "state": "Texas", "fips": "031", "incits": "48031", "id": "US.TX.031", "population": 10723}}, {"geometry": {"type": "Polygon", "coordinates": [[[-9205, 2846], [-9201, 2853], [-9201, 2859], [-9194, 2872], [-9185, 2872], [-9179, 2865], [-9172, 2855], [-9160, 2856], [-9151, 2860], [-9136, 2856], [-9130, 2852], [-9142, 2833], [-9157, 2820], [-9161, 2816], [-9166, 2818], [-9172, 2822], [-9175, 2825], [-9198, 2841], [-9205, 2846]]]}, "type": "Feature", "properties": {"name": "Travis County", "stateAbbrev": "TX", "state": "Texas", "fips": "453", "incits": "48453", "id": "US.TX.453", "population": 1120954}}, {"geometry": {"type": "Polygon", "coordinates": [[[-9162, 2815], [-9161, 2816], [-9157, 2820], [-9156, 2819], [-9125, 2793], [-9152, 2778], [-9155, 2781], [-9164, 2784], [-9169, 2790], [-9174, 2794], [-9177, 2800], [-9178, 2800], [-9179, 2802], [-9170, 2808], [-9162, 2815]]]}, "type": "Feature", "properties": {"name": "Caldwell County", "stateAbbrev": "TX", "state": "Texas", "fips": "055", "incits": "48055", "id": "US.TX.055", "population": 39232}}, {"geometry": {"type": "Polygon", "coordinates": [[[-9218, 2775], [-9198, 2784], [-9189, 2790], [-9187, 2792], [-9187, 2792], [-9183, 2795], [-9177, 2800], [-9174, 2794], [-9169, 2790], [-9164, 2784], [-9155, 2781], [-9174, 2755], [-9198, 2755], [-9200, 2754], [-9201, 2756], [-9201, 2758], [-9202, 2760], [-9202, 2760], [-9209, 2768], [-9217, 2772], [-9218, 2775]]]}, "type": "Feature", "properties": {"name": "Guadalupe County", "stateAbbrev": "TX", "state": "Texas", "fips": "187", "incits": "48187", "id": "US.TX.187", "population": 143183}}, {"geometry": {"type": "Polygon", "coordinates": [[[-9265, 2784], [-9262, 2787], [-9250, 2789], [-9241, 2790], [-9232, 2788], [-9223, 2788], [-9225, 2781], [-9218, 2775], [-9217, 2772], [-9209, 2768], [-9202, 2760], [-9202, 2760], [-9215, 2745], [-9221, 2738], [-9227, 2730], [-9231, 2731], [-9255, 2739], [-9261, 2742], [-9265, 2743], [-9265, 2784]]]}, "type": "Feature", "properties": {"name": "Bexar County", "stateAbbrev": "TX", "state": "Texas", "fips": "029", "incits": "48029", "id": "US.TX.029", "population": 1817610}}, {"geometry": {"type": "Polygon", "coordinates": [[[-9276, 2826], [-9245, 2826], [-9228, 2807], [-9250, 2789], [-9262, 2787], [-9275, 2793], [-9276, 2826]]]}, "type": "Feature", "properties": {"name": "Kendall County", "stateAbbrev": "TX", "state": "Texas", "fips": "259", "incits": "48259", "id": "US.TX.259", "population": 37766}}, {"geometry": {"type": "Polygon", "coordinates": [[[-8986, 2872], [-8964, 2861], [-8942, 2860], [-8937, 2851], [-8923, 2845], [-8917, 2829], [-8933, 2816], [-8935, 2815], [-8948, 2824], [-8954, 2823], [-8960, 2829], [-8971, 2822], [-8983, 2821], [-8983, 2836], [-8983, 2845], [-8986, 2872]]]}, "type": "Feature", "properties": {"name": "Montgomery County", "stateAbbrev": "TX", "state": "Texas", "fips": "339", "incits": "48339", "id": "US.TX.339", "population": 499137}}, {"geometry": {"type": "Polygon", "coordinates": [[[-8983, 2821], [-8971, 2822], [-8960, 2829], [-8954, 2823], [-8948, 2824], [-8935, 2815], [-8933, 2816], [-8917, 2829], [-8911, 2812], [-8906, 2809], [-8906, 2802], [-8900, 2797], [-8902, 2782], [-8910, 2771], [-8915, 2771], [-8923, 2766], [-8928, 2771], [-8932, 2775], [-8948, 2774], [-8965, 2782], [-8985, 2793], [-8998, 2829], [-8983, 2821]]]}, "type": "Feature", "properties": {"name": "Harris County", "stateAbbrev": "TX", "state": "Texas", "fips": "201", "incits": "48201", "id": "US.TX.201", "population": 4336853}}, {"geometry": {"type": "Polygon", "coordinates": [[[-8923, 2845], [-8893, 2859], [-8883, 2859], [-8870, 2824], [-8856, 2824], [-8856, 2803], [-8906, 2802], [-8906, 2809], [-8911, 2812], [-8917, 2829], [-8923, 2845]]]}, "type": "Feature", "properties": {"name": "Liberty County", "stateAbbrev": "TX", "state": "Texas", "fips": "291", "incits": "48291", "id": "US.TX.291", "population": 76907}}, {"geometry": {"type": "Polygon", "coordinates": [[[-8906, 2802], [-8856, 2803], [-8848, 2803], [-8847, 2772], [-8849, 2771], [-8850, 2775], [-8861, 2769], [-8865, 2773], [-8884, 2769], [-8879, 2787], [-8884, 2793], [-8891, 2790], [-8896, 2782], [-8902, 2782], [-8900, 2797], [-8906, 2802]]]}, "type": "Feature", "properties": {"name": "Chambers County", "stateAbbrev": "TX", "state": "Texas", "fips": "071", "incits": "48071", "id": "US.TX.071", "population": 36812}}, {"geometry": {"type": "Polygon", "coordinates": [[[-9010, 2776], [-9004, 2775], [-9005, 2788], [-8999, 2788], [-8985, 2793], [-8965, 2782], [-8948, 2774], [-8951, 2760], [-8960, 2760], [-8962, 2751], [-8967, 2747], [-8978, 2750], [-8987, 2744], [-8997, 2750], [-9001, 2760], [-9007, 2764], [-9007, 2774], [-9010, 2776]]]}, "type": "Feature", "properties": {"name": "Fort Bend County", "stateAbbrev": "TX", "state": "Texas", "fips": "157", "incits": "48157", "id": "US.TX.157", "population": 652365}}, {"geometry": {"type": "MultiPolygon", "coordinates": [[[[-8928, 2771], [-8923, 2766], [-8915, 2771], [-8910, 2771], [-8900, 2766], [-8902, 2758], [-8886, 2751], [-8882, 2753], [-8879, 2757], [-8873, 2751], [-8877, 2746], [-8881, 2746], [-8887, 2741], [-8908, 2729], [-8916, 2726], [-8920, 2727], [-8913, 2738], [-8930, 2763], [-8928, 2771]]], [[[-8861, 2769], [-8850, 2775], [-8849, 2771], [-8877, 2760], [-8883, 2754], [-8886, 2756], [-8877, 2764], [-8870, 2765], [-8867, 2769], [-8861, 2769]]]]}, "type": "Feature", "properties": {"name": "Galveston County", "stateAbbrev": "TX", "state": "Texas", "fips": "167", "incits": "48167", "id": "US.TX.167", "population": 306782}}, {"geometry": {"type": "Polygon", "coordinates": [[[-8990, 2741], [-8987, 2744], [-8978, 2750], [-8967, 2747], [-8962, 2751], [-8960, 2760], [-8951, 2760], [-8948, 2774], [-8932, 2775], [-8928, 2771], [-8930, 2763], [-8913, 2738], [-8920, 2727], [-8916, 2726], [-8931, 2715], [-8942, 2706], [-8955, 2701], [-8960, 2703], [-8968, 2710], [-8969, 2715], [-8980, 2716], [-8981, 2723], [-8987, 2729], [-8987, 2738], [-8990, 2741]]]}, "type": "Feature", "properties": {"name": "Brazoria County", "stateAbbrev": "TX", "state": "Texas", "fips": "039", "incits": "48039", "id": "US.TX.039", "population": 330242}}, {"geometry": {"type": "Polygon", "coordinates": [[[-9010, 2834], [-8983, 2836], [-8983, 2821], [-8998, 2829], [-8985, 2793], [-8999, 2788], [-9005, 2788], [-9006, 2794], [-9013, 2798], [-9014, 2807], [-9010, 2813], [-9016, 2819], [-9020, 2826], [-9016, 2833], [-9010, 2834]]]}, "type": "Feature", "properties": {"name": "Waller County", "stateAbbrev": "TX", "state": "Texas", "fips": "473", "incits": "48473", "id": "US.TX.473", "population": 45213}}, {"geometry": {"type": "Polygon", "coordinates": [[[-8989, 3138], [-8988, 3172], [-8987, 3173], [-8978, 3178], [-8973, 3178], [-8960, 3182], [-8959, 3177], [-8949, 3175], [-8937, 3177], [-8937, 3130], [-8945, 3132], [-8954, 3137], [-8980, 3141], [-8989, 3138]]]}, "type": "Feature", "properties": {"name": "Lamar County", "stateAbbrev": "TX", "state": "Texas", "fips": "277", "incits": "48277", "id": "US.TX.277", "population": 49426}}, {"geometry": {"type": "Polygon", "coordinates": [[[-9038, 3132], [-9037, 3162], [-9031, 3161], [-9029, 3167], [-9023, 3165], [-9017, 3170], [-9003, 3173], [-8994, 3177], [-8987, 3173], [-8988, 3172], [-8989, 3138], [-8988, 3133], [-9029, 3127], [-9038, 3126], [-9038, 3132]]]}, "type": "Feature", "properties": {"name": "Fannin County", "stateAbbrev": "TX", "state": "Texas", "fips": "147", "incits": "48147", "id": "US.TX.147", "population": 33659}}, {"geometry": {"type": "Polygon", "coordinates": [[[-9090, 3184], [-9084, 3176], [-9068, 3173], [-9065, 3180], [-9057, 3178], [-9060, 3173], [-9052, 3172], [-9050, 3168], [-9042, 3167], [-9037, 3162], [-9038, 3132], [-9080, 3132], [-9090, 3133], [-9090, 3184]]]}, "type": "Feature", "properties": {"name": "Grayson County", "stateAbbrev": "TX", "state": "Texas", "fips": "181", "incits": "48181", "id": "US.TX.181", "population": 122353}}, {"geometry": {"type": "Polygon", "coordinates": [[[-9322, 2728], [-9322, 2778], [-9281, 2778], [-9281, 2772], [-9276, 2772], [-9265, 2784], [-9265, 2743], [-9265, 2743], [-9265, 2728], [-9322, 2728]]]}, "type": "Feature", "properties": {"name": "Medina County", "stateAbbrev": "TX", "state": "Texas", "fips": "325", "incits": "48325", "id": "US.TX.325", "population": 47399}}, {"geometry": {"type": "Polygon", "coordinates": [[[-9340, 2778], [-9340, 2804], [-9310, 2804], [-9300, 2803], [-9275, 2793], [-9262, 2787], [-9265, 2784], [-9276, 2772], [-9281, 2772], [-9281, 2778], [-9322, 2778], [-9340, 2778]]]}, "type": "Feature", "properties": {"name": "Bandera County", "stateAbbrev": "TX", "state": "Texas", "fips": "019", "incits": "48019", "id": "US.TX.019", "population": 20601}}, {"geometry": {"type": "Polygon", "coordinates": [[[-9227, 2730], [-9221, 2738], [-9215, 2745], [-9202, 2760], [-9201, 2758], [-9201, 2756], [-9200, 2754], [-9198, 2755], [-9174, 2755], [-9176, 2752], [-9164, 2740], [-9207, 2708], [-9227, 2730]]]}, "type": "Feature", "properties": {"name": "Wilson County", "stateAbbrev": "TX", "state": "Texas", "fips": "493", "incits": "48493", "id": "US.TX.493", "population": 45418}}, {"geometry": {"type": "Polygon", "coordinates": [[[-9265, 2728], [-9265, 2743], [-9261, 2742], [-9255, 2739], [-9231, 2731], [-9227, 2730], [-9207, 2708], [-9199, 2699], [-9221, 2683], [-9221, 2686], [-9265, 2686], [-9265, 2728]]]}, "type": "Feature", "properties": {"name": "Atascosa County", "stateAbbrev": "TX", "state": "Texas", "fips": "013", "incits": "48013", "id": "US.TX.013", "population": 47093}}, {"geometry": {"type": "Polygon", "coordinates": [[[-9322, 2728], [-9265, 2728], [-9265, 2686], [-9320, 2686], [-9322, 2728]]]}, "type": "Feature", "properties": {"name": "Frio County", "stateAbbrev": "TX", "state": "Texas", "fips": "163", "incits": "48163", "id": "US.TX.163", "population": 18065}}, {"geometry": {"type": "Polygon", "coordinates": [[[-9580, 3423], [-9579, 3381], [-9662, 3381], [-9662, 3423], [-9580, 3423]]]}, "type": "Feature", "properties": {"name": "Dallam County", "stateAbbrev": "TX", "state": "Texas", "fips": "111", "incits": "48111", "id": "US.TX.111", "population": 7057}}, {"geometry": {"type": "Polygon", "coordinates": [[[-9580, 3423], [-9529, 3422], [-9529, 3381], [-9579, 3381], [-9580, 3423]]]}, "type": "Feature", "properties": {"name": "Sherman County", "stateAbbrev": "TX", "state": "Texas", "fips": "421", "incits": "48421", "id": "US.TX.421", "population": 3093}}, {"geometry": {"type": "Polygon", "coordinates": [[[-9529, 3422], [-9479, 3422], [-9478, 3381], [-9529, 3381], [-9529, 3422]]]}, "type": "Feature", "properties": {"name": "Hansford County", "stateAbbrev": "TX", "state": "Texas", "fips": "195", "incits": "48195", "id": "US.TX.195", "population": 5555}}, {"geometry": {"type": "Polygon", "coordinates": [[[-9479, 3422], [-9428, 3422], [-9428, 3381], [-9478, 3381], [-9479, 3422]]]}, "type": "Feature", "properties": {"name": "Ochiltree County", "stateAbbrev": "TX", "state": "Texas", "fips": "357", "incits": "48357", "id": "US.TX.357", "population": 10806}}, {"geometry": {"type": "Polygon", "coordinates": [[[-9428, 3422], [-9377, 3422], [-9377, 3381], [-9428, 3381], [-9428, 3422]]]}, "type": "Feature", "properties": {"name": "Lipscomb County", "stateAbbrev": "TX", "state": "Texas", "fips": "295", "incits": "48295", "id": "US.TX.295", "population": 3485}}, {"geometry": {"type": "Polygon", "coordinates": [[[-9662, 3381], [-9579, 3381], [-9580, 3340], [-9662, 3340], [-9662, 3381]]]}, "type": "Feature", "properties": {"name": "Hartley County", "stateAbbrev": "TX", "state": "Texas", "fips": "205", "incits": "48205", "id": "US.TX.205", "population": 6100}}, {"geometry": {"type": "Polygon", "coordinates": [[[-9580, 3340], [-9579, 3381], [-9529, 3381], [-9529, 3340], [-9580, 3340]]]}, "type": "Feature", "properties": {"name": "Moore County", "stateAbbrev": "TX", "state": "Texas", "fips": "341", "incits": "48341", "id": "US.TX.341", "population": 22141}}, {"geometry": {"type": "Polygon", "coordinates": [[[-9529, 3381], [-9478, 3381], [-9479, 3340], [-9529, 3340], [-9529, 3381]]]}, "type": "Feature", "properties": {"name": "Hutchinson County", "stateAbbrev": "TX", "state": "Texas", "fips": "233", "incits": "48233", "id": "US.TX.233", "population": 21819}}, {"geometry": {"type": "Polygon", "coordinates": [[[-9479, 3340], [-9478, 3381], [-9428, 3381], [-9428, 3340], [-9479, 3340]]]}, "type": "Feature", "properties": {"name": "Roberts County", "stateAbbrev": "TX", "state": "Texas", "fips": "393", "incits": "48393", "id": "US.TX.393", "population": 831}}, {"geometry": {"type": "Polygon", "coordinates": [[[-9428, 3381], [-9377, 3381], [-9377, 3340], [-9428, 3340], [-9428, 3381]]]}, "type": "Feature", "properties": {"name": "Hemphill County", "stateAbbrev": "TX", "state": "Texas", "fips": "211", "incits": "48211", "id": "US.TX.211", "population": 4158}}, {"geometry": {"type": "Polygon", "coordinates": [[[-9662, 3340], [-9580, 3340], [-9580, 3299], [-9662, 3299], [-9662, 3340]]]}, "type": "Feature", "properties": {"name": "Oldham County", "stateAbbrev": "TX", "state": "Texas", "fips": "359", "incits": "48359", "id": "US.TX.359", "population": 2102}}, {"geometry": {"type": "Polygon", "coordinates": [[[-9580, 3299], [-9580, 3340], [-9529, 3340], [-9529, 3299], [-9580, 3299]]]}, "type": "Feature", "properties": {"name": "Potter County", "stateAbbrev": "TX", "state": "Texas", "fips": "375", "incits": "48375", "id": "US.TX.375", "population": 121661}}, {"geometry": {"type": "Polygon", "coordinates": [[[-9529, 3340], [-9479, 3340], [-9479, 3299], [-9529, 3299], [-9529, 3340]]]}, "type": "Feature", "properties": {"name": "Carson County", "stateAbbrev": "TX", "state": "Texas", "fips": "065", "incits": "48065", "id": "US.TX.065", "population": 6010}}, {"geometry": {"type": "Polygon", "coordinates": [[[-9479, 3299], [-9479, 3340], [-9428, 3340], [-9427, 3299], [-9479, 3299]]]}, "type": "Feature", "properties": {"name": "Gray County", "stateAbbrev": "TX", "state": "Texas", "fips": "179", "incits": "48179", "id": "US.TX.179", "population": 23043}}, {"geometry": {"type": "Polygon", "coordinates": [[[-9428, 3340], [-9377, 3340], [-9377, 3299], [-9427, 3299], [-9428, 3340]]]}, "type": "Feature", "properties": {"name": "Wheeler County", "stateAbbrev": "TX", "state": "Texas", "fips": "483", "incits": "48483", "id": "US.TX.483", "population": 5751}}, {"geometry": {"type": "Polygon", "coordinates": [[[-9662, 3258], [-9662, 3299], [-9580, 3299], [-9580, 3258], [-9614, 3258], [-9662, 3258]]]}, "type": "Feature", "properties": {"name": "Deaf Smith County", "stateAbbrev": "TX", "state": "Texas", "fips": "117", "incits": "48117", "id": "US.TX.117", "population": 19177}}, {"geometry": {"type": "Polygon", "coordinates": [[[-9580, 3258], [-9580, 3299], [-9529, 3299], [-9529, 3258], [-9564, 3258], [-9580, 3258]]]}, "type": "Feature", "properties": {"name": "Randall County", "stateAbbrev": "TX", "state": "Texas", "fips": "381", "incits": "48381", "id": "US.TX.381", "population": 126474}}, {"geometry": {"type": "Polygon", "coordinates": [[[-9529, 3258], [-9529, 3299], [-9479, 3299], [-9479, 3258], [-9515, 3258], [-9529, 3258]]]}, "type": "Feature", "properties": {"name": "Armstrong County", "stateAbbrev": "TX", "state": "Texas", "fips": "011", "incits": "48011", "id": "US.TX.011", "population": 1949}}, {"geometry": {"type": "Polygon", "coordinates": [[[-9479, 3258], [-9479, 3299], [-9427, 3299], [-9427, 3258], [-9465, 3258], [-9479, 3258]]]}, "type": "Feature", "properties": {"name": "Donley County", "stateAbbrev": "TX", "state": "Texas", "fips": "129", "incits": "48129", "id": "US.TX.129", "population": 3522}}, {"geometry": {"type": "Polygon", "coordinates": [[[-9427, 3258], [-9427, 3299], [-9377, 3299], [-9377, 3258], [-9416, 3258], [-9427, 3258]]]}, "type": "Feature", "properties": {"name": "Collingsworth County", "stateAbbrev": "TX", "state": "Texas", "fips": "087", "incits": "48087", "id": "US.TX.087", "population": 3099}}, {"geometry": {"type": "Polygon", "coordinates": [[[-9662, 3258], [-9614, 3258], [-9614, 3217], [-9622, 3217], [-9662, 3217], [-9662, 3258]]]}, "type": "Feature", "properties": {"name": "Parmer County", "stateAbbrev": "TX", "state": "Texas", "fips": "369", "incits": "48369", "id": "US.TX.369", "population": 9965}}, {"geometry": {"type": "Polygon", "coordinates": [[[-9614, 3258], [-9580, 3258], [-9564, 3258], [-9564, 3217], [-9573, 3217], [-9614, 3217], [-9614, 3258]]]}, "type": "Feature", "properties": {"name": "Castro County", "stateAbbrev": "TX", "state": "Texas", "fips": "069", "incits": "48069", "id": "US.TX.069", "population": 8030}}, {"geometry": {"type": "Polygon", "coordinates": [[[-9564, 3217], [-9564, 3258], [-9529, 3258], [-9515, 3258], [-9515, 3217], [-9523, 3217], [-9564, 3217]]]}, "type": "Feature", "properties": {"name": "Swisher County", "stateAbbrev": "TX", "state": "Texas", "fips": "437", "incits": "48437", "id": "US.TX.437", "population": 7763}}, {"geometry": {"type": "Polygon", "coordinates": [[[-9515, 3258], [-9479, 3258], [-9465, 3258], [-9466, 3217], [-9474, 3217], [-9515, 3217], [-9515, 3258]]]}, "type": "Feature", "properties": {"name": "Briscoe County", "stateAbbrev": "TX", "state": "Texas", "fips": "045", "incits": "48045", "id": "US.TX.045", "population": 1537}}, {"geometry": {"type": "Polygon", "coordinates": [[[-9466, 3217], [-9465, 3258], [-9427, 3258], [-9416, 3258], [-9416, 3218], [-9425, 3218], [-9466, 3217]]]}, "type": "Feature", "properties": {"name": "Hall County", "stateAbbrev": "TX", "state": "Texas", "fips": "191", "incits": "48191", "id": "US.TX.191", "population": 3239}}, {"geometry": {"type": "Polygon", "coordinates": [[[-9416, 3218], [-9416, 3258], [-9377, 3258], [-9377, 3241], [-9377, 3217], [-9416, 3218]]]}, "type": "Feature", "properties": {"name": "Childress County", "stateAbbrev": "TX", "state": "Texas", "fips": "075", "incits": "48075", "id": "US.TX.075", "population": 7095}}, {"geometry": {"type": "Polygon", "coordinates": [[[-9663, 3172], [-9662, 3217], [-9622, 3217], [-9622, 3172], [-9663, 3172]]]}, "type": "Feature", "properties": {"name": "Bailey County", "stateAbbrev": "TX", "state": "Texas", "fips": "017", "incits": "48017", "id": "US.TX.017", "population": 7114}}, {"geometry": {"type": "Polygon", "coordinates": [[[-9622, 3172], [-9622, 3217], [-9614, 3217], [-9573, 3217], [-9572, 3172], [-9622, 3172]]]}, "type": "Feature", "properties": {"name": "Lamb County", "stateAbbrev": "TX", "state": "Texas", "fips": "279", "incits": "48279", "id": "US.TX.279", "population": 13775}}, {"geometry": {"type": "Polygon", "coordinates": [[[-9573, 3217], [-9564, 3217], [-9523, 3217], [-9523, 3172], [-9572, 3172], [-9573, 3217]]]}, "type": "Feature", "properties": {"name": "Hale County", "stateAbbrev": "TX", "state": "Texas", "fips": "189", "incits": "48189", "id": "US.TX.189", "population": 35764}}, {"geometry": {"type": "Polygon", "coordinates": [[[-9523, 3172], [-9523, 3217], [-9515, 3217], [-9474, 3217], [-9475, 3173], [-9523, 3172]]]}, "type": "Feature", "properties": {"name": "Floyd County", "stateAbbrev": "TX", "state": "Texas", "fips": "153", "incits": "48153", "id": "US.TX.153", "population": 6230}}, {"geometry": {"type": "Polygon", "coordinates": [[[-9475, 3173], [-9474, 3217], [-9466, 3217], [-9425, 3218], [-9426, 3173], [-9475, 3173]]]}, "type": "Feature", "properties": {"name": "Motley County", "stateAbbrev": "TX", "state": "Texas", "fips": "345", "incits": "48345", "id": "US.TX.345", "population": 1196}}, {"geometry": {"type": "Polygon", "coordinates": [[[-9426, 3173], [-9425, 3218], [-9416, 3218], [-9377, 3217], [-9377, 3209], [-9381, 3210], [-9381, 3173], [-9426, 3173]]]}, "type": "Feature", "properties": {"name": "Cottle County", "stateAbbrev": "TX", "state": "Texas", "fips": "101", "incits": "48101", "id": "US.TX.101", "population": 1452}}, {"geometry": {"type": "Polygon", "coordinates": [[[-9377, 3209], [-9377, 3217], [-9377, 3241], [-9372, 3242], [-9366, 3240], [-9348, 3224], [-9339, 3223], [-9337, 3227], [-9328, 3225], [-9328, 3196], [-9337, 3194], [-9344, 3197], [-9356, 3197], [-9377, 3209]]]}, "type": "Feature", "properties": {"name": "Hardeman County", "stateAbbrev": "TX", "state": "Texas", "fips": "197", "incits": "48197", "id": "US.TX.197", "population": 4016}}, {"geometry": {"type": "Polygon", "coordinates": [[[-9663, 3131], [-9663, 3172], [-9622, 3172], [-9620, 3131], [-9663, 3131]]]}, "type": "Feature", "properties": {"name": "Cochran County", "stateAbbrev": "TX", "state": "Texas", "fips": "079", "incits": "48079", "id": "US.TX.079", "population": 3016}}, {"geometry": {"type": "Polygon", "coordinates": [[[-9622, 3172], [-9572, 3172], [-9572, 3131], [-9620, 3131], [-9622, 3172]]]}, "type": "Feature", "properties": {"name": "Hockley County", "stateAbbrev": "TX", "state": "Texas", "fips": "219", "incits": "48219", "id": "US.TX.219", "population": 23530}}, {"geometry": {"type": "Polygon", "coordinates": [[[-9572, 3172], [-9523, 3172], [-9523, 3131], [-9572, 3131], [-9572, 3172]]]}, "type": "Feature", "properties": {"name": "Lubbock County", "stateAbbrev": "TX", "state": "Texas", "fips": "303", "incits": "48303", "id": "US.TX.303", "population": 289324}}, {"geometry": {"type": "Polygon", "coordinates": [[[-9523, 3172], [-9475, 3173], [-9474, 3131], [-9523, 3131], [-9523, 3172]]]}, "type": "Feature", "properties": {"name": "Crosby County", "stateAbbrev": "TX", "state": "Texas", "fips": "107", "incits": "48107", "id": "US.TX.107", "population": 5991}}, {"geometry": {"type": "Polygon", "coordinates": [[[-9475, 3173], [-9426, 3173], [-9425, 3132], [-9474, 3131], [-9475, 3173]]]}, "type": "Feature", "properties": {"name": "Dickens County", "stateAbbrev": "TX", "state": "Texas", "fips": "125", "incits": "48125", "id": "US.TX.125", "population": 2291}}, {"geometry": {"type": "Polygon", "coordinates": [[[-9426, 3173], [-9381, 3173], [-9376, 3173], [-9376, 3132], [-9425, 3132], [-9426, 3173]]]}, "type": "Feature", "properties": {"name": "King County", "stateAbbrev": "TX", "state": "Texas", "fips": "269", "incits": "48269", "id": "US.TX.269", "population": 285}}, {"geometry": {"type": "Polygon", "coordinates": [[[-9376, 3173], [-9362, 3173], [-9351, 3169], [-9336, 3169], [-9327, 3163], [-9327, 3132], [-9376, 3132], [-9376, 3173]]]}, "type": "Feature", "properties": {"name": "Knox County", "stateAbbrev": "TX", "state": "Texas", "fips": "275", "incits": "48275", "id": "US.TX.275", "population": 3767}}, {"geometry": {"type": "Polygon", "coordinates": [[[-9381, 3173], [-9381, 3210], [-9377, 3209], [-9356, 3197], [-9344, 3197], [-9337, 3194], [-9328, 3196], [-9328, 3172], [-9327, 3163], [-9336, 3169], [-9351, 3169], [-9362, 3173], [-9376, 3173], [-9381, 3173]]]}, "type": "Feature", "properties": {"name": "Foard County", "stateAbbrev": "TX", "state": "Texas", "fips": "155", "incits": "48155", "id": "US.TX.155", "population": 1277}}, {"geometry": {"type": "Polygon", "coordinates": [[[-9663, 3131], [-9620, 3131], [-9620, 3091], [-9664, 3090], [-9663, 3131]]]}, "type": "Feature", "properties": {"name": "Yoakum County", "stateAbbrev": "TX", "state": "Texas", "fips": "501", "incits": "48501", "id": "US.TX.501", "population": 8184}}, {"geometry": {"type": "Polygon", "coordinates": [[[-9620, 3091], [-9620, 3131], [-9572, 3131], [-9572, 3091], [-9583, 3091], [-9620, 3091]]]}, "type": "Feature", "properties": {"name": "Terry County", "stateAbbrev": "TX", "state": "Texas", "fips": "445", "incits": "48445", "id": "US.TX.445", "population": 12743}}, {"geometry": {"type": "Polygon", "coordinates": [[[-9572, 3091], [-9572, 3131], [-9523, 3131], [-9523, 3091], [-9535, 3091], [-9572, 3091]]]}, "type": "Feature", "properties": {"name": "Lynn County", "stateAbbrev": "TX", "state": "Texas", "fips": "305", "incits": "48305", "id": "US.TX.305", "population": 5723}}, {"geometry": {"type": "Polygon", "coordinates": [[[-9523, 3131], [-9474, 3131], [-9474, 3092], [-9487, 3091], [-9523, 3091], [-9523, 3131]]]}, "type": "Feature", "properties": {"name": "Garza County", "stateAbbrev": "TX", "state": "Texas", "fips": "169", "incits": "48169", "id": "US.TX.169", "population": 6317}}, {"geometry": {"type": "Polygon", "coordinates": [[[-9474, 3131], [-9425, 3132], [-9425, 3091], [-9438, 3091], [-9474, 3092], [-9474, 3131]]]}, "type": "Feature", "properties": {"name": "Kent County", "stateAbbrev": "TX", "state": "Texas", "fips": "263", "incits": "48263", "id": "US.TX.263", "population": 807}}, {"geometry": {"type": "Polygon", "coordinates": [[[-9425, 3132], [-9376, 3132], [-9376, 3090], [-9390, 3090], [-9425, 3091], [-9425, 3132]]]}, "type": "Feature", "properties": {"name": "Stonewall County", "stateAbbrev": "TX", "state": "Texas", "fips": "433", "incits": "48433", "id": "US.TX.433", "population": 1432}}, {"geometry": {"type": "Polygon", "coordinates": [[[-9664, 3090], [-9620, 3091], [-9583, 3091], [-9583, 3050], [-9584, 3050], [-9664, 3050], [-9664, 3090]]]}, "type": "Feature", "properties": {"name": "Gaines County", "stateAbbrev": "TX", "state": "Texas", "fips": "165", "incits": "48165", "id": "US.TX.165", "population": 18921}}, {"geometry": {"type": "Polygon", "coordinates": [[[-9583, 3091], [-9572, 3091], [-9535, 3091], [-9535, 3050], [-9583, 3050], [-9583, 3091]]]}, "type": "Feature", "properties": {"name": "Dawson County", "stateAbbrev": "TX", "state": "Texas", "fips": "115", "incits": "48115", "id": "US.TX.115", "population": 13810}}, {"geometry": {"type": "Polygon", "coordinates": [[[-9535, 3091], [-9523, 3091], [-9487, 3091], [-9487, 3050], [-9535, 3050], [-9535, 3091]]]}, "type": "Feature", "properties": {"name": "Borden County", "stateAbbrev": "TX", "state": "Texas", "fips": "033", "incits": "48033", "id": "US.TX.033", "population": 637}}, {"geometry": {"type": "Polygon", "coordinates": [[[-9487, 3050], [-9487, 3091], [-9474, 3092], [-9438, 3091], [-9439, 3050], [-9487, 3050]]]}, "type": "Feature", "properties": {"name": "Scurry County", "stateAbbrev": "TX", "state": "Texas", "fips": "415", "incits": "48415", "id": "US.TX.415", "population": 17302}}, {"geometry": {"type": "Polygon", "coordinates": [[[-9664, 3050], [-9584, 3050], [-9584, 3009], [-9591, 3009], [-9639, 3009], [-9664, 3009], [-9664, 3050]]]}, "type": "Feature", "properties": {"name": "Andrews County", "stateAbbrev": "TX", "state": "Texas", "fips": "003", "incits": "48003", "id": "US.TX.003", "population": 16799}}, {"geometry": {"type": "Polygon", "coordinates": [[[-9584, 3009], [-9584, 3050], [-9583, 3050], [-9535, 3050], [-9536, 3009], [-9543, 3009], [-9584, 3009]]]}, "type": "Feature", "properties": {"name": "Martin County", "stateAbbrev": "TX", "state": "Texas", "fips": "317", "incits": "48317", "id": "US.TX.317", "population": 5312}}, {"geometry": {"type": "Polygon", "coordinates": [[[-9536, 3009], [-9535, 3050], [-9487, 3050], [-9487, 3009], [-9495, 3009], [-9536, 3009]]]}, "type": "Feature", "properties": {"name": "Howard County", "stateAbbrev": "TX", "state": "Texas", "fips": "227", "incits": "48227", "id": "US.TX.227", "population": 36147}}, {"geometry": {"type": "Polygon", "coordinates": [[[-9487, 3050], [-9439, 3050], [-9439, 3009], [-9453, 3009], [-9487, 3009], [-9487, 3050]]]}, "type": "Feature", "properties": {"name": "Mitchell County", "stateAbbrev": "TX", "state": "Texas", "fips": "335", "incits": "48335", "id": "US.TX.335", "population": 9402}}, {"geometry": {"type": "Polygon", "coordinates": [[[-9439, 3050], [-9391, 3049], [-9391, 3008], [-9399, 3008], [-9439, 3009], [-9439, 3050]]]}, "type": "Feature", "properties": {"name": "Nolan County", "stateAbbrev": "TX", "state": "Texas", "fips": "353", "incits": "48353", "id": "US.TX.353", "population": 15037}}, {"geometry": {"type": "Polygon", "coordinates": [[[-9439, 3050], [-9438, 3091], [-9425, 3091], [-9390, 3090], [-9391, 3049], [-9439, 3050]]]}, "type": "Feature", "properties": {"name": "Fisher County", "stateAbbrev": "TX", "state": "Texas", "fips": "151", "incits": "48151", "id": "US.TX.151", "population": 3856}}, {"geometry": {"type": "Polygon", "coordinates": [[[-9391, 3049], [-9390, 3090], [-9376, 3090], [-9341, 3090], [-9342, 3049], [-9391, 3049]]]}, "type": "Feature", "properties": {"name": "Jones County", "stateAbbrev": "TX", "state": "Texas", "fips": "253", "incits": "48253", "id": "US.TX.253", "population": 19859}}, {"geometry": {"type": "Polygon", "coordinates": [[[-9376, 3090], [-9376, 3132], [-9327, 3132], [-9327, 3090], [-9341, 3090], [-9376, 3090]]]}, "type": "Feature", "properties": {"name": "Haskell County", "stateAbbrev": "TX", "state": "Texas", "fips": "207", "incits": "48207", "id": "US.TX.207", "population": 5875}}, {"geometry": {"type": "Polygon", "coordinates": [[[-9939, 2943], [-9936, 2945], [-9939, 2952], [-9939, 3001], [-9886, 3001], [-9838, 3001], [-9838, 2940], [-9838, 2905], [-9837, 2889], [-9838, 2875], [-9844, 2872], [-9860, 2885], [-9883, 2894], [-9884, 2897], [-9898, 2906], [-9902, 2915], [-9918, 2922], [-9927, 2934], [-9933, 2936], [-9939, 2943]]]}, "type": "Feature", "properties": {"name": "Hudspeth County", "stateAbbrev": "TX", "state": "Texas", "fips": "229", "incits": "48229", "id": "US.TX.229", "population": 3318}}, {"geometry": {"type": "Polygon", "coordinates": [[[-9939, 3001], [-9939, 2952], [-9936, 2945], [-9939, 2943], [-9947, 2944], [-9960, 2952], [-9975, 2976], [-9985, 2977], [-9999, 2988], [-9997, 3001], [-9939, 3001]]]}, "type": "Feature", "properties": {"name": "El Paso County", "stateAbbrev": "TX", "state": "Texas", "fips": "141", "incits": "48141", "id": "US.TX.141", "population": 827718}}, {"geometry": {"type": "Polygon", "coordinates": [[[-9838, 3001], [-9754, 3001], [-9761, 2917], [-9816, 2888], [-9838, 2875], [-9837, 2889], [-9838, 2905], [-9838, 2940], [-9838, 3001]]]}, "type": "Feature", "properties": {"name": "Culberson County", "stateAbbrev": "TX", "state": "Texas", "fips": "109", "incits": "48109", "id": "US.TX.109", "population": 2277}}, {"geometry": {"type": "Polygon", "coordinates": [[[-9844, 2872], [-9838, 2875], [-9816, 2888], [-9761, 2917], [-9747, 2908], [-9713, 2885], [-9700, 2875], [-9733, 2852], [-9743, 2852], [-9777, 2858], [-9844, 2872]]]}, "type": "Feature", "properties": {"name": "Jeff Davis County", "stateAbbrev": "TX", "state": "Texas", "fips": "243", "incits": "48243", "id": "US.TX.243", "population": 2253}}, {"geometry": {"type": "Polygon", "coordinates": [[[-9844, 2872], [-9777, 2858], [-9743, 2852], [-9733, 2852], [-9733, 2810], [-9732, 2744], [-9749, 2747], [-9767, 2756], [-9771, 2764], [-9783, 2768], [-9803, 2783], [-9805, 2791], [-9816, 2806], [-9818, 2818], [-9816, 2830], [-9823, 2841], [-9832, 2850], [-9834, 2861], [-9836, 2867], [-9844, 2872]]]}, "type": "Feature", "properties": {"name": "Presidio County", "stateAbbrev": "TX", "state": "Texas", "fips": "377", "incits": "48377", "id": "US.TX.377", "population": 7201}}, {"geometry": {"type": "Polygon", "coordinates": [[[-9761, 2917], [-9754, 3001], [-9750, 3001], [-9744, 2992], [-9737, 2990], [-9733, 2979], [-9723, 2977], [-9716, 2973], [-9715, 2968], [-9706, 2965], [-9706, 2954], [-9701, 2947], [-9682, 2947], [-9676, 2942], [-9660, 2942], [-9713, 2885], [-9747, 2908], [-9761, 2917]]]}, "type": "Feature", "properties": {"name": "Reeves County", "stateAbbrev": "TX", "state": "Texas", "fips": "389", "incits": "48389", "id": "US.TX.389", "population": 13965}}, {"geometry": {"type": "Polygon", "coordinates": [[[-9750, 3001], [-9689, 3001], [-9689, 2968], [-9715, 2968], [-9716, 2973], [-9723, 2977], [-9733, 2979], [-9737, 2990], [-9744, 2992], [-9750, 3001]]]}, "type": "Feature", "properties": {"name": "Loving County", "stateAbbrev": "TX", "state": "Texas", "fips": "301", "incits": "48301", "id": "US.TX.301", "population": 95}}, {"geometry": {"type": "Polygon", "coordinates": [[[-9733, 2852], [-9700, 2875], [-9652, 2843], [-9617, 2818], [-9594, 2802], [-9602, 2791], [-9610, 2793], [-9616, 2789], [-9628, 2789], [-9629, 2783], [-9634, 2779], [-9640, 2768], [-9643, 2753], [-9647, 2753], [-9649, 2744], [-9646, 2740], [-9658, 2734], [-9672, 2717], [-9682, 2717], [-9697, 2723], [-9702, 2726], [-9710, 2734], [-9725, 2736], [-9732, 2744], [-9733, 2810], [-9733, 2852]]]}, "type": "Feature", "properties": {"name": "Brewster County", "stateAbbrev": "TX", "state": "Texas", "fips": "043", "incits": "48043", "id": "US.TX.043", "population": 9286}}, {"geometry": {"type": "Polygon", "coordinates": [[[-9715, 2968], [-9689, 2968], [-9639, 2968], [-9636, 2968], [-9637, 2935], [-9642, 2932], [-9650, 2939], [-9660, 2942], [-9676, 2942], [-9682, 2947], [-9701, 2947], [-9706, 2954], [-9706, 2965], [-9715, 2968]]]}, "type": "Feature", "properties": {"name": "Ward County", "stateAbbrev": "TX", "state": "Texas", "fips": "475", "incits": "48475", "id": "US.TX.475", "population": 11244}}, {"geometry": {"type": "Polygon", "coordinates": [[[-9689, 2968], [-9689, 3001], [-9664, 3001], [-9664, 3009], [-9639, 3009], [-9639, 2968], [-9689, 2968]]]}, "type": "Feature", "properties": {"name": "Winkler County", "stateAbbrev": "TX", "state": "Texas", "fips": "495", "incits": "48495", "id": "US.TX.495", "population": 7606}}, {"geometry": {"type": "Polygon", "coordinates": [[[-9713, 2885], [-9660, 2942], [-9650, 2939], [-9642, 2932], [-9637, 2935], [-9627, 2938], [-9620, 2932], [-9613, 2931], [-9605, 2925], [-9604, 2919], [-9600, 2915], [-9583, 2907], [-9563, 2906], [-9553, 2900], [-9549, 2884], [-9542, 2875], [-9577, 2875], [-9577, 2869], [-9596, 2869], [-9596, 2840], [-9617, 2840], [-9617, 2818], [-9652, 2843], [-9700, 2875], [-9713, 2885]]]}, "type": "Feature", "properties": {"name": "Pecos County", "stateAbbrev": "TX", "state": "Texas", "fips": "371", "incits": "48371", "id": "US.TX.371", "population": 15697}}, {"geometry": {"type": "Polygon", "coordinates": [[[-9637, 2935], [-9636, 2968], [-9591, 2968], [-9592, 2915], [-9600, 2915], [-9604, 2919], [-9605, 2925], [-9613, 2931], [-9620, 2932], [-9627, 2938], [-9637, 2935]]]}, "type": "Feature", "properties": {"name": "Crane County", "stateAbbrev": "TX", "state": "Texas", "fips": "103", "incits": "48103", "id": "US.TX.103", "population": 4773}}, {"geometry": {"type": "Polygon", "coordinates": [[[-9617, 2818], [-9617, 2840], [-9596, 2840], [-9596, 2869], [-9577, 2869], [-9577, 2875], [-9542, 2875], [-9532, 2871], [-9531, 2865], [-9535, 2857], [-9536, 2845], [-9542, 2840], [-9542, 2793], [-9560, 2794], [-9571, 2793], [-9594, 2802], [-9617, 2818]]]}, "type": "Feature", "properties": {"name": "Terrell County", "stateAbbrev": "TX", "state": "Texas", "fips": "443", "incits": "48443", "id": "US.TX.443", "population": 903}}, {"geometry": {"type": "Polygon", "coordinates": [[[-9542, 2793], [-9542, 2840], [-9466, 2840], [-9442, 2840], [-9442, 2778], [-9442, 2759], [-9446, 2746], [-9451, 2742], [-9460, 2748], [-9471, 2754], [-9476, 2762], [-9484, 2764], [-9487, 2767], [-9495, 2770], [-9494, 2778], [-9503, 2781], [-9508, 2791], [-9542, 2793]]]}, "type": "Feature", "properties": {"name": "Val Verde County", "stateAbbrev": "TX", "state": "Texas", "fips": "465", "incits": "48465", "id": "US.TX.465", "population": 48623}}, {"geometry": {"type": "Polygon", "coordinates": [[[-9600, 2915], [-9592, 2915], [-9543, 2914], [-9496, 2914], [-9467, 2915], [-9467, 2879], [-9466, 2840], [-9542, 2840], [-9536, 2845], [-9535, 2857], [-9531, 2865], [-9532, 2871], [-9542, 2875], [-9549, 2884], [-9553, 2900], [-9563, 2906], [-9583, 2907], [-9600, 2915]]]}, "type": "Feature", "properties": {"name": "Crockett County", "stateAbbrev": "TX", "state": "Texas", "fips": "105", "incits": "48105", "id": "US.TX.105", "population": 3807}}, {"geometry": {"type": "Polygon", "coordinates": [[[-9592, 2915], [-9591, 2968], [-9543, 2968], [-9543, 2914], [-9592, 2915]]]}, "type": "Feature", "properties": {"name": "Upton County", "stateAbbrev": "TX", "state": "Texas", "fips": "461", "incits": "48461", "id": "US.TX.461", "population": 3372}}, {"geometry": {"type": "Polygon", "coordinates": [[[-9543, 3009], [-9536, 3009], [-9495, 3009], [-9495, 2968], [-9543, 2968], [-9543, 3009]]]}, "type": "Feature", "properties": {"name": "Glasscock County", "stateAbbrev": "TX", "state": "Texas", "fips": "173", "incits": "48173", "id": "US.TX.173", "population": 1251}}, {"geometry": {"type": "Polygon", "coordinates": [[[-9543, 2968], [-9495, 2968], [-9495, 2959], [-9496, 2956], [-9496, 2914], [-9543, 2914], [-9543, 2968]]]}, "type": "Feature", "properties": {"name": "Reagan County", "stateAbbrev": "TX", "state": "Texas", "fips": "383", "incits": "48383", "id": "US.TX.383", "population": 3601}}, {"geometry": {"type": "Polygon", "coordinates": [[[-9495, 2959], [-9495, 2968], [-9495, 3009], [-9487, 3009], [-9453, 3009], [-9454, 2972], [-9458, 2973], [-9458, 2960], [-9495, 2959]]]}, "type": "Feature", "properties": {"name": "Sterling County", "stateAbbrev": "TX", "state": "Texas", "fips": "431", "incits": "48431", "id": "US.TX.431", "population": 1219}}, {"geometry": {"type": "Polygon", "coordinates": [[[-9496, 2914], [-9496, 2956], [-9442, 2956], [-9441, 2915], [-9467, 2915], [-9496, 2914]]]}, "type": "Feature", "properties": {"name": "Irion County", "stateAbbrev": "TX", "state": "Texas", "fips": "235", "incits": "48235", "id": "US.TX.235", "population": 1612}}, {"geometry": {"type": "Polygon", "coordinates": [[[-9454, 2972], [-9453, 3009], [-9439, 3009], [-9399, 3008], [-9399, 2972], [-9454, 2972]]]}, "type": "Feature", "properties": {"name": "Coke County", "stateAbbrev": "TX", "state": "Texas", "fips": "081", "incits": "48081", "id": "US.TX.081", "population": 3210}}, {"geometry": {"type": "Polygon", "coordinates": [[[-9496, 2956], [-9495, 2959], [-9458, 2960], [-9458, 2973], [-9454, 2972], [-9399, 2972], [-9399, 2961], [-9388, 2961], [-9387, 2915], [-9441, 2915], [-9442, 2956], [-9496, 2956]]]}, "type": "Feature", "properties": {"name": "Tom Green County", "stateAbbrev": "TX", "state": "Texas", "fips": "451", "incits": "48451", "id": "US.TX.451", "population": 114954}}, {"geometry": {"type": "Polygon", "coordinates": [[[-9467, 2915], [-9441, 2915], [-9387, 2915], [-9388, 2880], [-9399, 2879], [-9467, 2879], [-9467, 2915]]]}, "type": "Feature", "properties": {"name": "Schleicher County", "stateAbbrev": "TX", "state": "Texas", "fips": "413", "incits": "48413", "id": "US.TX.413", "population": 3206}}, {"geometry": {"type": "Polygon", "coordinates": [[[-9467, 2879], [-9399, 2879], [-9388, 2880], [-9388, 2840], [-9442, 2840], [-9466, 2840], [-9467, 2879]]]}, "type": "Feature", "properties": {"name": "Sutton County", "stateAbbrev": "TX", "state": "Texas", "fips": "435", "incits": "48435", "id": "US.TX.435", "population": 4006}}, {"geometry": {"type": "Polygon", "coordinates": [[[-9328, 3172], [-9328, 3196], [-9328, 3225], [-9320, 3224], [-9318, 3231], [-9303, 3220], [-9300, 3208], [-9287, 3207], [-9279, 3208], [-9279, 3173], [-9328, 3172]]]}, "type": "Feature", "properties": {"name": "Wilbarger County", "stateAbbrev": "TX", "state": "Texas", "fips": "487", "incits": "48487", "id": "US.TX.487", "population": 13131}}, {"geometry": {"type": "Polygon", "coordinates": [[[-9442, 2840], [-9388, 2840], [-9354, 2840], [-9354, 2820], [-9374, 2820], [-9377, 2805], [-9379, 2802], [-9381, 2784], [-9378, 2778], [-9387, 2778], [-9442, 2778], [-9442, 2840]]]}, "type": "Feature", "properties": {"name": "Edwards County", "stateAbbrev": "TX", "state": "Texas", "fips": "137", "incits": "48137", "id": "US.TX.137", "population": 1884}}, {"geometry": {"type": "Polygon", "coordinates": [[[-9451, 2742], [-9446, 2746], [-9442, 2759], [-9442, 2778], [-9387, 2778], [-9387, 2727], [-9439, 2727], [-9448, 2734], [-9451, 2742]]]}, "type": "Feature", "properties": {"name": "Kinney County", "stateAbbrev": "TX", "state": "Texas", "fips": "271", "incits": "48271", "id": "US.TX.271", "population": 3586}}, {"geometry": {"type": "Polygon", "coordinates": [[[-9439, 2727], [-9387, 2727], [-9387, 2685], [-9387, 2644], [-9397, 2644], [-9404, 2652], [-9404, 2655], [-9410, 2663], [-9408, 2666], [-9415, 2677], [-9414, 2680], [-9424, 2688], [-9428, 2703], [-9438, 2714], [-9439, 2727]]]}, "type": "Feature", "properties": {"name": "Maverick County", "stateAbbrev": "TX", "state": "Texas", "fips": "323", "incits": "48323", "id": "US.TX.323", "population": 55932}}, {"geometry": {"type": "Polygon", "coordinates": [[[-9387, 2685], [-9320, 2686], [-9320, 2644], [-9387, 2644], [-9387, 2685]]]}, "type": "Feature", "properties": {"name": "Dimmit County", "stateAbbrev": "TX", "state": "Texas", "fips": "127", "incits": "48127", "id": "US.TX.127", "population": 10897}}, {"geometry": {"type": "Polygon", "coordinates": [[[-9387, 2727], [-9387, 2778], [-9378, 2778], [-9340, 2778], [-9322, 2778], [-9322, 2728], [-9387, 2727]]]}, "type": "Feature", "properties": {"name": "Uvalde County", "stateAbbrev": "TX", "state": "Texas", "fips": "463", "incits": "48463", "id": "US.TX.463", "population": 26926}}, {"geometry": {"type": "Polygon", "coordinates": [[[-9387, 2727], [-9322, 2728], [-9320, 2686], [-9387, 2685], [-9387, 2727]]]}, "type": "Feature", "properties": {"name": "Zavala County", "stateAbbrev": "TX", "state": "Texas", "fips": "507", "incits": "48507", "id": "US.TX.507", "population": 12156}}, {"geometry": {"type": "Polygon", "coordinates": [[[-9354, 2820], [-9348, 2820], [-9348, 2804], [-9340, 2804], [-9340, 2778], [-9378, 2778], [-9381, 2784], [-9379, 2802], [-9377, 2805], [-9374, 2820], [-9354, 2820]]]}, "type": "Feature", "properties": {"name": "Real County", "stateAbbrev": "TX", "state": "Texas", "fips": "385", "incits": "48385", "id": "US.TX.385", "population": 3350}}, {"geometry": {"type": "Polygon", "coordinates": [[[-9388, 2840], [-9388, 2880], [-9329, 2880], [-9329, 2860], [-9311, 2860], [-9311, 2840], [-9354, 2840], [-9388, 2840]]]}, "type": "Feature", "properties": {"name": "Kimble County", "stateAbbrev": "TX", "state": "Texas", "fips": "267", "incits": "48267", "id": "US.TX.267", "population": 4481}}, {"geometry": {"type": "Polygon", "coordinates": [[[-9388, 2880], [-9387, 2915], [-9340, 2915], [-9340, 2901], [-9328, 2901], [-9329, 2880], [-9388, 2880]]]}, "type": "Feature", "properties": {"name": "Menard County", "stateAbbrev": "TX", "state": "Texas", "fips": "327", "incits": "48327", "id": "US.TX.327", "population": 2148}}, {"geometry": {"type": "Polygon", "coordinates": [[[-9388, 2961], [-9351, 2960], [-9340, 2953], [-9340, 2915], [-9387, 2915], [-9388, 2961]]]}, "type": "Feature", "properties": {"name": "Concho County", "stateAbbrev": "TX", "state": "Texas", "fips": "095", "incits": "48095", "id": "US.TX.095", "population": 4043}}, {"geometry": {"type": "Polygon", "coordinates": [[[-9399, 3008], [-9391, 3008], [-9350, 3008], [-9351, 2960], [-9388, 2961], [-9399, 2961], [-9399, 2972], [-9399, 3008]]]}, "type": "Feature", "properties": {"name": "Runnels County", "stateAbbrev": "TX", "state": "Texas", "fips": "399", "incits": "48399", "id": "US.TX.399", "population": 10309}}, {"geometry": {"type": "Polygon", "coordinates": [[[-9391, 3008], [-9391, 3049], [-9342, 3049], [-9342, 3008], [-9350, 3008], [-9391, 3008]]]}, "type": "Feature", "properties": {"name": "Taylor County", "stateAbbrev": "TX", "state": "Texas", "fips": "441", "incits": "48441", "id": "US.TX.441", "population": 134117}}, {"geometry": {"type": "Polygon", "coordinates": [[[-9342, 3049], [-9341, 3090], [-9327, 3090], [-9292, 3090], [-9292, 3049], [-9294, 3049], [-9342, 3049]]]}, "type": "Feature", "properties": {"name": "Shackelford County", "stateAbbrev": "TX", "state": "Texas", "fips": "417", "incits": "48417", "id": "US.TX.417", "population": 3375}}, {"geometry": {"type": "Polygon", "coordinates": [[[-9327, 3132], [-9279, 3131], [-9279, 3090], [-9292, 3090], [-9327, 3090], [-9327, 3132]]]}, "type": "Feature", "properties": {"name": "Throckmorton County", "stateAbbrev": "TX", "state": "Texas", "fips": "447", "incits": "48447", "id": "US.TX.447", "population": 1600}}, {"geometry": {"type": "Polygon", "coordinates": [[[-9328, 3172], [-9279, 3173], [-9279, 3131], [-9327, 3132], [-9327, 3163], [-9328, 3172]]]}, "type": "Feature", "properties": {"name": "Baylor County", "stateAbbrev": "TX", "state": "Texas", "fips": "023", "incits": "48023", "id": "US.TX.023", "population": 3614}}, {"geometry": {"type": "Polygon", "coordinates": [[[-9279, 3173], [-9279, 3208], [-9272, 3204], [-9259, 3200], [-9246, 3203], [-9234, 3194], [-9229, 3196], [-9229, 3173], [-9279, 3173]]]}, "type": "Feature", "properties": {"name": "Wichita County", "stateAbbrev": "TX", "state": "Texas", "fips": "485", "incits": "48485", "id": "US.TX.485", "population": 132047}}, {"geometry": {"type": "Polygon", "coordinates": [[[-9279, 3131], [-9279, 3173], [-9229, 3173], [-9229, 3138], [-9229, 3131], [-9279, 3131]]]}, "type": "Feature", "properties": {"name": "Archer County", "stateAbbrev": "TX", "state": "Texas", "fips": "009", "incits": "48009", "id": "US.TX.009", "population": 8681}}, {"geometry": {"type": "Polygon", "coordinates": [[[-9279, 3131], [-9229, 3131], [-9229, 3095], [-9229, 3090], [-9243, 3090], [-9279, 3090], [-9279, 3131]]]}, "type": "Feature", "properties": {"name": "Young County", "stateAbbrev": "TX", "state": "Texas", "fips": "503", "incits": "48503", "id": "US.TX.503", "population": 18341}}, {"geometry": {"type": "Polygon", "coordinates": [[[-9292, 3090], [-9279, 3090], [-9243, 3090], [-9244, 3049], [-9292, 3049], [-9292, 3090]]]}, "type": "Feature", "properties": {"name": "Stephens County", "stateAbbrev": "TX", "state": "Texas", "fips": "429", "incits": "48429", "id": "US.TX.429", "population": 9247}}, {"geometry": {"type": "Polygon", "coordinates": [[[-9294, 3008], [-9294, 3049], [-9292, 3049], [-9244, 3049], [-9234, 3049], [-9234, 3029], [-9241, 3025], [-9276, 3008], [-9294, 3008]]]}, "type": "Feature", "properties": {"name": "Eastland County", "stateAbbrev": "TX", "state": "Texas", "fips": "133", "incits": "48133", "id": "US.TX.133", "population": 18245}}, {"geometry": {"type": "Polygon", "coordinates": [[[-9342, 3008], [-9342, 3049], [-9294, 3049], [-9294, 3008], [-9302, 3008], [-9342, 3008]]]}, "type": "Feature", "properties": {"name": "Callahan County", "stateAbbrev": "TX", "state": "Texas", "fips": "059", "incits": "48059", "id": "US.TX.059", "population": 13525}}, {"geometry": {"type": "Polygon", "coordinates": [[[-9351, 2960], [-9350, 3008], [-9342, 3008], [-9302, 3008], [-9302, 2951], [-9306, 2952], [-9312, 2947], [-9321, 2949], [-9332, 2947], [-9334, 2952], [-9340, 2953], [-9351, 2960]]]}, "type": "Feature", "properties": {"name": "Coleman County", "stateAbbrev": "TX", "state": "Texas", "fips": "083", "incits": "48083", "id": "US.TX.083", "population": 8543}}, {"geometry": {"type": "Polygon", "coordinates": [[[-9340, 2915], [-9340, 2953], [-9334, 2952], [-9332, 2947], [-9321, 2949], [-9312, 2947], [-9306, 2952], [-9302, 2951], [-9292, 2949], [-9292, 2901], [-9328, 2901], [-9340, 2901], [-9340, 2915]]]}, "type": "Feature", "properties": {"name": "McCulloch County", "stateAbbrev": "TX", "state": "Texas", "fips": "307", "incits": "48307", "id": "US.TX.307", "population": 8330}}, {"geometry": {"type": "Polygon", "coordinates": [[[-9329, 2880], [-9328, 2901], [-9292, 2901], [-9279, 2900], [-9280, 2860], [-9311, 2860], [-9329, 2860], [-9329, 2880]]]}, "type": "Feature", "properties": {"name": "Mason County", "stateAbbrev": "TX", "state": "Texas", "fips": "319", "incits": "48319", "id": "US.TX.319", "population": 4128}}, {"geometry": {"type": "Polygon", "coordinates": [[[-9311, 2840], [-9311, 2860], [-9280, 2860], [-9244, 2860], [-9245, 2826], [-9276, 2826], [-9311, 2826], [-9311, 2840]]]}, "type": "Feature", "properties": {"name": "Gillespie County", "stateAbbrev": "TX", "state": "Texas", "fips": "171", "incits": "48171", "id": "US.TX.171", "population": 25357}}, {"geometry": {"type": "Polygon", "coordinates": [[[-9354, 2820], [-9354, 2840], [-9311, 2840], [-9311, 2826], [-9276, 2826], [-9275, 2793], [-9300, 2803], [-9310, 2804], [-9340, 2804], [-9348, 2804], [-9348, 2820], [-9354, 2820]]]}, "type": "Feature", "properties": {"name": "Kerr County", "stateAbbrev": "TX", "state": "Texas", "fips": "265", "incits": "48265", "id": "US.TX.265", "population": 49953}}, {"geometry": {"type": "Polygon", "coordinates": [[[-9320, 2686], [-9265, 2686], [-9264, 2631], [-9319, 2628], [-9320, 2644], [-9320, 2686]]]}, "type": "Feature", "properties": {"name": "La Salle County", "stateAbbrev": "TX", "state": "Texas", "fips": "283", "incits": "48283", "id": "US.TX.283", "population": 7369}}, {"geometry": {"type": "Polygon", "coordinates": [[[-9397, 2644], [-9387, 2644], [-9320, 2644], [-9319, 2628], [-9264, 2631], [-9264, 2565], [-9264, 2557], [-9279, 2557], [-9314, 2557], [-9318, 2560], [-9326, 2557], [-9330, 2564], [-9328, 2577], [-9333, 2579], [-9331, 2585], [-9339, 2592], [-9351, 2594], [-9359, 2604], [-9365, 2606], [-9367, 2616], [-9376, 2625], [-9378, 2632], [-9385, 2639], [-9397, 2644]]]}, "type": "Feature", "properties": {"name": "Webb County", "stateAbbrev": "TX", "state": "Texas", "fips": "479", "incits": "48479", "id": "US.TX.479", "population": 262495}}, {"geometry": {"type": "Polygon", "coordinates": [[[-9326, 2557], [-9318, 2560], [-9314, 2557], [-9279, 2557], [-9279, 2512], [-9284, 2501], [-9299, 2492], [-9303, 2506], [-9306, 2508], [-9308, 2517], [-9314, 2520], [-9314, 2524], [-9325, 2534], [-9323, 2548], [-9326, 2557]]]}, "type": "Feature", "properties": {"name": "Zapata County", "stateAbbrev": "TX", "state": "Texas", "fips": "505", "incits": "48505", "id": "US.TX.505", "population": 14390}}, {"geometry": {"type": "Polygon", "coordinates": [[[-8859, 3037], [-8847, 3032], [-8818, 3037], [-8818, 3000], [-8816, 2999], [-8862, 2998], [-8870, 2998], [-8871, 3008], [-8868, 3020], [-8864, 3026], [-8859, 3037]]]}, "type": "Feature", "properties": {"name": "Panola County", "stateAbbrev": "TX", "state": "Texas", "fips": "365", "incits": "48365", "id": "US.TX.365", "population": 23870}}, {"geometry": {"type": "Polygon", "coordinates": [[[-8884, 3164], [-8881, 3159], [-8869, 3158], [-8857, 3154], [-8856, 3150], [-8848, 3146], [-8830, 3150], [-8821, 3149], [-8818, 3145], [-8818, 3120], [-8820, 3122], [-8835, 3122], [-8836, 3117], [-8850, 3118], [-8858, 3122], [-8872, 3118], [-8876, 3120], [-8884, 3125], [-8884, 3164]]]}, "type": "Feature", "properties": {"name": "Bowie County", "stateAbbrev": "TX", "state": "Texas", "fips": "037", "incits": "48037", "id": "US.TX.037", "population": 93487}}, {"geometry": {"type": "Polygon", "coordinates": [[[-8937, 3177], [-8928, 3185], [-8915, 3180], [-8913, 3176], [-8904, 3175], [-8895, 3164], [-8884, 3164], [-8884, 3125], [-8891, 3130], [-8898, 3131], [-8920, 3131], [-8930, 3129], [-8937, 3130], [-8937, 3177]]]}, "type": "Feature", "properties": {"name": "Red River County", "stateAbbrev": "TX", "state": "Texas", "fips": "387", "incits": "48387", "id": "US.TX.387", "population": 12470}}, {"geometry": {"type": "Polygon", "coordinates": [[[-9299, 2492], [-9284, 2501], [-9279, 2512], [-9229, 2511], [-9220, 2511], [-9245, 2462], [-9253, 2461], [-9260, 2469], [-9267, 2473], [-9273, 2471], [-9281, 2475], [-9293, 2478], [-9292, 2483], [-9299, 2492]]]}, "type": "Feature", "properties": {"name": "Starr County", "stateAbbrev": "TX", "state": "Texas", "fips": "427", "incits": "48427", "id": "US.TX.427", "population": 61963}}, {"geometry": {"type": "Polygon", "coordinates": [[[-9279, 2557], [-9264, 2557], [-9264, 2565], [-9241, 2566], [-9238, 2557], [-9235, 2554], [-9235, 2545], [-9233, 2537], [-9228, 2537], [-9229, 2511], [-9279, 2512], [-9279, 2557]]]}, "type": "Feature", "properties": {"name": "Jim Hogg County", "stateAbbrev": "TX", "state": "Texas", "fips": "247", "incits": "48247", "id": "US.TX.247", "population": 5245}}, {"geometry": {"type": "Polygon", "coordinates": [[[-9264, 2631], [-9221, 2631], [-9211, 2631], [-9211, 2557], [-9238, 2557], [-9241, 2566], [-9264, 2565], [-9264, 2631]]]}, "type": "Feature", "properties": {"name": "Duval County", "stateAbbrev": "TX", "state": "Texas", "fips": "131", "incits": "48131", "id": "US.TX.131", "population": 11640}}, {"geometry": {"type": "Polygon", "coordinates": [[[-9265, 2686], [-9221, 2686], [-9221, 2683], [-9221, 2631], [-9264, 2631], [-9265, 2686]]]}, "type": "Feature", "properties": {"name": "McMullen County", "stateAbbrev": "TX", "state": "Texas", "fips": "311", "incits": "48311", "id": "US.TX.311", "population": 764}}, {"geometry": {"type": "Polygon", "coordinates": [[[-9245, 2462], [-9220, 2511], [-9188, 2511], [-9188, 2496], [-9185, 2495], [-9189, 2480], [-9176, 2479], [-9176, 2471], [-9177, 2444], [-9193, 2442], [-9199, 2444], [-9204, 2443], [-9213, 2445], [-9234, 2459], [-9245, 2462]]]}, "type": "Feature", "properties": {"name": "Hidalgo County", "stateAbbrev": "TX", "state": "Texas", "fips": "215", "incits": "48215", "id": "US.TX.215", "population": 815996}}, {"geometry": {"type": "Polygon", "coordinates": [[[-9177, 2444], [-9176, 2471], [-9145, 2466], [-9137, 2469], [-9131, 2477], [-9110, 2477], [-9106, 2460], [-9103, 2444], [-9104, 2435], [-9118, 2434], [-9130, 2429], [-9130, 2423], [-9137, 2424], [-9152, 2434], [-9158, 2440], [-9168, 2441], [-9177, 2444]]]}, "type": "Feature", "properties": {"name": "Cameron County", "stateAbbrev": "TX", "state": "Texas", "fips": "061", "incits": "48061", "id": "US.TX.061", "population": 417276}}, {"geometry": {"type": "Polygon", "coordinates": [[[-9185, 2495], [-9177, 2494], [-9117, 2494], [-9110, 2477], [-9131, 2477], [-9137, 2469], [-9145, 2466], [-9176, 2471], [-9176, 2479], [-9189, 2480], [-9185, 2495]]]}, "type": "Feature", "properties": {"name": "Willacy County", "stateAbbrev": "TX", "state": "Texas", "fips": "489", "incits": "48489", "id": "US.TX.489", "population": 21921}}, {"geometry": {"type": "Polygon", "coordinates": [[[-9188, 2511], [-9188, 2552], [-9183, 2554], [-9157, 2558], [-9143, 2557], [-9124, 2558], [-9126, 2546], [-9127, 2532], [-9125, 2520], [-9117, 2494], [-9177, 2494], [-9185, 2495], [-9188, 2496], [-9188, 2511]]]}, "type": "Feature", "properties": {"name": "Kenedy County", "stateAbbrev": "TX", "state": "Texas", "fips": "261", "incits": "48261", "id": "US.TX.261", "population": 412}}, {"geometry": {"type": "Polygon", "coordinates": [[[-9238, 2557], [-9211, 2557], [-9195, 2556], [-9188, 2556], [-9188, 2552], [-9188, 2511], [-9220, 2511], [-9229, 2511], [-9228, 2537], [-9233, 2537], [-9235, 2545], [-9235, 2554], [-9238, 2557]]]}, "type": "Feature", "properties": {"name": "Brooks County", "stateAbbrev": "TX", "state": "Texas", "fips": "047", "incits": "48047", "id": "US.TX.047", "population": 7237}}, {"geometry": {"type": "Polygon", "coordinates": [[[-9211, 2557], [-9211, 2631], [-9179, 2631], [-9171, 2629], [-9170, 2625], [-9183, 2615], [-9184, 2591], [-9195, 2591], [-9195, 2556], [-9211, 2557]]]}, "type": "Feature", "properties": {"name": "Jim Wells County", "stateAbbrev": "TX", "state": "Texas", "fips": "249", "incits": "48249", "id": "US.TX.249", "population": 41680}}, {"geometry": {"type": "Polygon", "coordinates": [[[-9195, 2556], [-9195, 2591], [-9184, 2591], [-9180, 2591], [-9175, 2584], [-9126, 2584], [-9121, 2587], [-9114, 2585], [-9118, 2576], [-9124, 2558], [-9143, 2557], [-9157, 2558], [-9183, 2554], [-9188, 2552], [-9188, 2556], [-9195, 2556]]]}, "type": "Feature", "properties": {"name": "Kleberg County", "stateAbbrev": "TX", "state": "Texas", "fips": "273", "incits": "48273", "id": "US.TX.273", "population": 32101}}, {"geometry": {"type": "Polygon", "coordinates": [[[-9184, 2591], [-9183, 2615], [-9170, 2625], [-9172, 2622], [-9160, 2618], [-9159, 2614], [-9140, 2610], [-9131, 2611], [-9125, 2608], [-9105, 2610], [-9098, 2609], [-9114, 2585], [-9121, 2587], [-9126, 2584], [-9175, 2584], [-9180, 2591], [-9184, 2591]]]}, "type": "Feature", "properties": {"name": "Nueces County", "stateAbbrev": "TX", "state": "Texas", "fips": "355", "incits": "48355", "id": "US.TX.355", "population": 352107}}, {"geometry": {"type": "Polygon", "coordinates": [[[-9171, 2642], [-9148, 2637], [-9146, 2641], [-9130, 2638], [-9120, 2633], [-9119, 2631], [-9108, 2616], [-9105, 2610], [-9125, 2608], [-9131, 2611], [-9140, 2610], [-9159, 2614], [-9160, 2618], [-9172, 2622], [-9170, 2625], [-9171, 2629], [-9179, 2631], [-9180, 2637], [-9171, 2642]]]}, "type": "Feature", "properties": {"name": "San Patricio County", "stateAbbrev": "TX", "state": "Texas", "fips": "409", "incits": "48409", "id": "US.TX.409", "population": 66137}}, {"geometry": {"type": "Polygon", "coordinates": [[[-9120, 2633], [-9110, 2634], [-9098, 2643], [-9105, 2647], [-9108, 2651], [-9076, 2656], [-9071, 2656], [-9071, 2648], [-9080, 2641], [-9080, 2630], [-9090, 2621], [-9098, 2609], [-9105, 2610], [-9108, 2616], [-9119, 2631], [-9120, 2633]]]}, "type": "Feature", "properties": {"name": "Aransas County", "stateAbbrev": "TX", "state": "Texas", "fips": "007", "incits": "48007", "id": "US.TX.007", "population": 24356}}, {"geometry": {"type": "Polygon", "coordinates": [[[-9146, 2641], [-9131, 2662], [-9110, 2677], [-9101, 2677], [-9098, 2674], [-9088, 2671], [-9086, 2673], [-9078, 2666], [-9073, 2665], [-9076, 2656], [-9108, 2651], [-9105, 2647], [-9098, 2643], [-9110, 2634], [-9120, 2633], [-9130, 2638], [-9146, 2641]]]}, "type": "Feature", "properties": {"name": "Refugio County", "stateAbbrev": "TX", "state": "Texas", "fips": "391", "incits": "48391", "id": "US.TX.391", "population": 7305}}, {"geometry": {"type": "Polygon", "coordinates": [[[-9190, 2690], [-9182, 2693], [-9173, 2688], [-9168, 2688], [-9161, 2677], [-9148, 2674], [-9147, 2668], [-9131, 2662], [-9146, 2641], [-9148, 2637], [-9171, 2642], [-9198, 2687], [-9190, 2690]]]}, "type": "Feature", "properties": {"name": "Bee County", "stateAbbrev": "TX", "state": "Texas", "fips": "025", "incits": "48025", "id": "US.TX.025", "population": 32799}}, {"geometry": {"type": "Polygon", "coordinates": [[[-9221, 2683], [-9199, 2699], [-9190, 2690], [-9198, 2687], [-9171, 2642], [-9180, 2637], [-9179, 2631], [-9211, 2631], [-9221, 2631], [-9221, 2683]]]}, "type": "Feature", "properties": {"name": "Live Oak County", "stateAbbrev": "TX", "state": "Texas", "fips": "297", "incits": "48297", "id": "US.TX.297", "population": 11867}}, {"geometry": {"type": "Polygon", "coordinates": [[[-9168, 2688], [-9149, 2702], [-9135, 2712], [-9124, 2706], [-9115, 2705], [-9111, 2699], [-9112, 2681], [-9110, 2677], [-9131, 2662], [-9147, 2668], [-9148, 2674], [-9161, 2677], [-9168, 2688]]]}, "type": "Feature", "properties": {"name": "Goliad County", "stateAbbrev": "TX", "state": "Texas", "fips": "175", "incits": "48175", "id": "US.TX.175", "population": 7465}}, {"geometry": {"type": "Polygon", "coordinates": [[[-9207, 2708], [-9164, 2740], [-9153, 2730], [-9166, 2720], [-9149, 2702], [-9168, 2688], [-9173, 2688], [-9182, 2693], [-9190, 2690], [-9199, 2699], [-9207, 2708]]]}, "type": "Feature", "properties": {"name": "Karnes County", "stateAbbrev": "TX", "state": "Texas", "fips": "255", "incits": "48255", "id": "US.TX.255", "population": 15081}}, {"geometry": {"type": "Polygon", "coordinates": [[[-9064, 2693], [-9042, 2692], [-9041, 2689], [-9032, 2689], [-9032, 2686], [-9039, 2663], [-9036, 2660], [-9039, 2656], [-9053, 2649], [-9068, 2639], [-9080, 2630], [-9080, 2641], [-9071, 2648], [-9071, 2656], [-9073, 2665], [-9078, 2666], [-9086, 2673], [-9089, 2680], [-9082, 2685], [-9069, 2688], [-9064, 2693]]]}, "type": "Feature", "properties": {"name": "Calhoun County", "stateAbbrev": "TX", "state": "Texas", "fips": "057", "incits": "48057", "id": "US.TX.057", "population": 21806}}, {"geometry": {"type": "Polygon", "coordinates": [[[-9124, 2706], [-9093, 2729], [-9090, 2725], [-9080, 2721], [-9076, 2712], [-9072, 2709], [-9064, 2693], [-9069, 2688], [-9082, 2685], [-9089, 2680], [-9086, 2673], [-9088, 2671], [-9098, 2674], [-9101, 2677], [-9110, 2677], [-9112, 2681], [-9111, 2699], [-9115, 2705], [-9124, 2706]]]}, "type": "Feature", "properties": {"name": "Victoria County", "stateAbbrev": "TX", "state": "Texas", "fips": "469", "incits": "48469", "id": "US.TX.469", "population": 90028}}, {"geometry": {"type": "Polygon", "coordinates": [[[-9153, 2730], [-9118, 2755], [-9093, 2729], [-9124, 2706], [-9135, 2712], [-9149, 2702], [-9166, 2720], [-9153, 2730]]]}, "type": "Feature", "properties": {"name": "DeWitt County", "stateAbbrev": "TX", "state": "Texas", "fips": "123", "incits": "48123", "id": "US.TX.123", "population": 20503}}, {"geometry": {"type": "Polygon", "coordinates": [[[-9174, 2755], [-9155, 2781], [-9152, 2778], [-9125, 2793], [-9108, 2780], [-9109, 2778], [-9114, 2774], [-9118, 2755], [-9153, 2730], [-9164, 2740], [-9176, 2752], [-9174, 2755]]]}, "type": "Feature", "properties": {"name": "Gonzales County", "stateAbbrev": "TX", "state": "Texas", "fips": "177", "incits": "48177", "id": "US.TX.177", "population": 20312}}, {"geometry": {"type": "Polygon", "coordinates": [[[-9280, 2860], [-9279, 2900], [-9231, 2900], [-9232, 2896], [-9226, 2890], [-9225, 2883], [-9230, 2876], [-9227, 2869], [-9222, 2866], [-9223, 2859], [-9244, 2860], [-9280, 2860]]]}, "type": "Feature", "properties": {"name": "Llano County", "stateAbbrev": "TX", "state": "Texas", "fips": "299", "incits": "48299", "id": "US.TX.299", "population": 19444}}, {"geometry": {"type": "Polygon", "coordinates": [[[-9282, 2952], [-9276, 2948], [-9269, 2945], [-9254, 2945], [-9245, 2936], [-9242, 2929], [-9238, 2923], [-9241, 2919], [-9233, 2916], [-9230, 2909], [-9231, 2900], [-9279, 2900], [-9292, 2901], [-9292, 2949], [-9282, 2952]]]}, "type": "Feature", "properties": {"name": "San Saba County", "stateAbbrev": "TX", "state": "Texas", "fips": "411", "incits": "48411", "id": "US.TX.411", "population": 6012}}, {"geometry": {"type": "Polygon", "coordinates": [[[-9302, 2951], [-9302, 3008], [-9294, 3008], [-9276, 3008], [-9252, 2972], [-9261, 2971], [-9262, 2964], [-9282, 2952], [-9292, 2949], [-9302, 2951]]]}, "type": "Feature", "properties": {"name": "Brown County", "stateAbbrev": "TX", "state": "Texas", "fips": "049", "incits": "48049", "id": "US.TX.049", "population": 37749}}, {"geometry": {"type": "Polygon", "coordinates": [[[-9229, 3173], [-9229, 3196], [-9224, 3203], [-9205, 3199], [-9197, 3188], [-9184, 3187], [-9187, 3178], [-9187, 3138], [-9229, 3138], [-9229, 3173]]]}, "type": "Feature", "properties": {"name": "Clay County", "stateAbbrev": "TX", "state": "Texas", "fips": "077", "incits": "48077", "id": "US.TX.077", "population": 10473}}, {"geometry": {"type": "Polygon", "coordinates": [[[-9229, 3095], [-9229, 3131], [-9229, 3138], [-9187, 3138], [-9182, 3135], [-9182, 3094], [-9195, 3095], [-9229, 3095]]]}, "type": "Feature", "properties": {"name": "Jack County", "stateAbbrev": "TX", "state": "Texas", "fips": "237", "incits": "48237", "id": "US.TX.237", "population": 8957}}, {"geometry": {"type": "Polygon", "coordinates": [[[-9244, 3049], [-9243, 3090], [-9229, 3090], [-9229, 3095], [-9195, 3095], [-9196, 3053], [-9196, 3049], [-9234, 3049], [-9244, 3049]]]}, "type": "Feature", "properties": {"name": "Palo Pinto County", "stateAbbrev": "TX", "state": "Texas", "fips": "363", "incits": "48363", "id": "US.TX.363", "population": 27889}}, {"geometry": {"type": "Polygon", "coordinates": [[[-9241, 3025], [-9234, 3029], [-9234, 3049], [-9196, 3049], [-9184, 3022], [-9176, 3009], [-9190, 3002], [-9209, 2992], [-9213, 2999], [-9220, 2995], [-9241, 3025]]]}, "type": "Feature", "properties": {"name": "Erath County", "stateAbbrev": "TX", "state": "Texas", "fips": "143", "incits": "48143", "id": "US.TX.143", "population": 39658}}, {"geometry": {"type": "Polygon", "coordinates": [[[-9276, 3008], [-9241, 3025], [-9220, 2995], [-9213, 2999], [-9209, 2992], [-9204, 2986], [-9233, 2971], [-9236, 2975], [-9252, 2972], [-9276, 3008]]]}, "type": "Feature", "properties": {"name": "Comanche County", "stateAbbrev": "TX", "state": "Texas", "fips": "093", "incits": "48093", "id": "US.TX.093", "population": 13623}}, {"geometry": {"type": "Polygon", "coordinates": [[[-9282, 2952], [-9262, 2964], [-9261, 2971], [-9252, 2972], [-9236, 2975], [-9233, 2971], [-9214, 2946], [-9242, 2929], [-9245, 2936], [-9254, 2945], [-9269, 2945], [-9276, 2948], [-9282, 2952]]]}, "type": "Feature", "properties": {"name": "Mills County", "stateAbbrev": "TX", "state": "Texas", "fips": "333", "incits": "48333", "id": "US.TX.333", "population": 4907}}, {"geometry": {"type": "Polygon", "coordinates": [[[-9242, 2929], [-9214, 2946], [-9206, 2950], [-9180, 2913], [-9181, 2910], [-9230, 2909], [-9233, 2916], [-9241, 2919], [-9238, 2923], [-9242, 2929]]]}, "type": "Feature", "properties": {"name": "Lampasas County", "stateAbbrev": "TX", "state": "Texas", "fips": "281", "incits": "48281", "id": "US.TX.281", "population": 20222}}, {"geometry": {"type": "Polygon", "coordinates": [[[-9230, 2909], [-9181, 2910], [-9173, 2898], [-9186, 2887], [-9194, 2872], [-9201, 2859], [-9201, 2853], [-9223, 2859], [-9222, 2866], [-9227, 2869], [-9230, 2876], [-9225, 2883], [-9226, 2890], [-9232, 2896], [-9231, 2900], [-9230, 2909]]]}, "type": "Feature", "properties": {"name": "Burnet County", "stateAbbrev": "TX", "state": "Texas", "fips": "053", "incits": "48053", "id": "US.TX.053", "population": 43823}}, {"geometry": {"type": "Polygon", "coordinates": [[[-9187, 3138], [-9187, 3178], [-9177, 3174], [-9169, 3178], [-9159, 3187], [-9151, 3184], [-9150, 3179], [-9141, 3180], [-9141, 3135], [-9182, 3135], [-9187, 3138]]]}, "type": "Feature", "properties": {"name": "Montague County", "stateAbbrev": "TX", "state": "Texas", "fips": "337", "incits": "48337", "id": "US.TX.337", "population": 19503}}, {"geometry": {"type": "Polygon", "coordinates": [[[-9182, 3135], [-9141, 3135], [-9131, 3135], [-9133, 3094], [-9146, 3094], [-9182, 3094], [-9182, 3135]]]}, "type": "Feature", "properties": {"name": "Wise County", "stateAbbrev": "TX", "state": "Texas", "fips": "497", "incits": "48497", "id": "US.TX.497", "population": 60939}}, {"geometry": {"type": "Polygon", "coordinates": [[[-9196, 3053], [-9195, 3095], [-9182, 3094], [-9146, 3094], [-9147, 3052], [-9153, 3052], [-9196, 3053]]]}, "type": "Feature", "properties": {"name": "Parker County", "stateAbbrev": "TX", "state": "Texas", "fips": "367", "incits": "48367", "id": "US.TX.367", "population": 121418}}, {"geometry": {"type": "Polygon", "coordinates": [[[-9196, 3049], [-9196, 3053], [-9153, 3052], [-9153, 3030], [-9169, 3030], [-9184, 3022], [-9196, 3049]]]}, "type": "Feature", "properties": {"name": "Hood County", "stateAbbrev": "TX", "state": "Texas", "fips": "221", "incits": "48221", "id": "US.TX.221", "population": 52905}}, {"geometry": {"type": "Polygon", "coordinates": [[[-9184, 3022], [-9169, 3030], [-9153, 3030], [-9153, 3020], [-9176, 3009], [-9184, 3022]]]}, "type": "Feature", "properties": {"name": "Somervell County", "stateAbbrev": "TX", "state": "Texas", "fips": "425", "incits": "48425", "id": "US.TX.425", "population": 8658}}, {"geometry": {"type": "Polygon", "coordinates": [[[-9190, 3002], [-9176, 3009], [-9153, 3020], [-9145, 3013], [-9139, 3017], [-9142, 3013], [-9141, 3003], [-9136, 3003], [-9131, 2998], [-9136, 2995], [-9131, 2988], [-9122, 2984], [-9122, 2977], [-9152, 2962], [-9160, 2973], [-9167, 2970], [-9190, 3002]]]}, "type": "Feature", "properties": {"name": "Bosque County", "stateAbbrev": "TX", "state": "Texas", "fips": "035", "incits": "48035", "id": "US.TX.035", "population": 17855}}, {"geometry": {"type": "Polygon", "coordinates": [[[-9233, 2971], [-9204, 2986], [-9209, 2992], [-9190, 3002], [-9167, 2970], [-9206, 2950], [-9214, 2946], [-9233, 2971]]]}, "type": "Feature", "properties": {"name": "Hamilton County", "stateAbbrev": "TX", "state": "Texas", "fips": "193", "incits": "48193", "id": "US.TX.193", "population": 8310}}, {"geometry": {"type": "Polygon", "coordinates": [[[-9206, 2950], [-9167, 2970], [-9160, 2973], [-9152, 2962], [-9135, 2937], [-9180, 2913], [-9206, 2950]]]}, "type": "Feature", "properties": {"name": "Coryell County", "stateAbbrev": "TX", "state": "Texas", "fips": "099", "incits": "48099", "id": "US.TX.099", "population": 76192}}, {"geometry": {"type": "Polygon", "coordinates": [[[-9180, 2913], [-9135, 2937], [-9127, 2930], [-9122, 2933], [-9102, 2906], [-9120, 2896], [-9125, 2884], [-9154, 2895], [-9173, 2898], [-9181, 2910], [-9180, 2913]]]}, "type": "Feature", "properties": {"name": "Bell County", "stateAbbrev": "TX", "state": "Texas", "fips": "027", "incits": "48027", "id": "US.TX.027", "population": 326843}}, {"geometry": {"type": "Polygon", "coordinates": [[[-9194, 2872], [-9186, 2887], [-9173, 2898], [-9154, 2895], [-9125, 2884], [-9121, 2882], [-9110, 2856], [-9127, 2851], [-9129, 2852], [-9130, 2852], [-9136, 2856], [-9151, 2860], [-9160, 2856], [-9172, 2855], [-9179, 2865], [-9185, 2872], [-9194, 2872]]]}, "type": "Feature", "properties": {"name": "Williamson County", "stateAbbrev": "TX", "state": "Texas", "fips": "491", "incits": "48491", "id": "US.TX.491", "population": 471014}}, {"geometry": {"type": "Polygon", "coordinates": [[[-9141, 3135], [-9141, 3180], [-9138, 3172], [-9131, 3171], [-9125, 3176], [-9112, 3178], [-9113, 3166], [-9107, 3162], [-9104, 3169], [-9094, 3177], [-9090, 3184], [-9090, 3133], [-9131, 3135], [-9141, 3135]]]}, "type": "Feature", "properties": {"name": "Cooke County", "stateAbbrev": "TX", "state": "Texas", "fips": "097", "incits": "48097", "id": "US.TX.097", "population": 38467}}, {"geometry": {"type": "Polygon", "coordinates": [[[-9133, 3094], [-9131, 3135], [-9090, 3133], [-9080, 3132], [-9081, 3093], [-9099, 3093], [-9133, 3094]]]}, "type": "Feature", "properties": {"name": "Denton County", "stateAbbrev": "TX", "state": "Texas", "fips": "121", "incits": "48121", "id": "US.TX.121", "population": 728799}}, {"geometry": {"type": "Polygon", "coordinates": [[[-9147, 3052], [-9146, 3094], [-9133, 3094], [-9099, 3093], [-9099, 3052], [-9104, 3052], [-9147, 3052]]]}, "type": "Feature", "properties": {"name": "Tarrant County", "stateAbbrev": "TX", "state": "Texas", "fips": "439", "incits": "48439", "id": "US.TX.439", "population": 1911541}}, {"geometry": {"type": "Polygon", "coordinates": [[[-9153, 3052], [-9147, 3052], [-9104, 3052], [-9104, 3026], [-9139, 3018], [-9139, 3017], [-9145, 3013], [-9153, 3020], [-9153, 3030], [-9153, 3052]]]}, "type": "Feature", "properties": {"name": "Johnson County", "stateAbbrev": "TX", "state": "Texas", "fips": "251", "incits": "48251", "id": "US.TX.251", "population": 154707}}, {"geometry": {"type": "Polygon", "coordinates": [[[-9139, 3017], [-9139, 3018], [-9104, 3026], [-9090, 3006], [-9086, 3008], [-9069, 2984], [-9089, 2974], [-9099, 2988], [-9122, 2977], [-9122, 2984], [-9131, 2988], [-9136, 2995], [-9131, 2998], [-9136, 3003], [-9141, 3003], [-9142, 3013], [-9139, 3017]]]}, "type": "Feature", "properties": {"name": "Hill County", "stateAbbrev": "TX", "state": "Texas", "fips": "217", "incits": "48217", "id": "US.TX.217", "population": 34823}}, {"geometry": {"type": "Polygon", "coordinates": [[[-9152, 2962], [-9122, 2977], [-9099, 2988], [-9089, 2974], [-9077, 2955], [-9122, 2933], [-9127, 2930], [-9135, 2937], [-9152, 2962]]]}, "type": "Feature", "properties": {"name": "McLennan County", "stateAbbrev": "TX", "state": "Texas", "fips": "309", "incits": "48309", "id": "US.TX.309", "population": 241481}}, {"geometry": {"type": "Polygon", "coordinates": [[[-9122, 2933], [-9077, 2955], [-9057, 2928], [-9080, 2917], [-9102, 2906], [-9122, 2933]]]}, "type": "Feature", "properties": {"name": "Falls County", "stateAbbrev": "TX", "state": "Texas", "fips": "145", "incits": "48145", "id": "US.TX.145", "population": 17493}}, {"geometry": {"type": "Polygon", "coordinates": [[[-9125, 2884], [-9120, 2896], [-9102, 2906], [-9080, 2917], [-9072, 2907], [-9074, 2903], [-9070, 2897], [-9062, 2890], [-9060, 2882], [-9092, 2865], [-9110, 2856], [-9121, 2882], [-9125, 2884]]]}, "type": "Feature", "properties": {"name": "Milam County", "stateAbbrev": "TX", "state": "Texas", "fips": "331", "incits": "48331", "id": "US.TX.331", "population": 24167}}, {"geometry": {"type": "Polygon", "coordinates": [[[-9127, 2851], [-9110, 2856], [-9092, 2865], [-9088, 2864], [-9083, 2854], [-9074, 2847], [-9073, 2844], [-9063, 2841], [-9076, 2828], [-9081, 2824], [-9098, 2818], [-9103, 2837], [-9115, 2845], [-9127, 2851]]]}, "type": "Feature", "properties": {"name": "Lee County", "stateAbbrev": "TX", "state": "Texas", "fips": "287", "incits": "48287", "id": "US.TX.287", "population": 16628}}, {"geometry": {"type": "Polygon", "coordinates": [[[-9156, 2819], [-9142, 2833], [-9130, 2852], [-9129, 2852], [-9127, 2851], [-9115, 2845], [-9103, 2837], [-9098, 2818], [-9125, 2793], [-9156, 2819]]]}, "type": "Feature", "properties": {"name": "Bastrop County", "stateAbbrev": "TX", "state": "Texas", "fips": "021", "incits": "48021", "id": "US.TX.021", "population": 75825}}, {"geometry": {"type": "Polygon", "coordinates": [[[-9125, 2793], [-9098, 2818], [-9081, 2824], [-9076, 2828], [-9066, 2827], [-9061, 2823], [-9060, 2818], [-9055, 2809], [-9084, 2779], [-9109, 2778], [-9108, 2780], [-9125, 2793]]]}, "type": "Feature", "properties": {"name": "Fayette County", "stateAbbrev": "TX", "state": "Texas", "fips": "149", "incits": "48149", "id": "US.TX.149", "population": 24821}}, {"geometry": {"type": "Polygon", "coordinates": [[[-9118, 2755], [-9114, 2774], [-9109, 2778], [-9084, 2779], [-9076, 2773], [-9054, 2751], [-9063, 2744], [-9090, 2725], [-9093, 2729], [-9118, 2755]]]}, "type": "Feature", "properties": {"name": "Lavaca County", "stateAbbrev": "TX", "state": "Texas", "fips": "285", "incits": "48285", "id": "US.TX.285", "population": 19581}}, {"geometry": {"type": "Polygon", "coordinates": [[[-9090, 2725], [-9063, 2744], [-9062, 2742], [-9031, 2716], [-9032, 2689], [-9041, 2689], [-9042, 2692], [-9064, 2693], [-9072, 2709], [-9076, 2712], [-9080, 2721], [-9090, 2725]]]}, "type": "Feature", "properties": {"name": "Jackson County", "stateAbbrev": "TX", "state": "Texas", "fips": "239", "incits": "48239", "id": "US.TX.239", "population": 14591}}, {"geometry": {"type": "Polygon", "coordinates": [[[-9081, 3093], [-9080, 3132], [-9038, 3132], [-9038, 3126], [-9029, 3127], [-9030, 3093], [-9050, 3093], [-9081, 3093]]]}, "type": "Feature", "properties": {"name": "Collin County", "stateAbbrev": "TX", "state": "Texas", "fips": "085", "incits": "48085", "id": "US.TX.085", "population": 854778}}, {"geometry": {"type": "Polygon", "coordinates": [[[-9099, 3052], [-9099, 3093], [-9081, 3093], [-9050, 3093], [-9051, 3077], [-9052, 3052], [-9099, 3052]]]}, "type": "Feature", "properties": {"name": "Dallas County", "stateAbbrev": "TX", "state": "Texas", "fips": "113", "incits": "48113", "id": "US.TX.113", "population": 2480331}}, {"geometry": {"type": "Polygon", "coordinates": [[[-9051, 3077], [-9050, 3093], [-9030, 3093], [-9030, 3080], [-9030, 3077], [-9051, 3077]]]}, "type": "Feature", "properties": {"name": "Rockwall County", "stateAbbrev": "TX", "state": "Texas", "fips": "397", "incits": "48397", "id": "US.TX.397", "population": 85245}}, {"geometry": {"type": "Polygon", "coordinates": [[[-9104, 3052], [-9099, 3052], [-9052, 3052], [-9050, 3046], [-9043, 3039], [-9044, 3034], [-9038, 3031], [-9086, 3008], [-9090, 3006], [-9104, 3026], [-9104, 3052]]]}, "type": "Feature", "properties": {"name": "Ellis County", "stateAbbrev": "TX", "state": "Texas", "fips": "139", "incits": "48139", "id": "US.TX.139", "population": 155976}}, {"geometry": {"type": "Polygon", "coordinates": [[[-9086, 3008], [-9038, 3031], [-9030, 3029], [-9013, 3009], [-9008, 3008], [-9007, 3002], [-9049, 2982], [-9069, 2984], [-9086, 3008]]]}, "type": "Feature", "properties": {"name": "Navarro County", "stateAbbrev": "TX", "state": "Texas", "fips": "349", "incits": "48349", "id": "US.TX.349", "population": 48038}}, {"geometry": {"type": "Polygon", "coordinates": [[[-9089, 2974], [-9069, 2984], [-9049, 2982], [-9024, 2945], [-9032, 2940], [-9057, 2928], [-9077, 2955], [-9089, 2974]]]}, "type": "Feature", "properties": {"name": "Limestone County", "stateAbbrev": "TX", "state": "Texas", "fips": "293", "incits": "48293", "id": "US.TX.293", "population": 23326}}, {"geometry": {"type": "Polygon", "coordinates": [[[-9080, 2917], [-9057, 2928], [-9032, 2940], [-9033, 2931], [-9024, 2904], [-9034, 2899], [-9045, 2883], [-9055, 2878], [-9060, 2882], [-9062, 2890], [-9070, 2897], [-9074, 2903], [-9072, 2907], [-9080, 2917]]]}, "type": "Feature", "properties": {"name": "Robertson County", "stateAbbrev": "TX", "state": "Texas", "fips": "395", "incits": "48395", "id": "US.TX.395", "population": 16486}}, {"geometry": {"type": "Polygon", "coordinates": [[[-9055, 2878], [-9045, 2883], [-9034, 2899], [-9024, 2904], [-9018, 2891], [-9019, 2870], [-9014, 2855], [-9010, 2854], [-9016, 2844], [-9018, 2850], [-9030, 2849], [-9028, 2853], [-9033, 2856], [-9035, 2864], [-9041, 2864], [-9050, 2872], [-9058, 2873], [-9055, 2878]]]}, "type": "Feature", "properties": {"name": "Brazos County", "stateAbbrev": "TX", "state": "Texas", "fips": "041", "incits": "48041", "id": "US.TX.041", "population": 203164}}, {"geometry": {"type": "Polygon", "coordinates": [[[-9092, 2865], [-9060, 2882], [-9055, 2878], [-9058, 2873], [-9050, 2872], [-9041, 2864], [-9035, 2864], [-9033, 2856], [-9028, 2853], [-9030, 2849], [-9036, 2848], [-9049, 2843], [-9063, 2841], [-9073, 2844], [-9074, 2847], [-9083, 2854], [-9088, 2864], [-9092, 2865]]]}, "type": "Feature", "properties": {"name": "Burleson County", "stateAbbrev": "TX", "state": "Texas", "fips": "051", "incits": "48051", "id": "US.TX.051", "population": 17169}}, {"geometry": {"type": "Polygon", "coordinates": [[[-9076, 2828], [-9063, 2841], [-9049, 2843], [-9036, 2848], [-9030, 2849], [-9018, 2850], [-9016, 2844], [-9010, 2840], [-9010, 2834], [-9016, 2833], [-9020, 2826], [-9016, 2819], [-9029, 2822], [-9060, 2818], [-9061, 2823], [-9066, 2827], [-9076, 2828]]]}, "type": "Feature", "properties": {"name": "Washington County", "stateAbbrev": "TX", "state": "Texas", "fips": "477", "incits": "48477", "id": "US.TX.477", "population": 34147}}, {"geometry": {"type": "Polygon", "coordinates": [[[-9060, 2818], [-9029, 2822], [-9016, 2819], [-9010, 2813], [-9014, 2807], [-9013, 2798], [-9006, 2794], [-9005, 2788], [-9004, 2775], [-9010, 2776], [-9018, 2779], [-9026, 2782], [-9034, 2797], [-9040, 2797], [-9053, 2805], [-9055, 2809], [-9060, 2818]]]}, "type": "Feature", "properties": {"name": "Austin County", "stateAbbrev": "TX", "state": "Texas", "fips": "015", "incits": "48015", "id": "US.TX.015", "population": 28847}}, {"geometry": {"type": "Polygon", "coordinates": [[[-9084, 2779], [-9055, 2809], [-9053, 2805], [-9040, 2797], [-9034, 2797], [-9026, 2782], [-9018, 2779], [-9030, 2767], [-9034, 2758], [-9062, 2742], [-9063, 2744], [-9054, 2751], [-9076, 2773], [-9084, 2779]]]}, "type": "Feature", "properties": {"name": "Colorado County", "stateAbbrev": "TX", "state": "Texas", "fips": "089", "incits": "48089", "id": "US.TX.089", "population": 20752}}, {"geometry": {"type": "Polygon", "coordinates": [[[-9062, 2742], [-9034, 2758], [-9030, 2767], [-9018, 2779], [-9010, 2776], [-9007, 2774], [-9007, 2764], [-9001, 2760], [-8997, 2750], [-8987, 2744], [-8990, 2741], [-8999, 2733], [-9031, 2716], [-9062, 2742]]]}, "type": "Feature", "properties": {"name": "Wharton County", "stateAbbrev": "TX", "state": "Texas", "fips": "481", "incits": "48481", "id": "US.TX.481", "population": 41216}}, {"geometry": {"type": "Polygon", "coordinates": [[[-9032, 2689], [-9031, 2716], [-8999, 2733], [-8990, 2741], [-8987, 2738], [-8987, 2729], [-8981, 2723], [-8980, 2716], [-8969, 2715], [-8968, 2710], [-8960, 2703], [-8955, 2701], [-8981, 2688], [-9024, 2669], [-9036, 2660], [-9039, 2663], [-9032, 2686], [-9032, 2689]]]}, "type": "Feature", "properties": {"name": "Matagorda County", "stateAbbrev": "TX", "state": "Texas", "fips": "321", "incits": "48321", "id": "US.TX.321", "population": 36592}}, {"geometry": {"type": "Polygon", "coordinates": [[[-9030, 3080], [-9030, 3093], [-9029, 3127], [-8988, 3133], [-8989, 3115], [-8989, 3093], [-8996, 3093], [-8999, 3084], [-8996, 3079], [-9009, 3079], [-9030, 3080]]]}, "type": "Feature", "properties": {"name": "Hunt County", "stateAbbrev": "TX", "state": "Texas", "fips": "231", "incits": "48231", "id": "US.TX.231", "population": 87048}}, {"geometry": {"type": "Polygon", "coordinates": [[[-9052, 3052], [-9051, 3077], [-9030, 3077], [-9030, 3080], [-9009, 3079], [-9009, 3034], [-9044, 3034], [-9043, 3039], [-9050, 3046], [-9052, 3052]]]}, "type": "Feature", "properties": {"name": "Kaufman County", "stateAbbrev": "TX", "state": "Texas", "fips": "257", "incits": "48257", "id": "US.TX.257", "population": 108568}}, {"geometry": {"type": "Polygon", "coordinates": [[[-9044, 3034], [-9009, 3034], [-8950, 3034], [-8953, 3023], [-8951, 3013], [-8948, 3008], [-9007, 3001], [-9007, 3002], [-9008, 3008], [-9013, 3009], [-9030, 3029], [-9038, 3031], [-9044, 3034]]]}, "type": "Feature", "properties": {"name": "Henderson County", "stateAbbrev": "TX", "state": "Texas", "fips": "213", "incits": "48213", "id": "US.TX.213", "population": 78675}}, {"geometry": {"type": "Polygon", "coordinates": [[[-9049, 2982], [-9007, 3002], [-9007, 3001], [-9007, 2996], [-9002, 2994], [-9000, 2981], [-8990, 2978], [-8991, 2972], [-8983, 2970], [-8982, 2965], [-9024, 2945], [-9049, 2982]]]}, "type": "Feature", "properties": {"name": "Freestone County", "stateAbbrev": "TX", "state": "Texas", "fips": "161", "incits": "48161", "id": "US.TX.161", "population": 19646}}, {"geometry": {"type": "Polygon", "coordinates": [[[-9032, 2940], [-9024, 2945], [-8982, 2965], [-8975, 2964], [-8977, 2954], [-8969, 2937], [-8976, 2932], [-8976, 2922], [-8980, 2916], [-8999, 2915], [-9006, 2913], [-9018, 2906], [-9024, 2904], [-9033, 2931], [-9032, 2940]]]}, "type": "Feature", "properties": {"name": "Leon County", "stateAbbrev": "TX", "state": "Texas", "fips": "289", "incits": "48289", "id": "US.TX.289", "population": 16742}}, {"geometry": {"type": "Polygon", "coordinates": [[[-9024, 2904], [-9018, 2906], [-9006, 2913], [-8999, 2915], [-8980, 2916], [-8970, 2915], [-8967, 2910], [-8971, 2905], [-8966, 2900], [-8969, 2897], [-8976, 2898], [-8989, 2894], [-9018, 2891], [-9024, 2904]]]}, "type": "Feature", "properties": {"name": "Madison County", "stateAbbrev": "TX", "state": "Texas", "fips": "313", "incits": "48313", "id": "US.TX.313", "population": 13781}}, {"geometry": {"type": "Polygon", "coordinates": [[[-9018, 2891], [-8989, 2894], [-8986, 2872], [-8983, 2845], [-8983, 2836], [-9010, 2834], [-9010, 2840], [-9016, 2844], [-9010, 2854], [-9014, 2855], [-9019, 2870], [-9018, 2891]]]}, "type": "Feature", "properties": {"name": "Grimes County", "stateAbbrev": "TX", "state": "Texas", "fips": "185", "incits": "48185", "id": "US.TX.185", "population": 26859}}, {"geometry": {"type": "Polygon", "coordinates": [[[-8989, 3115], [-8988, 3133], [-8989, 3138], [-8980, 3141], [-8954, 3137], [-8945, 3132], [-8937, 3130], [-8957, 3127], [-8963, 3128], [-8968, 3123], [-8979, 3122], [-8989, 3115]]]}, "type": "Feature", "properties": {"name": "Delta County", "stateAbbrev": "TX", "state": "Texas", "fips": "119", "incits": "48119", "id": "US.TX.119", "population": 5238}}, {"geometry": {"type": "Polygon", "coordinates": [[[-8989, 3093], [-8989, 3115], [-8979, 3122], [-8968, 3123], [-8963, 3128], [-8957, 3127], [-8937, 3130], [-8937, 3091], [-8970, 3091], [-8970, 3092], [-8989, 3093]]]}, "type": "Feature", "properties": {"name": "Hopkins County", "stateAbbrev": "TX", "state": "Texas", "fips": "223", "incits": "48223", "id": "US.TX.223", "population": 35565}}, {"geometry": {"type": "Polygon", "coordinates": [[[-8989, 3093], [-8970, 3092], [-8970, 3091], [-8967, 3068], [-8980, 3073], [-8989, 3073], [-8996, 3079], [-8999, 3084], [-8996, 3093], [-8989, 3093]]]}, "type": "Feature", "properties": {"name": "Rains County", "stateAbbrev": "TX", "state": "Texas", "fips": "379", "incits": "48379", "id": "US.TX.379", "population": 11065}}, {"geometry": {"type": "Polygon", "coordinates": [[[-9009, 3079], [-8996, 3079], [-8989, 3073], [-8980, 3073], [-8967, 3068], [-8963, 3064], [-8963, 3045], [-8950, 3034], [-9009, 3034], [-9009, 3079]]]}, "type": "Feature", "properties": {"name": "Van Zandt County", "stateAbbrev": "TX", "state": "Texas", "fips": "467", "incits": "48467", "id": "US.TX.467", "population": 52481}}, {"geometry": {"type": "Polygon", "coordinates": [[[-8970, 3091], [-8937, 3091], [-8924, 3091], [-8922, 3095], [-8922, 3085], [-8922, 3054], [-8925, 3051], [-8941, 3057], [-8952, 3057], [-8963, 3064], [-8967, 3068], [-8970, 3091]]]}, "type": "Feature", "properties": {"name": "Wood County", "stateAbbrev": "TX", "state": "Texas", "fips": "499", "incits": "48499", "id": "US.TX.499", "population": 42306}}, {"geometry": {"type": "Polygon", "coordinates": [[[-8937, 3091], [-8937, 3130], [-8930, 3129], [-8920, 3131], [-8920, 3098], [-8922, 3095], [-8924, 3091], [-8937, 3091]]]}, "type": "Feature", "properties": {"name": "Franklin County", "stateAbbrev": "TX", "state": "Texas", "fips": "159", "incits": "48159", "id": "US.TX.159", "population": 10660}}, {"geometry": {"type": "Polygon", "coordinates": [[[-8920, 3098], [-8920, 3131], [-8898, 3131], [-8891, 3130], [-8891, 3093], [-8903, 3101], [-8911, 3101], [-8920, 3098]]]}, "type": "Feature", "properties": {"name": "Titus County", "stateAbbrev": "TX", "state": "Texas", "fips": "449", "incits": "48449", "id": "US.TX.449", "population": 32581}}, {"geometry": {"type": "Polygon", "coordinates": [[[-8891, 3130], [-8884, 3125], [-8876, 3120], [-8875, 3083], [-8881, 3083], [-8882, 3086], [-8891, 3093], [-8891, 3130]]]}, "type": "Feature", "properties": {"name": "Morris County", "stateAbbrev": "TX", "state": "Texas", "fips": "343", "incits": "48343", "id": "US.TX.343", "population": 12834}}, {"geometry": {"type": "Polygon", "coordinates": [[[-8922, 3085], [-8922, 3095], [-8920, 3098], [-8911, 3101], [-8903, 3101], [-8891, 3093], [-8882, 3086], [-8922, 3085]]]}, "type": "Feature", "properties": {"name": "Camp County", "stateAbbrev": "TX", "state": "Texas", "fips": "063", "incits": "48063", "id": "US.TX.063", "population": 12413}}, {"geometry": {"type": "Polygon", "coordinates": [[[-8876, 3120], [-8872, 3118], [-8858, 3122], [-8850, 3118], [-8836, 3117], [-8835, 3122], [-8820, 3122], [-8818, 3120], [-8818, 3083], [-8875, 3083], [-8876, 3120]]]}, "type": "Feature", "properties": {"name": "Cass County", "stateAbbrev": "TX", "state": "Texas", "fips": "067", "incits": "48067", "id": "US.TX.067", "population": 30331}}, {"geometry": {"type": "Polygon", "coordinates": [[[-8922, 3085], [-8882, 3086], [-8881, 3083], [-8880, 3075], [-8880, 3062], [-8885, 3062], [-8891, 3056], [-8907, 3051], [-8921, 3052], [-8922, 3054], [-8922, 3085]]]}, "type": "Feature", "properties": {"name": "Upshur County", "stateAbbrev": "TX", "state": "Texas", "fips": "459", "incits": "48459", "id": "US.TX.459", "population": 39884}}, {"geometry": {"type": "Polygon", "coordinates": [[[-8881, 3083], [-8875, 3083], [-8818, 3083], [-8818, 3065], [-8828, 3070], [-8830, 3066], [-8841, 3071], [-8850, 3066], [-8862, 3066], [-8880, 3075], [-8881, 3083]]]}, "type": "Feature", "properties": {"name": "Marion County", "stateAbbrev": "TX", "state": "Texas", "fips": "315", "incits": "48315", "id": "US.TX.315", "population": 10235}}, {"geometry": {"type": "Polygon", "coordinates": [[[-8880, 3075], [-8862, 3066], [-8850, 3066], [-8841, 3071], [-8830, 3066], [-8828, 3070], [-8818, 3065], [-8818, 3037], [-8847, 3032], [-8859, 3037], [-8868, 3038], [-8875, 3038], [-8880, 3043], [-8880, 3075]]]}, "type": "Feature", "properties": {"name": "Harrison County", "stateAbbrev": "TX", "state": "Texas", "fips": "203", "incits": "48203", "id": "US.TX.203", "population": 66886}}, {"geometry": {"type": "Polygon", "coordinates": [[[-8907, 3035], [-8907, 3051], [-8891, 3056], [-8885, 3062], [-8880, 3062], [-8880, 3043], [-8875, 3038], [-8868, 3038], [-8876, 3035], [-8907, 3035]]]}, "type": "Feature", "properties": {"name": "Gregg County", "stateAbbrev": "TX", "state": "Texas", "fips": "183", "incits": "48183", "id": "US.TX.183", "population": 123024}}, {"geometry": {"type": "Polygon", "coordinates": [[[-8963, 3064], [-8952, 3057], [-8941, 3057], [-8925, 3051], [-8922, 3054], [-8921, 3052], [-8907, 3051], [-8907, 3035], [-8907, 3013], [-8951, 3013], [-8953, 3023], [-8950, 3034], [-8963, 3045], [-8963, 3064]]]}, "type": "Feature", "properties": {"name": "Smith County", "stateAbbrev": "TX", "state": "Texas", "fips": "423", "incits": "48423", "id": "US.TX.423", "population": 216080}}, {"geometry": {"type": "Polygon", "coordinates": [[[-8907, 3035], [-8876, 3035], [-8868, 3038], [-8859, 3037], [-8864, 3026], [-8868, 3020], [-8871, 3008], [-8870, 2998], [-8862, 2998], [-8862, 2993], [-8857, 2986], [-8902, 2986], [-8907, 2986], [-8907, 3013], [-8907, 3035]]]}, "type": "Feature", "properties": {"name": "Rusk County", "stateAbbrev": "TX", "state": "Texas", "fips": "401", "incits": "48401", "id": "US.TX.401", "population": 53622}}, {"geometry": {"type": "Polygon", "coordinates": [[[-8951, 3013], [-8907, 3013], [-8907, 2986], [-8902, 2986], [-8906, 2981], [-8905, 2971], [-8901, 2961], [-8895, 2956], [-8908, 2947], [-8917, 2951], [-8918, 2956], [-8924, 2962], [-8934, 2962], [-8934, 2968], [-8950, 2986], [-8948, 3008], [-8951, 3013]]]}, "type": "Feature", "properties": {"name": "Cherokee County", "stateAbbrev": "TX", "state": "Texas", "fips": "073", "incits": "48073", "id": "US.TX.073", "population": 50878}}, {"geometry": {"type": "Polygon", "coordinates": [[[-9007, 3001], [-8948, 3008], [-8950, 2986], [-8934, 2968], [-8934, 2962], [-8969, 2958], [-8977, 2954], [-8975, 2964], [-8982, 2965], [-8983, 2970], [-8991, 2972], [-8990, 2978], [-9000, 2981], [-9002, 2994], [-9007, 2996], [-9007, 3001]]]}, "type": "Feature", "properties": {"name": "Anderson County", "stateAbbrev": "TX", "state": "Texas", "fips": "001", "incits": "48001", "id": "US.TX.001", "population": 57938}}, {"geometry": {"type": "Polygon", "coordinates": [[[-8902, 2986], [-8857, 2986], [-8853, 2977], [-8852, 2968], [-8844, 2962], [-8843, 2954], [-8845, 2941], [-8845, 2928], [-8851, 2935], [-8855, 2936], [-8861, 2945], [-8891, 2952], [-8895, 2956], [-8901, 2961], [-8905, 2971], [-8906, 2981], [-8902, 2986]]]}, "type": "Feature", "properties": {"name": "Nacogdoches County", "stateAbbrev": "TX", "state": "Texas", "fips": "347", "incits": "48347", "id": "US.TX.347", "population": 65330}}, {"geometry": {"type": "Polygon", "coordinates": [[[-8862, 2998], [-8816, 2999], [-8811, 2993], [-8803, 2988], [-8795, 2972], [-8799, 2962], [-8805, 2964], [-8813, 2960], [-8823, 2965], [-8852, 2968], [-8853, 2977], [-8857, 2986], [-8862, 2993], [-8862, 2998]]]}, "type": "Feature", "properties": {"name": "Shelby County", "stateAbbrev": "TX", "state": "Texas", "fips": "419", "incits": "48419", "id": "US.TX.419", "population": 25792}}, {"geometry": {"type": "Polygon", "coordinates": [[[-8813, 2960], [-8805, 2964], [-8799, 2962], [-8788, 2953], [-8783, 2941], [-8785, 2936], [-8779, 2932], [-8777, 2924], [-8807, 2922], [-8818, 2919], [-8818, 2945], [-8813, 2950], [-8813, 2960]]]}, "type": "Feature", "properties": {"name": "Sabine County", "stateAbbrev": "TX", "state": "Texas", "fips": "403", "incits": "48403", "id": "US.TX.403", "population": 10361}}, {"geometry": {"type": "Polygon", "coordinates": [[[-8852, 2968], [-8823, 2965], [-8813, 2960], [-8813, 2950], [-8818, 2945], [-8818, 2919], [-8826, 2916], [-8845, 2928], [-8845, 2941], [-8843, 2954], [-8844, 2962], [-8852, 2968]]]}, "type": "Feature", "properties": {"name": "San Augustine County", "stateAbbrev": "TX", "state": "Texas", "fips": "405", "incits": "48405", "id": "US.TX.405", "population": 8769}}, {"geometry": {"type": "Polygon", "coordinates": [[[-8977, 2954], [-8969, 2958], [-8934, 2962], [-8924, 2962], [-8918, 2956], [-8917, 2951], [-8908, 2947], [-8904, 2943], [-8949, 2912], [-8966, 2900], [-8971, 2905], [-8967, 2910], [-8970, 2915], [-8980, 2916], [-8976, 2922], [-8976, 2932], [-8969, 2937], [-8977, 2954]]]}, "type": "Feature", "properties": {"name": "Houston County", "stateAbbrev": "TX", "state": "Texas", "fips": "225", "incits": "48225", "id": "US.TX.225", "population": 22911}}, {"geometry": {"type": "Polygon", "coordinates": [[[-8908, 2947], [-8895, 2956], [-8891, 2952], [-8861, 2945], [-8855, 2936], [-8851, 2935], [-8845, 2928], [-8826, 2916], [-8857, 2910], [-8867, 2912], [-8883, 2917], [-8893, 2921], [-8900, 2938], [-8904, 2943], [-8908, 2947]]]}, "type": "Feature", "properties": {"name": "Angelina County", "stateAbbrev": "TX", "state": "Texas", "fips": "005", "incits": "48005", "id": "US.TX.005", "population": 87441}}, {"geometry": {"type": "Polygon", "coordinates": [[[-8949, 2912], [-8904, 2943], [-8900, 2938], [-8893, 2921], [-8902, 2911], [-8926, 2890], [-8931, 2898], [-8939, 2894], [-8944, 2893], [-8949, 2901], [-8949, 2912]]]}, "type": "Feature", "properties": {"name": "Trinity County", "stateAbbrev": "TX", "state": "Texas", "fips": "455", "incits": "48455", "id": "US.TX.455", "population": 14393}}, {"geometry": {"type": "Polygon", "coordinates": [[[-8989, 2894], [-8976, 2898], [-8969, 2897], [-8966, 2900], [-8949, 2912], [-8949, 2901], [-8944, 2893], [-8939, 2894], [-8942, 2860], [-8964, 2861], [-8986, 2872], [-8989, 2894]]]}, "type": "Feature", "properties": {"name": "Walker County", "stateAbbrev": "TX", "state": "Texas", "fips": "471", "incits": "48471", "id": "US.TX.471", "population": 68817}}, {"geometry": {"type": "Polygon", "coordinates": [[[-8807, 2922], [-8777, 2924], [-8773, 2916], [-8768, 2909], [-8780, 2877], [-8788, 2867], [-8787, 2854], [-8792, 2845], [-8786, 2840], [-8786, 2836], [-8805, 2836], [-8802, 2902], [-8807, 2922]]]}, "type": "Feature", "properties": {"name": "Newton County", "stateAbbrev": "TX", "state": "Texas", "fips": "351", "incits": "48351", "id": "US.TX.351", "population": 14140}}, {"geometry": {"type": "Polygon", "coordinates": [[[-8857, 2910], [-8826, 2916], [-8818, 2919], [-8807, 2922], [-8802, 2902], [-8805, 2836], [-8825, 2836], [-8822, 2846], [-8825, 2852], [-8821, 2863], [-8823, 2868], [-8819, 2873], [-8825, 2877], [-8827, 2885], [-8831, 2888], [-8833, 2900], [-8837, 2908], [-8847, 2911], [-8857, 2910]]]}, "type": "Feature", "properties": {"name": "Jasper County", "stateAbbrev": "TX", "state": "Texas", "fips": "241", "incits": "48241", "id": "US.TX.241", "population": 35649}}, {"geometry": {"type": "Polygon", "coordinates": [[[-8867, 2912], [-8857, 2910], [-8847, 2911], [-8837, 2908], [-8833, 2900], [-8831, 2888], [-8827, 2885], [-8825, 2877], [-8819, 2873], [-8823, 2868], [-8821, 2863], [-8866, 2862], [-8876, 2908], [-8867, 2912]]]}, "type": "Feature", "properties": {"name": "Tyler County", "stateAbbrev": "TX", "state": "Texas", "fips": "457", "incits": "48457", "id": "US.TX.457", "population": 21464}}, {"geometry": {"type": "Polygon", "coordinates": [[[-8926, 2890], [-8902, 2911], [-8893, 2921], [-8883, 2917], [-8867, 2912], [-8876, 2908], [-8866, 2862], [-8865, 2859], [-8883, 2859], [-8893, 2859], [-8892, 2864], [-8904, 2867], [-8913, 2877], [-8922, 2880], [-8921, 2887], [-8926, 2890]]]}, "type": "Feature", "properties": {"name": "Polk County", "stateAbbrev": "TX", "state": "Texas", "fips": "373", "incits": "48373", "id": "US.TX.373", "population": 45790}}, {"geometry": {"type": "Polygon", "coordinates": [[[-8942, 2860], [-8939, 2894], [-8931, 2898], [-8926, 2890], [-8921, 2887], [-8922, 2880], [-8913, 2877], [-8904, 2867], [-8892, 2864], [-8893, 2859], [-8923, 2845], [-8937, 2851], [-8942, 2860]]]}, "type": "Feature", "properties": {"name": "San Jacinto County", "stateAbbrev": "TX", "state": "Texas", "fips": "407", "incits": "48407", "id": "US.TX.407", "population": 26856}}, {"geometry": {"type": "Polygon", "coordinates": [[[-8825, 2836], [-8805, 2836], [-8786, 2836], [-8786, 2819], [-8794, 2812], [-8801, 2800], [-8801, 2811], [-8808, 2812], [-8823, 2822], [-8825, 2829], [-8825, 2836]]]}, "type": "Feature", "properties": {"name": "Orange County", "stateAbbrev": "TX", "state": "Texas", "fips": "361", "incits": "48361", "id": "US.TX.361", "population": 82957}}, {"geometry": {"type": "Polygon", "coordinates": [[[-8856, 2824], [-8842, 2824], [-8840, 2829], [-8834, 2831], [-8825, 2829], [-8823, 2822], [-8808, 2812], [-8801, 2811], [-8801, 2800], [-8807, 2796], [-8798, 2783], [-8814, 2783], [-8827, 2780], [-8847, 2772], [-8848, 2803], [-8856, 2803], [-8856, 2824]]]}, "type": "Feature", "properties": {"name": "Jefferson County", "stateAbbrev": "TX", "state": "Texas", "fips": "245", "incits": "48245", "id": "US.TX.245", "population": 252358}}, {"geometry": {"type": "Polygon", "coordinates": [[[-8883, 2859], [-8865, 2859], [-8866, 2862], [-8821, 2863], [-8825, 2852], [-8822, 2846], [-8825, 2836], [-8825, 2829], [-8834, 2831], [-8840, 2829], [-8842, 2824], [-8856, 2824], [-8870, 2824], [-8883, 2859]]]}, "type": "Feature", "properties": {"name": "Hardin County", "stateAbbrev": "TX", "state": "Texas", "fips": "199", "incits": "48199", "id": "US.TX.199", "population": 55417}}, {"geometry": {"type": "Polygon", "coordinates": [[[-9639, 2968], [-9639, 3009], [-9591, 3009], [-9591, 2968], [-9636, 2968], [-9639, 2968]]]}, "type": "Feature", "properties": {"name": "Ector County", "stateAbbrev": "TX", "state": "Texas", "fips": "135", "incits": "48135", "id": "US.TX.135", "population": 149378}}, {"geometry": {"type": "Polygon", "coordinates": [[[-9591, 2968], [-9591, 3009], [-9584, 3009], [-9543, 3009], [-9543, 2968], [-9591, 2968]]]}, "type": "Feature", "properties": {"name": "Midland County", "stateAbbrev": "TX", "state": "Texas", "fips": "329", "incits": "48329", "id": "US.TX.329", "population": 151468}}], "ac-tx": {"default": {"crs": "wsg84", "scale": 93.76765185541102, "xoffset": 0, "yoffset": 0}}}