{"type":"Topology","arcs":[[[1066,1356],[127,48],[50,43],[75,-23],[6,-36]],[[1324,1388],[97,-44],[-44,-154],[62,-63],[69,-24]],[[1508,1103],[-90,-95],[-72,12],[-37,-27],[3,-52],[-69,40],[-50,71],[-59,24],[25,79],[-59,0],[-41,67],[-9,55],[50,16],[-34,63]],[[854,1285],[6,24],[78,12],[15,-52],[0,-99],[-65,24],[12,32],[-46,59]],[[720,1139],[25,-24],[62,55],[56,-7],[25,-115],[-9,-63],[-38,-44],[13,-59]],[[854,882],[-38,-87],[-37,4],[-28,63],[6,36],[-47,43]],[[710,941],[25,63],[-43,79],[28,56]],[[673,1882],[62,71],[106,-19],[41,23],[3,115],[56,44],[81,-4],[12,43],[85,4],[56,-67],[-7,-60],[97,-118],[-56,-44],[50,-75],[9,-59],[128,4],[81,-16],[6,-40],[-56,-31],[-34,-91],[81,-67]],[[1474,1495],[-122,-40],[-28,-67]],[[1066,1356],[-60,16],[-31,52],[22,90],[-72,12],[-121,99],[-53,-16]],[[751,1609],[-28,28],[-25,111],[-34,8],[-32,83],[41,43]],[[1474,1495],[40,-24],[59,8],[19,-71],[38,-48],[12,-79],[-59,-16],[-50,-51],[-25,-111]],[[93,886],[75,-36],[87,16],[44,-59],[47,-8],[31,-71],[100,-12]],[[477,716],[37,-64],[-22,-47],[3,-59],[-31,-28]],[[464,518],[-37,55],[-56,-27],[-53,-52],[-134,-12],[-41,-27]],[[143,455],[25,51],[-65,150],[-81,60],[0,106],[71,64]],[[81,308],[93,-55],[106,0],[75,44],[66,-4],[99,-68]],[[520,225],[-50,-91],[50,-75],[-40,-55],[-53,43],[-47,-47],[-81,16],[-96,47],[-116,24],[-56,40],[-31,63],[81,118]],[[464,518],[38,-36],[-13,-31],[91,-60],[37,-67]],[[617,324],[-41,-79],[-56,-20]],[[81,308],[28,103],[34,44]],[[751,1609],[-75,-110],[-44,0],[-46,-36],[59,-83],[-90,-43],[-47,-56]],[[508,1281],[-38,-71],[-62,-12],[-59,-32],[-69,-15]],[[280,1151],[-40,23],[-3,79],[-41,0],[-84,48],[41,51],[99,32],[-34,36],[-9,71],[-109,158],[15,134],[81,12],[-6,95],[75,55],[19,56],[49,-12],[38,-36],[9,-55],[-12,-63],[87,-20],[28,43],[153,80],[37,-56]],[[508,1281],[37,-118],[63,-28],[28,28],[84,-24]],[[710,941],[-43,-8],[-25,-55],[0,-67],[-53,-16],[-9,-36]],[[580,759],[-78,-12],[-25,-31]],[[93,886],[-18,67],[75,59],[15,-27],[62,8],[53,158]],[[854,882],[74,-12],[53,-51],[60,19],[40,-27],[62,-76],[-43,-75],[-38,-4],[-37,-71],[-162,-4],[-97,-118],[-21,35]],[[745,498],[34,63],[25,84],[-59,-4],[-50,-32],[-66,79],[-15,63],[-34,8]],[[745,498],[-19,-55],[-75,-24],[-34,-95]]],"transform":{"scale":[0.3209500609013398,0.2528948587308939],"translate":[9472,3011]},"objects":{"hebei":{"type":"GeometryCollection","geometries":[{"arcs":[[0,1,2]],"type":"Polygon","properties":{"admin_leve":"5","localname":"唐山市 / Tangshan","boundary":"administrative","id":"CN.hebei.2989001","name":"Tangshan City"}},{"arcs":[[[3]],[[4,5,6]]],"type":"MultiPolygon","properties":{"admin_leve":"5","localname":"廊坊","boundary":"administrative","id":"CN.hebei.2989329","name":"Langfang City"}},{"arcs":[[7,8,-1,9,10]],"type":"Polygon","properties":{"name":"Chengde City","admin_leve":"5","wikipedia":"zh:承德市","localname":"承德市 (Chengde)","boundary":"administrative","id":"CN.hebei.2989561"}},{"arcs":[[-9,11,-2]],"type":"Polygon","properties":{"admin_leve":"5","localname":"秦皇岛 / Qinhuangdao","boundary":"administrative","id":"CN.hebei.2989562","name":"Qinhuangdao City"}},{"arcs":[[12,13,14,15]],"type":"Polygon","properties":{"name":"Shijiazhuang City","admin_leve":"5","wikipedia":"en:Shijiazhuang","localname":"石家庄市","boundary":"administrative","id":"CN.hebei.3009732"}},{"arcs":[[16,17]],"type":"Polygon","properties":{"name":"Handan City","admin_leve":"5","wikipedia":"en:Handan","localname":"邯鄲市 / Handan","boundary":"administrative","id":"CN.hebei.3290701"}},{"arcs":[[-15,18,19,-17,20]],"type":"Polygon","properties":{"name":"Xingtai City","admin_leve":"5","wikipedia":"en:Xingtai","localname":"邢台市 / Xingtai","boundary":"administrative","id":"CN.hebei.3290707"}},{"arcs":[[-11,21,22,23]],"type":"Polygon","properties":{"name":"Zhangjiakou City","admin_leve":"5","wikipedia":"en:Zhangjiakou","localname":"张家口市","boundary":"administrative","id":"CN.hebei.3295555"}},{"arcs":[[-23,24,-7,25,26,-13,27]],"type":"Polygon","properties":{"name":"Baoding City","admin_leve":"5","wikipedia":"en:Baoding","localname":"保定市","boundary":"administrative","id":"CN.hebei.3442995"}},{"arcs":[[-6,28,29,-26]],"type":"Polygon","properties":{"name":"Cangzhou City","admin_leve":"5","wikipedia":"en:Cangzhou","localname":"沧州市 / Cangzhou","boundary":"administrative","id":"CN.hebei.3443418"}},{"arcs":[[-14,-27,-30,30,-19]],"type":"Polygon","properties":{"name":"Hengshui City","admin_leve":"5","wikipedia":"en:Hengshui","localname":"衡水市 / Hengshui","boundary":"administrative","id":"CN.hebei.3443419"}}]}},"crs":{"type":"name","properties":{"name":"urn:ogc:def:crs:EPSG:4326"}},"ac-tx":{"default":{"crs":"wsg84","scale":83.47384938567834,"xoffset":0,"yoffset":0}}}