{"crs": {"type": "name", "properties": {"name": "urn:ogc:def:crs:EPSG:4326"}}, "type": "FeatureCollection", "features": [{"geometry": {"type": "Polygon", "coordinates": [[[-9467, 4250], [-9463, 4262], [-9438, 4273], [-9436, 4262], [-9425, 4257], [-9431, 4237], [-9442, 4232], [-9447, 4243], [-9467, 4250]]]}, "type": "Feature", "properties": {"name": "Fayette County", "stateAbbrev": "KY", "state": "Kentucky", "fips": "067", "incits": "21067", "id": "US.KY.067", "population": 308428}}, {"geometry": {"type": "Polygon", "coordinates": [[[-9463, 4369], [-9460, 4348], [-9462, 4339], [-9467, 4336], [-9482, 4345], [-9490, 4350], [-9487, 4360], [-9494, 4367], [-9478, 4377], [-9463, 4369]]]}, "type": "Feature", "properties": {"name": "Boone County", "stateAbbrev": "KY", "state": "Kentucky", "fips": "015", "incits": "21015", "id": "US.KY.015", "population": 124442}}, {"geometry": {"type": "Polygon", "coordinates": [[[-9463, 4369], [-9450, 4372], [-9441, 4359], [-9440, 4340], [-9453, 4338], [-9462, 4339], [-9460, 4348], [-9463, 4369]]]}, "type": "Feature", "properties": {"name": "Kenton County", "stateAbbrev": "KY", "state": "Kentucky", "fips": "117", "incits": "21117", "id": "US.KY.117", "population": 163145}}, {"geometry": {"type": "Polygon", "coordinates": [[[-9450, 4372], [-9428, 4362], [-9419, 4347], [-9440, 4340], [-9441, 4359], [-9450, 4372]]]}, "type": "Feature", "properties": {"name": "Campbell County", "stateAbbrev": "KY", "state": "Kentucky", "fips": "037", "incits": "21037", "id": "US.KY.037", "population": 90988}}, {"geometry": {"type": "Polygon", "coordinates": [[[-9453, 4338], [-9440, 4340], [-9419, 4347], [-9419, 4342], [-9416, 4314], [-9447, 4310], [-9453, 4338]]]}, "type": "Feature", "properties": {"name": "Pendleton County", "stateAbbrev": "KY", "state": "Kentucky", "fips": "191", "incits": "21191", "id": "US.KY.191", "population": 14570}}, {"geometry": {"type": "Polygon", "coordinates": [[[-9419, 4342], [-9403, 4336], [-9382, 4335], [-9392, 4316], [-9411, 4311], [-9416, 4314], [-9419, 4342]]]}, "type": "Feature", "properties": {"name": "Bracken County", "stateAbbrev": "KY", "state": "Kentucky", "fips": "023", "incits": "21023", "id": "US.KY.023", "population": 8416}}, {"geometry": {"type": "Polygon", "coordinates": [[[-9881, 4183], [-9869, 4188], [-9851, 4190], [-9848, 4194], [-9833, 4191], [-9818, 4180], [-9846, 4164], [-9851, 4158], [-9862, 4154], [-9865, 4168], [-9881, 4183]]]}, "type": "Feature", "properties": {"name": "Crittenden County", "stateAbbrev": "KY", "state": "Kentucky", "fips": "055", "incits": "21055", "id": "US.KY.055", "population": 9255}}, {"geometry": {"type": "Polygon", "coordinates": [[[-9904, 4146], [-9892, 4146], [-9888, 4155], [-9898, 4170], [-9894, 4181], [-9881, 4183], [-9865, 4168], [-9862, 4154], [-9867, 4135], [-9881, 4145], [-9895, 4140], [-9904, 4146]]]}, "type": "Feature", "properties": {"name": "Livingston County", "stateAbbrev": "KY", "state": "Kentucky", "fips": "139", "incits": "21139", "id": "US.KY.139", "population": 9359}}, {"geometry": {"type": "Polygon", "coordinates": [[[-9832, 4238], [-9811, 4209], [-9833, 4191], [-9848, 4194], [-9855, 4202], [-9858, 4212], [-9842, 4227], [-9830, 4228], [-9832, 4238]]]}, "type": "Feature", "properties": {"name": "Union County", "stateAbbrev": "KY", "state": "Kentucky", "fips": "225", "incits": "21225", "id": "US.KY.225", "population": 15029}}, {"geometry": {"type": "Polygon", "coordinates": [[[-9610, 4249], [-9604, 4254], [-9585, 4259], [-9567, 4258], [-9553, 4263], [-9560, 4248], [-9571, 4235], [-9588, 4228], [-9606, 4243], [-9610, 4249]]]}, "type": "Feature", "properties": {"name": "Bullitt County", "stateAbbrev": "KY", "state": "Kentucky", "fips": "029", "incits": "21029", "id": "US.KY.029", "population": 76854}}, {"geometry": {"type": "Polygon", "coordinates": [[[-9542, 4332], [-9522, 4327], [-9508, 4334], [-9498, 4323], [-9513, 4316], [-9524, 4315], [-9542, 4332]]]}, "type": "Feature", "properties": {"name": "Carroll County", "stateAbbrev": "KY", "state": "Kentucky", "fips": "041", "incits": "21041", "id": "US.KY.041", "population": 10953}}, {"geometry": {"type": "Polygon", "coordinates": [[[-9508, 4334], [-9493, 4338], [-9482, 4345], [-9467, 4336], [-9481, 4330], [-9498, 4323], [-9508, 4334]]]}, "type": "Feature", "properties": {"name": "Gallatin County", "stateAbbrev": "KY", "state": "Kentucky", "fips": "077", "incits": "21077", "id": "US.KY.077", "population": 8474}}, {"geometry": {"type": "Polygon", "coordinates": [[[-9648, 4204], [-9634, 4227], [-9618, 4229], [-9614, 4235], [-9617, 4249], [-9611, 4250], [-9610, 4249], [-9606, 4243], [-9588, 4228], [-9581, 4219], [-9603, 4198], [-9605, 4187], [-9622, 4188], [-9630, 4201], [-9648, 4204]]]}, "type": "Feature", "properties": {"name": "Hardin County", "stateAbbrev": "KY", "state": "Kentucky", "fips": "093", "incits": "21093", "id": "US.KY.093", "population": 108191}}, {"geometry": {"type": "Polygon", "coordinates": [[[-9611, 4250], [-9606, 4268], [-9593, 4282], [-9578, 4286], [-9576, 4292], [-9557, 4281], [-9550, 4279], [-9552, 4266], [-9553, 4263], [-9567, 4258], [-9585, 4259], [-9604, 4254], [-9610, 4249], [-9611, 4250]]]}, "type": "Feature", "properties": {"name": "Jefferson County", "stateAbbrev": "KY", "state": "Kentucky", "fips": "111", "incits": "21111", "id": "US.KY.111", "population": 756832}}, {"geometry": {"type": "Polygon", "coordinates": [[[-9576, 4292], [-9571, 4300], [-9553, 4308], [-9540, 4304], [-9537, 4289], [-9541, 4284], [-9557, 4281], [-9576, 4292]]]}, "type": "Feature", "properties": {"name": "Oldham County", "stateAbbrev": "KY", "state": "Kentucky", "fips": "185", "incits": "21185", "id": "US.KY.185", "population": 62364}}, {"geometry": {"type": "Polygon", "coordinates": [[[-9557, 4281], [-9541, 4284], [-9537, 4289], [-9505, 4287], [-9508, 4264], [-9516, 4253], [-9552, 4266], [-9550, 4279], [-9557, 4281]]]}, "type": "Feature", "properties": {"name": "Shelby County", "stateAbbrev": "KY", "state": "Kentucky", "fips": "211", "incits": "21211", "id": "US.KY.211", "population": 44216}}, {"geometry": {"type": "Polygon", "coordinates": [[[-9553, 4263], [-9552, 4266], [-9516, 4253], [-9524, 4246], [-9550, 4243], [-9560, 4248], [-9553, 4263]]]}, "type": "Feature", "properties": {"name": "Spencer County", "stateAbbrev": "KY", "state": "Kentucky", "fips": "215", "incits": "21215", "id": "US.KY.215", "population": 17637}}, {"geometry": {"type": "Polygon", "coordinates": [[[-9542, 4332], [-9524, 4315], [-9540, 4304], [-9553, 4308], [-9556, 4326], [-9542, 4332]]]}, "type": "Feature", "properties": {"name": "Trimble County", "stateAbbrev": "KY", "state": "Kentucky", "fips": "223", "incits": "21223", "id": "US.KY.223", "population": 8816}}, {"geometry": {"type": "Polygon", "coordinates": [[[-9726, 4242], [-9706, 4248], [-9690, 4232], [-9693, 4226], [-9688, 4211], [-9709, 4220], [-9719, 4238], [-9726, 4242]]]}, "type": "Feature", "properties": {"name": "Hancock County", "stateAbbrev": "KY", "state": "Kentucky", "fips": "091", "incits": "21091", "id": "US.KY.091", "population": 8687}}, {"geometry": {"type": "Polygon", "coordinates": [[[-9564, 4150], [-9545, 4159], [-9523, 4172], [-9511, 4166], [-9510, 4158], [-9528, 4138], [-9531, 4129], [-9556, 4131], [-9564, 4150]]]}, "type": "Feature", "properties": {"name": "Adair County", "stateAbbrev": "KY", "state": "Kentucky", "fips": "001", "incits": "21001", "id": "US.KY.001", "population": 18732}}, {"geometry": {"type": "Polygon", "coordinates": [[[-9662, 4112], [-9635, 4130], [-9614, 4106], [-9614, 4096], [-9663, 4098], [-9662, 4112]]]}, "type": "Feature", "properties": {"name": "Allen County", "stateAbbrev": "KY", "state": "Kentucky", "fips": "003", "incits": "21003", "id": "US.KY.003", "population": 20311}}, {"geometry": {"type": "Polygon", "coordinates": [[[-9945, 4163], [-9932, 4132], [-9951, 4129], [-9964, 4131], [-9973, 4142], [-9963, 4155], [-9945, 4163]]]}, "type": "Feature", "properties": {"name": "Ballard County", "stateAbbrev": "KY", "state": "Kentucky", "fips": "007", "incits": "21007", "id": "US.KY.007", "population": 8332}}, {"geometry": {"type": "Polygon", "coordinates": [[[-9635, 4130], [-9630, 4144], [-9623, 4156], [-9606, 4154], [-9588, 4156], [-9590, 4150], [-9588, 4120], [-9614, 4106], [-9635, 4130]]]}, "type": "Feature", "properties": {"name": "Barren County", "stateAbbrev": "KY", "state": "Kentucky", "fips": "009", "incits": "21009", "id": "US.KY.009", "population": 43027}}, {"geometry": {"type": "Polygon", "coordinates": [[[-9380, 4103], [-9364, 4116], [-9346, 4127], [-9347, 4133], [-9338, 4131], [-9336, 4126], [-9337, 4108], [-9333, 4100], [-9341, 4100], [-9359, 4091], [-9385, 4091], [-9380, 4103]]]}, "type": "Feature", "properties": {"name": "Bell County", "stateAbbrev": "KY", "state": "Kentucky", "fips": "013", "incits": "21013", "id": "US.KY.013", "population": 27885}}, {"geometry": {"type": "Polygon", "coordinates": [[[-9443, 4281], [-9436, 4280], [-9415, 4291], [-9405, 4279], [-9391, 4271], [-9402, 4262], [-9425, 4257], [-9436, 4262], [-9438, 4273], [-9443, 4281]]]}, "type": "Feature", "properties": {"name": "Bourbon County", "stateAbbrev": "KY", "state": "Kentucky", "fips": "017", "incits": "21017", "id": "US.KY.017", "population": 19998}}, {"geometry": {"type": "Polygon", "coordinates": [[[-9244, 4306], [-9238, 4302], [-9237, 4277], [-9258, 4277], [-9261, 4291], [-9244, 4306]]]}, "type": "Feature", "properties": {"name": "Boyd County", "stateAbbrev": "KY", "state": "Kentucky", "fips": "019", "incits": "21019", "id": "US.KY.019", "population": 48886}}, {"geometry": {"type": "Polygon", "coordinates": [[[-9509, 4198], [-9508, 4208], [-9508, 4213], [-9477, 4217], [-9467, 4208], [-9488, 4199], [-9509, 4198]]]}, "type": "Feature", "properties": {"name": "Boyle County", "stateAbbrev": "KY", "state": "Kentucky", "fips": "021", "incits": "21021", "id": "US.KY.021", "population": 29013}}, {"geometry": {"type": "Polygon", "coordinates": [[[-9346, 4194], [-9340, 4209], [-9329, 4214], [-9309, 4212], [-9291, 4208], [-9276, 4194], [-9287, 4196], [-9295, 4183], [-9304, 4184], [-9325, 4175], [-9335, 4180], [-9343, 4175], [-9346, 4194]]]}, "type": "Feature", "properties": {"name": "Breathitt County", "stateAbbrev": "KY", "state": "Kentucky", "fips": "025", "incits": "21025", "id": "US.KY.025", "population": 13545}}, {"geometry": {"type": "Polygon", "coordinates": [[[-9690, 4232], [-9677, 4240], [-9672, 4254], [-9634, 4227], [-9648, 4204], [-9666, 4202], [-9674, 4207], [-9683, 4201], [-9688, 4211], [-9693, 4226], [-9690, 4232]]]}, "type": "Feature", "properties": {"name": "Breckinridge County", "stateAbbrev": "KY", "state": "Kentucky", "fips": "027", "incits": "21027", "id": "US.KY.027", "population": 20040}}, {"geometry": {"type": "Polygon", "coordinates": [[[-9717, 4161], [-9685, 4182], [-9669, 4173], [-9662, 4156], [-9686, 4158], [-9692, 4137], [-9722, 4145], [-9717, 4161]]]}, "type": "Feature", "properties": {"name": "Butler County", "stateAbbrev": "KY", "state": "Kentucky", "fips": "031", "incits": "21031", "id": "US.KY.031", "population": 12793}}, {"geometry": {"type": "Polygon", "coordinates": [[[-9851, 4158], [-9846, 4164], [-9818, 4180], [-9820, 4177], [-9818, 4164], [-9805, 4154], [-9811, 4138], [-9827, 4133], [-9845, 4157], [-9851, 4158]]]}, "type": "Feature", "properties": {"name": "Caldwell County", "stateAbbrev": "KY", "state": "Kentucky", "fips": "033", "incits": "21033", "id": "US.KY.033", "population": 12823}}, {"geometry": {"type": "Polygon", "coordinates": [[[-9895, 4082], [-9895, 4110], [-9853, 4109], [-9848, 4101], [-9844, 4086], [-9847, 4081], [-9895, 4082]]]}, "type": "Feature", "properties": {"name": "Calloway County", "stateAbbrev": "KY", "state": "Kentucky", "fips": "035", "incits": "21035", "id": "US.KY.035", "population": 37657}}, {"geometry": {"type": "Polygon", "coordinates": [[[-9964, 4131], [-9951, 4129], [-9932, 4132], [-9931, 4132], [-9931, 4112], [-9966, 4113], [-9964, 4131]]]}, "type": "Feature", "properties": {"name": "Carlisle County", "stateAbbrev": "KY", "state": "Kentucky", "fips": "039", "incits": "21039", "id": "US.KY.039", "population": 5001}}, {"geometry": {"type": "Polygon", "coordinates": [[[-9320, 4285], [-9307, 4288], [-9308, 4297], [-9300, 4306], [-9287, 4301], [-9278, 4293], [-9261, 4291], [-9258, 4277], [-9273, 4269], [-9279, 4269], [-9300, 4279], [-9309, 4271], [-9315, 4273], [-9320, 4285]]]}, "type": "Feature", "properties": {"name": "Carter County", "stateAbbrev": "KY", "state": "Kentucky", "fips": "043", "incits": "21043", "id": "US.KY.043", "population": 27202}}, {"geometry": {"type": "Polygon", "coordinates": [[[-9523, 4172], [-9513, 4184], [-9509, 4198], [-9488, 4199], [-9488, 4185], [-9474, 4178], [-9474, 4164], [-9494, 4151], [-9510, 4158], [-9511, 4166], [-9523, 4172]]]}, "type": "Feature", "properties": {"name": "Casey County", "stateAbbrev": "KY", "state": "Kentucky", "fips": "045", "incits": "21045", "id": "US.KY.045", "population": 16067}}, {"geometry": {"type": "Polygon", "coordinates": [[[-9811, 4138], [-9805, 4154], [-9787, 4149], [-9766, 4155], [-9758, 4146], [-9766, 4097], [-9806, 4097], [-9802, 4134], [-9811, 4138]]]}, "type": "Feature", "properties": {"name": "Christian County", "stateAbbrev": "KY", "state": "Kentucky", "fips": "047", "incits": "21047", "id": "US.KY.047", "population": 74167}}, {"geometry": {"type": "Polygon", "coordinates": [[[-9425, 4257], [-9402, 4262], [-9389, 4242], [-9393, 4231], [-9402, 4233], [-9431, 4237], [-9425, 4257]]]}, "type": "Feature", "properties": {"name": "Clark County", "stateAbbrev": "KY", "state": "Kentucky", "fips": "049", "incits": "21049", "id": "US.KY.049", "population": 35614}}, {"geometry": {"type": "Polygon", "coordinates": [[[-9387, 4165], [-9369, 4177], [-9357, 4175], [-9340, 4166], [-9338, 4164], [-9344, 4146], [-9338, 4131], [-9347, 4133], [-9365, 4140], [-9379, 4144], [-9390, 4156], [-9387, 4165]]]}, "type": "Feature", "properties": {"name": "Clay County", "stateAbbrev": "KY", "state": "Kentucky", "fips": "051", "incits": "21051", "id": "US.KY.051", "population": 21364}}, {"geometry": {"type": "Polygon", "coordinates": [[[-9538, 4096], [-9529, 4121], [-9512, 4122], [-9505, 4110], [-9504, 4095], [-9538, 4096]]]}, "type": "Feature", "properties": {"name": "Clinton County", "stateAbbrev": "KY", "state": "Kentucky", "fips": "053", "incits": "21053", "id": "US.KY.053", "population": 10146}}, {"geometry": {"type": "Polygon", "coordinates": [[[-9556, 4131], [-9531, 4129], [-9529, 4121], [-9538, 4096], [-9554, 4095], [-9572, 4117], [-9556, 4131]]]}, "type": "Feature", "properties": {"name": "Cumberland County", "stateAbbrev": "KY", "state": "Kentucky", "fips": "057", "incits": "21057", "id": "US.KY.057", "population": 6789}}, {"geometry": {"type": "Polygon", "coordinates": [[[-9774, 4214], [-9761, 4223], [-9762, 4238], [-9737, 4226], [-9732, 4239], [-9726, 4242], [-9719, 4238], [-9709, 4220], [-9708, 4213], [-9723, 4208], [-9733, 4200], [-9757, 4207], [-9774, 4214]]]}, "type": "Feature", "properties": {"name": "Daviess County", "stateAbbrev": "KY", "state": "Kentucky", "fips": "059", "incits": "21059", "id": "US.KY.059", "population": 98218}}, {"geometry": {"type": "Polygon", "coordinates": [[[-9669, 4173], [-9634, 4175], [-9622, 4162], [-9623, 4156], [-9630, 4144], [-9648, 4147], [-9662, 4156], [-9669, 4173]]]}, "type": "Feature", "properties": {"name": "Edmonson County", "stateAbbrev": "KY", "state": "Kentucky", "fips": "061", "incits": "21061", "id": "US.KY.061", "population": 12062}}, {"geometry": {"type": "Polygon", "coordinates": [[[-9311, 4262], [-9309, 4271], [-9300, 4279], [-9279, 4269], [-9273, 4269], [-9269, 4262], [-9284, 4250], [-9298, 4249], [-9311, 4256], [-9311, 4262]]]}, "type": "Feature", "properties": {"name": "Elliott County", "stateAbbrev": "KY", "state": "Kentucky", "fips": "063", "incits": "21063", "id": "US.KY.063", "population": 7637}}, {"geometry": {"type": "Polygon", "coordinates": [[[-9402, 4233], [-9393, 4231], [-9382, 4222], [-9368, 4222], [-9362, 4218], [-9373, 4211], [-9383, 4198], [-9389, 4203], [-9403, 4201], [-9402, 4233]]]}, "type": "Feature", "properties": {"name": "Estill County", "stateAbbrev": "KY", "state": "Kentucky", "fips": "065", "incits": "21065", "id": "US.KY.065", "population": 14488}}, {"geometry": {"type": "Polygon", "coordinates": [[[-9385, 4304], [-9377, 4300], [-9353, 4308], [-9346, 4297], [-9332, 4292], [-9340, 4278], [-9352, 4270], [-9367, 4282], [-9376, 4283], [-9391, 4298], [-9385, 4304]]]}, "type": "Feature", "properties": {"name": "Fleming County", "stateAbbrev": "KY", "state": "Kentucky", "fips": "069", "incits": "21069", "id": "US.KY.069", "population": 14508}}, {"geometry": {"type": "Polygon", "coordinates": [[[-9275, 4218], [-9255, 4222], [-9241, 4218], [-9233, 4214], [-9239, 4194], [-9235, 4187], [-9249, 4169], [-9255, 4185], [-9273, 4192], [-9269, 4198], [-9275, 4218]]]}, "type": "Feature", "properties": {"name": "Floyd County", "stateAbbrev": "KY", "state": "Kentucky", "fips": "071", "incits": "21071", "id": "US.KY.071", "population": 38728}}, {"geometry": {"type": "Polygon", "coordinates": [[[-9508, 4264], [-9505, 4287], [-9490, 4289], [-9476, 4289], [-9474, 4271], [-9490, 4262], [-9508, 4264]]]}, "type": "Feature", "properties": {"name": "Franklin County", "stateAbbrev": "KY", "state": "Kentucky", "fips": "073", "incits": "21073", "id": "US.KY.073", "population": 49648}}, {"geometry": {"type": "Polygon", "coordinates": [[[-9516, 4253], [-9508, 4264], [-9490, 4262], [-9482, 4246], [-9498, 4244], [-9508, 4237], [-9522, 4238], [-9524, 4246], [-9516, 4253]]]}, "type": "Feature", "properties": {"name": "Anderson County", "stateAbbrev": "KY", "state": "Kentucky", "fips": "005", "incits": "21005", "id": "US.KY.005", "population": 21811}}, {"geometry": {"type": "Polygon", "coordinates": [[[-9972, 4098], [-9955, 4092], [-9942, 4090], [-9934, 4082], [-9999, 4081], [-9994, 4095], [-9981, 4089], [-9972, 4098]]]}, "type": "Feature", "properties": {"name": "Fulton County", "stateAbbrev": "KY", "state": "Kentucky", "fips": "075", "incits": "21075", "id": "US.KY.075", "population": 6385}}, {"geometry": {"type": "Polygon", "coordinates": [[[-9473, 4229], [-9461, 4223], [-9452, 4224], [-9432, 4198], [-9443, 4192], [-9467, 4208], [-9477, 4217], [-9473, 4229]]]}, "type": "Feature", "properties": {"name": "Garrard County", "stateAbbrev": "KY", "state": "Kentucky", "fips": "079", "incits": "21079", "id": "US.KY.079", "population": 16915}}, {"geometry": {"type": "Polygon", "coordinates": [[[-9683, 4201], [-9674, 4207], [-9666, 4202], [-9648, 4204], [-9630, 4201], [-9622, 4188], [-9626, 4176], [-9634, 4175], [-9669, 4173], [-9685, 4182], [-9691, 4198], [-9683, 4201]]]}, "type": "Feature", "properties": {"name": "Grayson County", "stateAbbrev": "KY", "state": "Kentucky", "fips": "085", "incits": "21085", "id": "US.KY.085", "population": 25997}}, {"geometry": {"type": "Polygon", "coordinates": [[[-9579, 4185], [-9570, 4190], [-9559, 4178], [-9545, 4159], [-9564, 4150], [-9576, 4151], [-9582, 4158], [-9583, 4171], [-9579, 4185]]]}, "type": "Feature", "properties": {"name": "Green County", "stateAbbrev": "KY", "state": "Kentucky", "fips": "087", "incits": "21087", "id": "US.KY.087", "population": 11180}}, {"geometry": {"type": "Polygon", "coordinates": [[[-9300, 4306], [-9289, 4316], [-9285, 4330], [-9270, 4334], [-9264, 4315], [-9244, 4306], [-9261, 4291], [-9278, 4293], [-9287, 4301], [-9300, 4306]]]}, "type": "Feature", "properties": {"name": "Greenup County", "stateAbbrev": "KY", "state": "Kentucky", "fips": "089", "incits": "21089", "id": "US.KY.089", "population": 36519}}, {"geometry": {"type": "Polygon", "coordinates": [[[-9336, 4126], [-9314, 4132], [-9302, 4140], [-9295, 4138], [-9275, 4139], [-9267, 4135], [-9268, 4125], [-9290, 4121], [-9303, 4108], [-9333, 4100], [-9337, 4108], [-9336, 4126]]]}, "type": "Feature", "properties": {"name": "Harlan County", "stateAbbrev": "KY", "state": "Kentucky", "fips": "095", "incits": "21095", "id": "US.KY.095", "population": 28499}}, {"geometry": {"type": "Polygon", "coordinates": [[[-9455, 4304], [-9447, 4310], [-9416, 4314], [-9411, 4311], [-9405, 4301], [-9415, 4291], [-9436, 4280], [-9443, 4281], [-9445, 4292], [-9455, 4304]]]}, "type": "Feature", "properties": {"name": "Harrison County", "stateAbbrev": "KY", "state": "Kentucky", "fips": "097", "incits": "21097", "id": "US.KY.097", "population": 18518}}, {"geometry": {"type": "Polygon", "coordinates": [[[-9634, 4175], [-9626, 4176], [-9622, 4188], [-9605, 4187], [-9579, 4185], [-9583, 4171], [-9582, 4158], [-9588, 4156], [-9606, 4154], [-9623, 4156], [-9622, 4162], [-9634, 4175]]]}, "type": "Feature", "properties": {"name": "Hart County", "stateAbbrev": "KY", "state": "Kentucky", "fips": "099", "incits": "21099", "id": "US.KY.099", "population": 18573}}, {"geometry": {"type": "Polygon", "coordinates": [[[-9832, 4238], [-9822, 4236], [-9805, 4239], [-9798, 4231], [-9791, 4241], [-9779, 4243], [-9762, 4238], [-9761, 4223], [-9774, 4214], [-9784, 4210], [-9811, 4209], [-9832, 4238]]]}, "type": "Feature", "properties": {"name": "Henderson County", "stateAbbrev": "KY", "state": "Kentucky", "fips": "101", "incits": "21101", "id": "US.KY.101", "population": 46347}}, {"geometry": {"type": "Polygon", "coordinates": [[[-9540, 4304], [-9524, 4315], [-9513, 4316], [-9508, 4306], [-9492, 4296], [-9490, 4289], [-9505, 4287], [-9537, 4289], [-9540, 4304]]]}, "type": "Feature", "properties": {"name": "Henry County", "stateAbbrev": "KY", "state": "Kentucky", "fips": "103", "incits": "21103", "id": "US.KY.103", "population": 15445}}, {"geometry": {"type": "Polygon", "coordinates": [[[-9966, 4113], [-9931, 4112], [-9932, 4082], [-9934, 4082], [-9942, 4090], [-9955, 4092], [-9972, 4098], [-9975, 4106], [-9966, 4113]]]}, "type": "Feature", "properties": {"name": "Hickman County", "stateAbbrev": "KY", "state": "Kentucky", "fips": "105", "incits": "21105", "id": "US.KY.105", "population": 4745}}, {"geometry": {"type": "Polygon", "coordinates": [[[-9820, 4177], [-9795, 4189], [-9784, 4192], [-9771, 4201], [-9768, 4185], [-9762, 4181], [-9772, 4166], [-9766, 4155], [-9787, 4149], [-9805, 4154], [-9818, 4164], [-9820, 4177]]]}, "type": "Feature", "properties": {"name": "Hopkins County", "stateAbbrev": "KY", "state": "Kentucky", "fips": "107", "incits": "21107", "id": "US.KY.107", "population": 46634}}, {"geometry": {"type": "Polygon", "coordinates": [[[-9416, 4196], [-9403, 4201], [-9389, 4203], [-9383, 4198], [-9380, 4195], [-9369, 4177], [-9387, 4165], [-9409, 4173], [-9416, 4196]]]}, "type": "Feature", "properties": {"name": "Jackson County", "stateAbbrev": "KY", "state": "Kentucky", "fips": "109", "incits": "21109", "id": "US.KY.109", "population": 13427}}, {"geometry": {"type": "Polygon", "coordinates": [[[-9473, 4234], [-9467, 4250], [-9447, 4243], [-9442, 4232], [-9452, 4224], [-9461, 4223], [-9473, 4229], [-9473, 4234]]]}, "type": "Feature", "properties": {"name": "Jessamine County", "stateAbbrev": "KY", "state": "Kentucky", "fips": "113", "incits": "21113", "id": "US.KY.113", "population": 50173}}, {"geometry": {"type": "Polygon", "coordinates": [[[-9282, 4234], [-9280, 4245], [-9276, 4249], [-9238, 4236], [-9245, 4225], [-9241, 4218], [-9255, 4222], [-9275, 4218], [-9282, 4234]]]}, "type": "Feature", "properties": {"name": "Johnson County", "stateAbbrev": "KY", "state": "Kentucky", "fips": "115", "incits": "21115", "id": "US.KY.115", "population": 23449}}, {"geometry": {"type": "Polygon", "coordinates": [[[-9276, 4194], [-9273, 4192], [-9255, 4185], [-9249, 4169], [-9251, 4168], [-9262, 4167], [-9282, 4159], [-9296, 4166], [-9295, 4183], [-9287, 4196], [-9276, 4194]]]}, "type": "Feature", "properties": {"name": "Knott County", "stateAbbrev": "KY", "state": "Kentucky", "fips": "119", "incits": "21119", "id": "US.KY.119", "population": 15976}}, {"geometry": {"type": "Polygon", "coordinates": [[[-9404, 4133], [-9389, 4135], [-9379, 4144], [-9365, 4140], [-9347, 4133], [-9346, 4127], [-9364, 4116], [-9380, 4103], [-9389, 4107], [-9404, 4133]]]}, "type": "Feature", "properties": {"name": "Knox County", "stateAbbrev": "KY", "state": "Kentucky", "fips": "121", "incits": "21121", "id": "US.KY.121", "population": 31790}}, {"geometry": {"type": "Polygon", "coordinates": [[[-9581, 4219], [-9563, 4199], [-9557, 4190], [-9570, 4190], [-9579, 4185], [-9605, 4187], [-9603, 4198], [-9581, 4219]]]}, "type": "Feature", "properties": {"name": "Larue County", "stateAbbrev": "KY", "state": "Kentucky", "fips": "123", "incits": "21123", "id": "US.KY.123", "population": 14064}}, {"geometry": {"type": "Polygon", "coordinates": [[[-9433, 4133], [-9426, 4154], [-9421, 4164], [-9409, 4173], [-9387, 4165], [-9390, 4156], [-9379, 4144], [-9389, 4135], [-9404, 4133], [-9427, 4131], [-9433, 4133]]]}, "type": "Feature", "properties": {"name": "Laurel County", "stateAbbrev": "KY", "state": "Kentucky", "fips": "125", "incits": "21125", "id": "US.KY.125", "population": 59563}}, {"geometry": {"type": "Polygon", "coordinates": [[[-9284, 4250], [-9269, 4262], [-9273, 4269], [-9258, 4277], [-9237, 4277], [-9241, 4265], [-9231, 4257], [-9225, 4243], [-9235, 4244], [-9238, 4236], [-9276, 4249], [-9280, 4245], [-9284, 4250]]]}, "type": "Feature", "properties": {"name": "Lawrence County", "stateAbbrev": "KY", "state": "Kentucky", "fips": "127", "incits": "21127", "id": "US.KY.127", "population": 15856}}, {"geometry": {"type": "Polygon", "coordinates": [[[-9383, 4198], [-9373, 4211], [-9362, 4218], [-9361, 4218], [-9340, 4209], [-9346, 4194], [-9355, 4197], [-9364, 4193], [-9380, 4195], [-9383, 4198]]]}, "type": "Feature", "properties": {"name": "Lee County", "stateAbbrev": "KY", "state": "Kentucky", "fips": "129", "incits": "21129", "id": "US.KY.129", "population": 7260}}, {"geometry": {"type": "Polygon", "coordinates": [[[-9338, 4164], [-9326, 4173], [-9319, 4164], [-9304, 4157], [-9302, 4140], [-9314, 4132], [-9336, 4126], [-9338, 4131], [-9344, 4146], [-9338, 4164]]]}, "type": "Feature", "properties": {"name": "Leslie County", "stateAbbrev": "KY", "state": "Kentucky", "fips": "131", "incits": "21131", "id": "US.KY.131", "population": 11019}}, {"geometry": {"type": "Polygon", "coordinates": [[[-9295, 4138], [-9288, 4140], [-9288, 4150], [-9282, 4159], [-9262, 4167], [-9251, 4168], [-9233, 4159], [-9250, 4151], [-9250, 4144], [-9267, 4135], [-9275, 4139], [-9295, 4138]]]}, "type": "Feature", "properties": {"name": "Letcher County", "stateAbbrev": "KY", "state": "Kentucky", "fips": "133", "incits": "21133", "id": "US.KY.133", "population": 23619}}, {"geometry": {"type": "Polygon", "coordinates": [[[-9354, 4320], [-9340, 4328], [-9322, 4323], [-9313, 4316], [-9299, 4319], [-9285, 4330], [-9289, 4316], [-9300, 4306], [-9308, 4297], [-9307, 4288], [-9320, 4285], [-9332, 4292], [-9346, 4297], [-9353, 4308], [-9354, 4320]]]}, "type": "Feature", "properties": {"name": "Lewis County", "stateAbbrev": "KY", "state": "Kentucky", "fips": "135", "incits": "21135", "id": "US.KY.135", "population": 13806}}, {"geometry": {"type": "Polygon", "coordinates": [[[-9488, 4199], [-9467, 4208], [-9443, 4192], [-9449, 4174], [-9455, 4177], [-9474, 4164], [-9474, 4178], [-9488, 4185], [-9488, 4199]]]}, "type": "Feature", "properties": {"name": "Lincoln County", "stateAbbrev": "KY", "state": "Kentucky", "fips": "137", "incits": "21137", "id": "US.KY.137", "population": 24370}}, {"geometry": {"type": "Polygon", "coordinates": [[[-9735, 4098], [-9735, 4144], [-9722, 4145], [-9692, 4137], [-9685, 4124], [-9694, 4120], [-9702, 4098], [-9735, 4098]]]}, "type": "Feature", "properties": {"name": "Logan County", "stateAbbrev": "KY", "state": "Kentucky", "fips": "141", "incits": "21141", "id": "US.KY.141", "population": 26876}}, {"geometry": {"type": "Polygon", "coordinates": [[[-9867, 4135], [-9862, 4154], [-9851, 4158], [-9845, 4157], [-9827, 4133], [-9858, 4123], [-9867, 4135]]]}, "type": "Feature", "properties": {"name": "Lyon County", "stateAbbrev": "KY", "state": "Kentucky", "fips": "143", "incits": "21143", "id": "US.KY.143", "population": 8451}}, {"geometry": {"type": "Polygon", "coordinates": [[[-9452, 4224], [-9442, 4232], [-9431, 4237], [-9402, 4233], [-9403, 4201], [-9416, 4196], [-9432, 4198], [-9452, 4224]]]}, "type": "Feature", "properties": {"name": "Madison County", "stateAbbrev": "KY", "state": "Kentucky", "fips": "151", "incits": "21151", "id": "US.KY.151", "population": 85590}}, {"geometry": {"type": "Polygon", "coordinates": [[[-9282, 4234], [-9275, 4218], [-9269, 4198], [-9273, 4192], [-9276, 4194], [-9291, 4208], [-9309, 4212], [-9311, 4217], [-9305, 4229], [-9286, 4236], [-9282, 4234]]]}, "type": "Feature", "properties": {"name": "Magoffin County", "stateAbbrev": "KY", "state": "Kentucky", "fips": "153", "incits": "21153", "id": "US.KY.153", "population": 12950}}, {"geometry": {"type": "Polygon", "coordinates": [[[-9563, 4199], [-9550, 4219], [-9544, 4211], [-9534, 4208], [-9508, 4208], [-9509, 4198], [-9513, 4184], [-9523, 4189], [-9533, 4185], [-9544, 4190], [-9557, 4190], [-9563, 4199]]]}, "type": "Feature", "properties": {"name": "Marion County", "stateAbbrev": "KY", "state": "Kentucky", "fips": "155", "incits": "21155", "id": "US.KY.155", "population": 20045}}, {"geometry": {"type": "Polygon", "coordinates": [[[-9895, 4110], [-9895, 4131], [-9895, 4140], [-9881, 4145], [-9867, 4135], [-9858, 4123], [-9853, 4109], [-9895, 4110]]]}, "type": "Feature", "properties": {"name": "Marshall County", "stateAbbrev": "KY", "state": "Kentucky", "fips": "157", "incits": "21157", "id": "US.KY.157", "population": 31107}}, {"geometry": {"type": "Polygon", "coordinates": [[[-9931, 4112], [-9931, 4132], [-9895, 4131], [-9895, 4110], [-9895, 4082], [-9932, 4082], [-9931, 4112]]]}, "type": "Feature", "properties": {"name": "Graves County", "stateAbbrev": "KY", "state": "Kentucky", "fips": "083", "incits": "21083", "id": "US.KY.083", "population": 37451}}, {"geometry": {"type": "Polygon", "coordinates": [[[-9238, 4236], [-9235, 4244], [-9225, 4243], [-9217, 4237], [-9207, 4220], [-9216, 4214], [-9233, 4214], [-9241, 4218], [-9245, 4225], [-9238, 4236]]]}, "type": "Feature", "properties": {"name": "Martin County", "stateAbbrev": "KY", "state": "Kentucky", "fips": "159", "incits": "21159", "id": "US.KY.159", "population": 12647}}, {"geometry": {"type": "Polygon", "coordinates": [[[-9392, 4316], [-9382, 4335], [-9367, 4322], [-9354, 4320], [-9353, 4308], [-9377, 4300], [-9385, 4304], [-9392, 4316]]]}, "type": "Feature", "properties": {"name": "Mason County", "stateAbbrev": "KY", "state": "Kentucky", "fips": "161", "incits": "21161", "id": "US.KY.161", "population": 17278}}, {"geometry": {"type": "Polygon", "coordinates": [[[-9945, 4163], [-9931, 4159], [-9904, 4146], [-9895, 4140], [-9895, 4131], [-9931, 4132], [-9932, 4132], [-9945, 4163]]]}, "type": "Feature", "properties": {"name": "McCracken County", "stateAbbrev": "KY", "state": "Kentucky", "fips": "145", "incits": "21145", "id": "US.KY.145", "population": 65373}}, {"geometry": {"type": "Polygon", "coordinates": [[[-9480, 4093], [-9458, 4123], [-9433, 4133], [-9427, 4131], [-9432, 4113], [-9419, 4092], [-9480, 4093]]]}, "type": "Feature", "properties": {"name": "McCreary County", "stateAbbrev": "KY", "state": "Kentucky", "fips": "147", "incits": "21147", "id": "US.KY.147", "population": 17989}}, {"geometry": {"type": "Polygon", "coordinates": [[[-9784, 4210], [-9774, 4214], [-9757, 4207], [-9733, 4200], [-9740, 4184], [-9762, 4181], [-9768, 4185], [-9771, 4201], [-9784, 4210]]]}, "type": "Feature", "properties": {"name": "McLean County", "stateAbbrev": "KY", "state": "Kentucky", "fips": "149", "incits": "21149", "id": "US.KY.149", "population": 9496}}, {"geometry": {"type": "Polygon", "coordinates": [[[-9672, 4254], [-9653, 4267], [-9647, 4256], [-9637, 4251], [-9617, 4249], [-9614, 4235], [-9618, 4229], [-9634, 4227], [-9672, 4254]]]}, "type": "Feature", "properties": {"name": "Meade County", "stateAbbrev": "KY", "state": "Kentucky", "fips": "163", "incits": "21163", "id": "US.KY.163", "population": 29210}}, {"geometry": {"type": "Polygon", "coordinates": [[[-9366, 4249], [-9346, 4251], [-9337, 4255], [-9330, 4253], [-9337, 4234], [-9352, 4230], [-9367, 4240], [-9366, 4249]]]}, "type": "Feature", "properties": {"name": "Menifee County", "stateAbbrev": "KY", "state": "Kentucky", "fips": "165", "incits": "21165", "id": "US.KY.165", "population": 6288}}, {"geometry": {"type": "Polygon", "coordinates": [[[-9508, 4237], [-9498, 4244], [-9482, 4246], [-9482, 4238], [-9473, 4234], [-9473, 4229], [-9477, 4217], [-9508, 4213], [-9505, 4233], [-9508, 4237]]]}, "type": "Feature", "properties": {"name": "Mercer County", "stateAbbrev": "KY", "state": "Kentucky", "fips": "167", "incits": "21167", "id": "US.KY.167", "population": 21349}}, {"geometry": {"type": "Polygon", "coordinates": [[[-9588, 4156], [-9582, 4158], [-9576, 4151], [-9564, 4150], [-9556, 4131], [-9572, 4117], [-9588, 4120], [-9590, 4150], [-9588, 4156]]]}, "type": "Feature", "properties": {"name": "Metcalfe County", "stateAbbrev": "KY", "state": "Kentucky", "fips": "169", "incits": "21169", "id": "US.KY.169", "population": 9983}}, {"geometry": {"type": "Polygon", "coordinates": [[[-9402, 4262], [-9391, 4271], [-9380, 4265], [-9366, 4249], [-9367, 4240], [-9389, 4242], [-9402, 4262]]]}, "type": "Feature", "properties": {"name": "Montgomery County", "stateAbbrev": "KY", "state": "Kentucky", "fips": "173", "incits": "21173", "id": "US.KY.173", "population": 27251}}, {"geometry": {"type": "Polygon", "coordinates": [[[-9391, 4271], [-9376, 4283], [-9367, 4282], [-9352, 4270], [-9344, 4266], [-9337, 4255], [-9346, 4251], [-9366, 4249], [-9380, 4265], [-9391, 4271]]]}, "type": "Feature", "properties": {"name": "Bath County", "stateAbbrev": "KY", "state": "Kentucky", "fips": "011", "incits": "21011", "id": "US.KY.011", "population": 11961}}, {"geometry": {"type": "Polygon", "coordinates": [[[-9330, 4253], [-9311, 4262], [-9311, 4256], [-9298, 4249], [-9284, 4250], [-9280, 4245], [-9282, 4234], [-9286, 4236], [-9305, 4229], [-9311, 4217], [-9325, 4228], [-9337, 4234], [-9330, 4253]]]}, "type": "Feature", "properties": {"name": "Morgan County", "stateAbbrev": "KY", "state": "Kentucky", "fips": "175", "incits": "21175", "id": "US.KY.175", "population": 13380}}, {"geometry": {"type": "Polygon", "coordinates": [[[-9762, 4181], [-9740, 4184], [-9730, 4177], [-9727, 4168], [-9717, 4161], [-9722, 4145], [-9735, 4144], [-9758, 4146], [-9766, 4155], [-9772, 4166], [-9762, 4181]]]}, "type": "Feature", "properties": {"name": "Muhlenberg County", "stateAbbrev": "KY", "state": "Kentucky", "fips": "177", "incits": "21177", "id": "US.KY.177", "population": 31179}}, {"geometry": {"type": "Polygon", "coordinates": [[[-9588, 4228], [-9571, 4235], [-9560, 4248], [-9550, 4243], [-9524, 4246], [-9522, 4238], [-9538, 4231], [-9550, 4219], [-9563, 4199], [-9581, 4219], [-9588, 4228]]]}, "type": "Feature", "properties": {"name": "Nelson County", "stateAbbrev": "KY", "state": "Kentucky", "fips": "179", "incits": "21179", "id": "US.KY.179", "population": 44540}}, {"geometry": {"type": "Polygon", "coordinates": [[[-9415, 4291], [-9405, 4301], [-9391, 4298], [-9376, 4283], [-9391, 4271], [-9405, 4279], [-9415, 4291]]]}, "type": "Feature", "properties": {"name": "Nicholas County", "stateAbbrev": "KY", "state": "Kentucky", "fips": "181", "incits": "21181", "id": "US.KY.181", "population": 7039}}, {"geometry": {"type": "Polygon", "coordinates": [[[-9740, 4184], [-9733, 4200], [-9723, 4208], [-9708, 4213], [-9709, 4220], [-9688, 4211], [-9683, 4201], [-9691, 4198], [-9685, 4182], [-9717, 4161], [-9727, 4168], [-9730, 4177], [-9740, 4184]]]}, "type": "Feature", "properties": {"name": "Ohio County", "stateAbbrev": "KY", "state": "Kentucky", "fips": "183", "incits": "21183", "id": "US.KY.183", "population": 23988}}, {"geometry": {"type": "Polygon", "coordinates": [[[-9513, 4316], [-9498, 4323], [-9481, 4330], [-9480, 4318], [-9458, 4302], [-9476, 4289], [-9490, 4289], [-9492, 4296], [-9508, 4306], [-9513, 4316]]]}, "type": "Feature", "properties": {"name": "Owen County", "stateAbbrev": "KY", "state": "Kentucky", "fips": "187", "incits": "21187", "id": "US.KY.187", "population": 10662}}, {"geometry": {"type": "Polygon", "coordinates": [[[-9481, 4330], [-9467, 4336], [-9462, 4339], [-9453, 4338], [-9447, 4310], [-9455, 4304], [-9458, 4302], [-9480, 4318], [-9481, 4330]]]}, "type": "Feature", "properties": {"name": "Grant County", "stateAbbrev": "KY", "state": "Kentucky", "fips": "081", "incits": "21081", "id": "US.KY.081", "population": 24753}}, {"geometry": {"type": "Polygon", "coordinates": [[[-9380, 4195], [-9364, 4193], [-9355, 4197], [-9346, 4194], [-9343, 4175], [-9340, 4166], [-9357, 4175], [-9369, 4177], [-9380, 4195]]]}, "type": "Feature", "properties": {"name": "Owsley County", "stateAbbrev": "KY", "state": "Kentucky", "fips": "189", "incits": "21189", "id": "US.KY.189", "population": 4654}}, {"geometry": {"type": "Polygon", "coordinates": [[[-9343, 4175], [-9335, 4180], [-9325, 4175], [-9304, 4184], [-9295, 4183], [-9296, 4166], [-9282, 4159], [-9288, 4150], [-9288, 4140], [-9295, 4138], [-9302, 4140], [-9304, 4157], [-9319, 4164], [-9326, 4173], [-9338, 4164], [-9340, 4166], [-9343, 4175]]]}, "type": "Feature", "properties": {"name": "Perry County", "stateAbbrev": "KY", "state": "Kentucky", "fips": "193", "incits": "21193", "id": "US.KY.193", "population": 28010}}, {"geometry": {"type": "Polygon", "coordinates": [[[-9251, 4168], [-9249, 4169], [-9235, 4187], [-9239, 4194], [-9233, 4214], [-9216, 4214], [-9207, 4220], [-9183, 4199], [-9166, 4198], [-9209, 4167], [-9233, 4159], [-9251, 4168]]]}, "type": "Feature", "properties": {"name": "Pike County", "stateAbbrev": "KY", "state": "Kentucky", "fips": "195", "incits": "21195", "id": "US.KY.195", "population": 63380}}, {"geometry": {"type": "Polygon", "coordinates": [[[-9389, 4242], [-9367, 4240], [-9352, 4230], [-9361, 4218], [-9362, 4218], [-9368, 4222], [-9382, 4222], [-9393, 4231], [-9389, 4242]]]}, "type": "Feature", "properties": {"name": "Powell County", "stateAbbrev": "KY", "state": "Kentucky", "fips": "197", "incits": "21197", "id": "US.KY.197", "population": 12494}}, {"geometry": {"type": "Polygon", "coordinates": [[[-9494, 4151], [-9474, 4164], [-9455, 4177], [-9449, 4174], [-9426, 4154], [-9433, 4133], [-9458, 4123], [-9470, 4136], [-9487, 4137], [-9494, 4143], [-9494, 4151]]]}, "type": "Feature", "properties": {"name": "Pulaski County", "stateAbbrev": "KY", "state": "Kentucky", "fips": "199", "incits": "21199", "id": "US.KY.199", "population": 63907}}, {"geometry": {"type": "Polygon", "coordinates": [[[-9411, 4311], [-9392, 4316], [-9385, 4304], [-9391, 4298], [-9405, 4301], [-9411, 4311]]]}, "type": "Feature", "properties": {"name": "Robertson County", "stateAbbrev": "KY", "state": "Kentucky", "fips": "201", "incits": "21201", "id": "US.KY.201", "population": 2235}}, {"geometry": {"type": "Polygon", "coordinates": [[[-9449, 4174], [-9443, 4192], [-9432, 4198], [-9416, 4196], [-9409, 4173], [-9421, 4164], [-9426, 4154], [-9449, 4174]]]}, "type": "Feature", "properties": {"name": "Rockcastle County", "stateAbbrev": "KY", "state": "Kentucky", "fips": "203", "incits": "21203", "id": "US.KY.203", "population": 16693}}, {"geometry": {"type": "Polygon", "coordinates": [[[-9352, 4270], [-9340, 4278], [-9332, 4292], [-9320, 4285], [-9315, 4273], [-9309, 4271], [-9311, 4262], [-9330, 4253], [-9337, 4255], [-9344, 4266], [-9352, 4270]]]}, "type": "Feature", "properties": {"name": "Rowan County", "stateAbbrev": "KY", "state": "Kentucky", "fips": "205", "incits": "21205", "id": "US.KY.205", "population": 23527}}, {"geometry": {"type": "Polygon", "coordinates": [[[-9531, 4129], [-9528, 4138], [-9510, 4158], [-9494, 4151], [-9494, 4143], [-9487, 4137], [-9512, 4122], [-9529, 4121], [-9531, 4129]]]}, "type": "Feature", "properties": {"name": "Russell County", "stateAbbrev": "KY", "state": "Kentucky", "fips": "207", "incits": "21207", "id": "US.KY.207", "population": 17752}}, {"geometry": {"type": "Polygon", "coordinates": [[[-9476, 4289], [-9458, 4302], [-9455, 4304], [-9445, 4292], [-9443, 4281], [-9438, 4273], [-9463, 4262], [-9474, 4271], [-9476, 4289]]]}, "type": "Feature", "properties": {"name": "Scott County", "stateAbbrev": "KY", "state": "Kentucky", "fips": "209", "incits": "21209", "id": "US.KY.209", "population": 49947}}, {"geometry": {"type": "Polygon", "coordinates": [[[-9702, 4098], [-9694, 4120], [-9685, 4124], [-9682, 4118], [-9662, 4112], [-9663, 4098], [-9702, 4098]]]}, "type": "Feature", "properties": {"name": "Simpson County", "stateAbbrev": "KY", "state": "Kentucky", "fips": "213", "incits": "21213", "id": "US.KY.213", "population": 17793}}, {"geometry": {"type": "Polygon", "coordinates": [[[-9570, 4190], [-9557, 4190], [-9544, 4190], [-9533, 4185], [-9523, 4189], [-9513, 4184], [-9523, 4172], [-9545, 4159], [-9559, 4178], [-9570, 4190]]]}, "type": "Feature", "properties": {"name": "Taylor County", "stateAbbrev": "KY", "state": "Kentucky", "fips": "217", "incits": "21217", "id": "US.KY.217", "population": 24649}}, {"geometry": {"type": "Polygon", "coordinates": [[[-9766, 4097], [-9758, 4146], [-9735, 4144], [-9735, 4098], [-9766, 4097]]]}, "type": "Feature", "properties": {"name": "Todd County", "stateAbbrev": "KY", "state": "Kentucky", "fips": "219", "incits": "21219", "id": "US.KY.219", "population": 12503}}, {"geometry": {"type": "Polygon", "coordinates": [[[-9858, 4123], [-9827, 4133], [-9811, 4138], [-9802, 4134], [-9806, 4097], [-9848, 4101], [-9853, 4109], [-9858, 4123]]]}, "type": "Feature", "properties": {"name": "Trigg County", "stateAbbrev": "KY", "state": "Kentucky", "fips": "221", "incits": "21221", "id": "US.KY.221", "population": 14293}}, {"geometry": {"type": "Polygon", "coordinates": [[[-9692, 4137], [-9686, 4158], [-9662, 4156], [-9648, 4147], [-9630, 4144], [-9635, 4130], [-9662, 4112], [-9682, 4118], [-9685, 4124], [-9692, 4137]]]}, "type": "Feature", "properties": {"name": "Warren County", "stateAbbrev": "KY", "state": "Kentucky", "fips": "227", "incits": "21227", "id": "US.KY.227", "population": 118370}}, {"geometry": {"type": "Polygon", "coordinates": [[[-9550, 4219], [-9538, 4231], [-9522, 4238], [-9508, 4237], [-9505, 4233], [-9508, 4213], [-9508, 4208], [-9534, 4208], [-9544, 4211], [-9550, 4219]]]}, "type": "Feature", "properties": {"name": "Washington County", "stateAbbrev": "KY", "state": "Kentucky", "fips": "229", "incits": "21229", "id": "US.KY.229", "population": 11875}}, {"geometry": {"type": "Polygon", "coordinates": [[[-9512, 4122], [-9487, 4137], [-9470, 4136], [-9458, 4123], [-9480, 4093], [-9504, 4095], [-9505, 4110], [-9512, 4122]]]}, "type": "Feature", "properties": {"name": "Wayne County", "stateAbbrev": "KY", "state": "Kentucky", "fips": "231", "incits": "21231", "id": "US.KY.231", "population": 20678}}, {"geometry": {"type": "Polygon", "coordinates": [[[-9833, 4191], [-9811, 4209], [-9784, 4210], [-9771, 4201], [-9784, 4192], [-9795, 4189], [-9820, 4177], [-9818, 4180], [-9833, 4191]]]}, "type": "Feature", "properties": {"name": "Webster County", "stateAbbrev": "KY", "state": "Kentucky", "fips": "233", "incits": "21233", "id": "US.KY.233", "population": 13452}}, {"geometry": {"type": "Polygon", "coordinates": [[[-9427, 4131], [-9404, 4133], [-9389, 4107], [-9380, 4103], [-9385, 4091], [-9419, 4092], [-9432, 4113], [-9427, 4131]]]}, "type": "Feature", "properties": {"name": "Whitley County", "stateAbbrev": "KY", "state": "Kentucky", "fips": "235", "incits": "21235", "id": "US.KY.235", "population": 35766}}, {"geometry": {"type": "Polygon", "coordinates": [[[-9361, 4218], [-9352, 4230], [-9337, 4234], [-9325, 4228], [-9311, 4217], [-9309, 4212], [-9329, 4214], [-9340, 4209], [-9361, 4218]]]}, "type": "Feature", "properties": {"name": "Wolfe County", "stateAbbrev": "KY", "state": "Kentucky", "fips": "237", "incits": "21237", "id": "US.KY.237", "population": 7248}}, {"geometry": {"type": "Polygon", "coordinates": [[[-9474, 4271], [-9463, 4262], [-9467, 4250], [-9473, 4234], [-9482, 4238], [-9482, 4246], [-9490, 4262], [-9474, 4271]]]}, "type": "Feature", "properties": {"name": "Woodford County", "stateAbbrev": "KY", "state": "Kentucky", "fips": "239", "incits": "21239", "id": "US.KY.239", "population": 25275}}, {"geometry": {"type": "Polygon", "coordinates": [[[-9614, 4106], [-9588, 4120], [-9572, 4117], [-9554, 4095], [-9614, 4096], [-9614, 4106]]]}, "type": "Feature", "properties": {"name": "Monroe County", "stateAbbrev": "KY", "state": "Kentucky", "fips": "171", "incits": "21171", "id": "US.KY.171", "population": 10681}}], "ac-tx": {"default": {"crs": "wsg84", "scale": 111.82400714347727, "xoffset": 0, "yoffset": 0}}}