{"crs": {"type": "name", "properties": {"name": "urn:ogc:def:crs:EPSG:4326"}}, "type": "FeatureCollection", "features": [{"geometry": {"type": "Polygon", "coordinates": [[[-9958, 4688], [-9898, 4688], [-9897, 4688], [-9897, 4670], [-9884, 4670], [-9884, 4652], [-9883, 4646], [-9901, 4651], [-9902, 4653], [-9914, 4654], [-9919, 4655], [-9919, 4658], [-9922, 4664], [-9936, 4670], [-9942, 4670], [-9947, 4675], [-9951, 4681], [-9958, 4688]]]}, "type": "Feature", "properties": {"name": "Big Stone County", "stateAbbrev": "MN", "state": "Minnesota", "fips": "011", "incits": "27011", "id": "US.MN.011", "population": 5122}}, {"geometry": {"type": "Polygon", "coordinates": [[[-9919, 4545], [-9919, 4590], [-9881, 4590], [-9880, 4581], [-9880, 4545], [-9919, 4545]]]}, "type": "Feature", "properties": {"name": "Lincoln County", "stateAbbrev": "MN", "state": "Minnesota", "fips": "081", "incits": "27081", "id": "US.MN.081", "population": 5830}}, {"geometry": {"type": "Polygon", "coordinates": [[[-9919, 4545], [-9880, 4545], [-9879, 4545], [-9879, 4509], [-9919, 4509], [-9919, 4545]]]}, "type": "Feature", "properties": {"name": "Pipestone County", "stateAbbrev": "MN", "state": "Minnesota", "fips": "117", "incits": "27117", "id": "US.MN.117", "population": 9270}}, {"geometry": {"type": "Polygon", "coordinates": [[[-9919, 4509], [-9879, 4509], [-9877, 4509], [-9878, 4473], [-9919, 4473], [-9919, 4509]]]}, "type": "Feature", "properties": {"name": "Rock County", "stateAbbrev": "MN", "state": "Minnesota", "fips": "133", "incits": "27133", "id": "US.MN.133", "population": 9520}}, {"geometry": {"type": "Polygon", "coordinates": [[[-9931, 4733], [-9899, 4733], [-9898, 4724], [-9898, 4706], [-9898, 4688], [-9958, 4688], [-9960, 4690], [-9959, 4694], [-9949, 4699], [-9941, 4703], [-9932, 4712], [-9930, 4724], [-9931, 4733]]]}, "type": "Feature", "properties": {"name": "Traverse County", "stateAbbrev": "MN", "state": "Minnesota", "fips": "155", "incits": "27155", "id": "US.MN.155", "population": 3445}}, {"geometry": {"type": "Polygon", "coordinates": [[[-9919, 4608], [-9856, 4608], [-9856, 4616], [-9845, 4616], [-9845, 4621], [-9843, 4618], [-9838, 4617], [-9832, 4612], [-9828, 4611], [-9820, 4606], [-9818, 4602], [-9811, 4600], [-9806, 4597], [-9806, 4581], [-9830, 4581], [-9831, 4590], [-9881, 4590], [-9919, 4590], [-9919, 4608]]]}, "type": "Feature", "properties": {"name": "Yellow Medicine County", "stateAbbrev": "MN", "state": "Minnesota", "fips": "173", "incits": "27173", "id": "US.MN.173", "population": 10143}}, {"geometry": {"type": "Polygon", "coordinates": [[[-9959, 4849], [-9892, 4849], [-9892, 4831], [-9890, 4831], [-9890, 4804], [-9890, 4795], [-9901, 4795], [-9953, 4795], [-9953, 4808], [-9955, 4814], [-9952, 4818], [-9954, 4829], [-9958, 4834], [-9956, 4838], [-9956, 4845], [-9959, 4849]]]}, "type": "Feature", "properties": {"name": "Clay County", "stateAbbrev": "MN", "state": "Minnesota", "fips": "027", "incits": "27027", "id": "US.MN.027", "population": 60661}}, {"geometry": {"type": "Polygon", "coordinates": [[[-9914, 5039], [-9914, 5010], [-9912, 5010], [-9912, 4992], [-9958, 4992], [-9992, 4992], [-9989, 4999], [-9985, 5004], [-9986, 5009], [-9991, 5013], [-9993, 5020], [-9993, 5026], [-9999, 5034], [-9998, 5039], [-9914, 5039]]]}, "type": "Feature", "properties": {"name": "Kittson County", "stateAbbrev": "MN", "state": "Minnesota", "fips": "069", "incits": "27069", "id": "US.MN.069", "population": 4503}}, {"geometry": {"type": "Polygon", "coordinates": [[[-9992, 4992], [-9958, 4992], [-9912, 4992], [-9831, 4992], [-9830, 4974], [-9830, 4954], [-9924, 4954], [-9990, 4954], [-9989, 4960], [-9987, 4965], [-9988, 4971], [-9991, 4977], [-9988, 4978], [-9988, 4983], [-9991, 4985], [-9989, 4991], [-9992, 4992]]]}, "type": "Feature", "properties": {"name": "Marshall County", "stateAbbrev": "MN", "state": "Minnesota", "fips": "089", "incits": "27089", "id": "US.MN.089", "population": 9425}}, {"geometry": {"type": "Polygon", "coordinates": [[[-9960, 4885], [-9879, 4885], [-9879, 4849], [-9892, 4849], [-9959, 4849], [-9957, 4849], [-9959, 4863], [-9958, 4868], [-9961, 4876], [-9960, 4885]]]}, "type": "Feature", "properties": {"name": "Norman County", "stateAbbrev": "MN", "state": "Minnesota", "fips": "107", "incits": "27107", "id": "US.MN.107", "population": 6631}}, {"geometry": {"type": "Polygon", "coordinates": [[[-9924, 4954], [-9830, 4954], [-9829, 4938], [-9829, 4929], [-9843, 4929], [-9843, 4933], [-9922, 4932], [-9924, 4938], [-9924, 4954]]]}, "type": "Feature", "properties": {"name": "Pennington County", "stateAbbrev": "MN", "state": "Minnesota", "fips": "113", "incits": "27113", "id": "US.MN.113", "population": 14118}}, {"geometry": {"type": "Polygon", "coordinates": [[[-9990, 4954], [-9924, 4954], [-9924, 4938], [-9922, 4932], [-9922, 4920], [-9908, 4920], [-9908, 4912], [-9856, 4911], [-9856, 4920], [-9842, 4921], [-9843, 4929], [-9829, 4929], [-9829, 4902], [-9826, 4902], [-9826, 4885], [-9879, 4885], [-9960, 4885], [-9959, 4894], [-9962, 4897], [-9963, 4902], [-9968, 4909], [-9968, 4912], [-9972, 4916], [-9980, 4930], [-9983, 4941], [-9990, 4951], [-9990, 4954]]]}, "type": "Feature", "properties": {"name": "Polk County", "stateAbbrev": "MN", "state": "Minnesota", "fips": "119", "incits": "27119", "id": "US.MN.119", "population": 31569}}, {"geometry": {"type": "Polygon", "coordinates": [[[-9922, 4932], [-9843, 4933], [-9843, 4929], [-9842, 4921], [-9856, 4920], [-9856, 4911], [-9908, 4912], [-9908, 4920], [-9922, 4920], [-9922, 4932]]]}, "type": "Feature", "properties": {"name": "Red Lake County", "stateAbbrev": "MN", "state": "Minnesota", "fips": "125", "incits": "27125", "id": "US.MN.125", "population": 4057}}, {"geometry": {"type": "Polygon", "coordinates": [[[-9953, 4795], [-9901, 4795], [-9901, 4760], [-9899, 4760], [-9900, 4742], [-9899, 4733], [-9931, 4733], [-9929, 4737], [-9930, 4742], [-9933, 4749], [-9934, 4764], [-9941, 4769], [-9946, 4776], [-9949, 4791], [-9953, 4795]]]}, "type": "Feature", "properties": {"name": "Wilkin County", "stateAbbrev": "MN", "state": "Minnesota", "fips": "167", "incits": "27167", "id": "US.MN.167", "population": 6557}}, {"geometry": {"type": "Polygon", "coordinates": [[[-9878, 4473], [-9877, 4509], [-9817, 4509], [-9816, 4509], [-9816, 4473], [-9878, 4473]]]}, "type": "Feature", "properties": {"name": "Nobles County", "stateAbbrev": "MN", "state": "Minnesota", "fips": "105", "incits": "27105", "id": "US.MN.105", "population": 21617}}, {"geometry": {"type": "Polygon", "coordinates": [[[-9507, 4473], [-9507, 4508], [-9507, 4509], [-9469, 4509], [-9433, 4509], [-9433, 4473], [-9507, 4473]]]}, "type": "Feature", "properties": {"name": "Fillmore County", "stateAbbrev": "MN", "state": "Minnesota", "fips": "045", "incits": "27045", "id": "US.MN.045", "population": 20835}}, {"geometry": {"type": "Polygon", "coordinates": [[[-9433, 4473], [-9433, 4509], [-9388, 4509], [-9383, 4502], [-9386, 4495], [-9386, 4485], [-9382, 4482], [-9383, 4478], [-9380, 4473], [-9433, 4473]]]}, "type": "Feature", "properties": {"name": "Houston County", "stateAbbrev": "MN", "state": "Minnesota", "fips": "055", "incits": "27055", "id": "US.MN.055", "population": 18799}}, {"geometry": {"type": "Polygon", "coordinates": [[[-9692, 4473], [-9692, 4509], [-9643, 4509], [-9630, 4509], [-9630, 4473], [-9692, 4473]]]}, "type": "Feature", "properties": {"name": "Faribault County", "stateAbbrev": "MN", "state": "Minnesota", "fips": "043", "incits": "27043", "id": "US.MN.043", "population": 14191}}, {"geometry": {"type": "Polygon", "coordinates": [[[-9630, 4473], [-9630, 4509], [-9605, 4509], [-9569, 4509], [-9569, 4473], [-9630, 4473]]]}, "type": "Feature", "properties": {"name": "Freeborn County", "stateAbbrev": "MN", "state": "Minnesota", "fips": "047", "incits": "27047", "id": "US.MN.047", "population": 30948}}, {"geometry": {"type": "Polygon", "coordinates": [[[-9816, 4473], [-9816, 4509], [-9755, 4509], [-9754, 4509], [-9755, 4473], [-9816, 4473]]]}, "type": "Feature", "properties": {"name": "Jackson County", "stateAbbrev": "MN", "state": "Minnesota", "fips": "063", "incits": "27063", "id": "US.MN.063", "population": 10260}}, {"geometry": {"type": "Polygon", "coordinates": [[[-9755, 4473], [-9754, 4509], [-9705, 4509], [-9692, 4509], [-9692, 4473], [-9755, 4473]]]}, "type": "Feature", "properties": {"name": "Martin County", "stateAbbrev": "MN", "state": "Minnesota", "fips": "091", "incits": "27091", "id": "US.MN.091", "population": 20422}}, {"geometry": {"type": "Polygon", "coordinates": [[[-9569, 4509], [-9568, 4509], [-9532, 4509], [-9532, 4508], [-9507, 4508], [-9507, 4473], [-9569, 4473], [-9569, 4509]]]}, "type": "Feature", "properties": {"name": "Mower County", "stateAbbrev": "MN", "state": "Minnesota", "fips": "099", "incits": "27099", "id": "US.MN.099", "population": 39327}}, {"geometry": {"type": "Polygon", "coordinates": [[[-9848, 4741], [-9784, 4741], [-9784, 4723], [-9784, 4707], [-9784, 4706], [-9847, 4706], [-9847, 4724], [-9848, 4741]]]}, "type": "Feature", "properties": {"name": "Douglas County", "stateAbbrev": "MN", "state": "Minnesota", "fips": "041", "incits": "27041", "id": "US.MN.041", "population": 36545}}, {"geometry": {"type": "Polygon", "coordinates": [[[-9900, 4742], [-9848, 4741], [-9847, 4724], [-9847, 4706], [-9898, 4706], [-9898, 4724], [-9899, 4733], [-9900, 4742]]]}, "type": "Feature", "properties": {"name": "Grant County", "stateAbbrev": "MN", "state": "Minnesota", "fips": "051", "incits": "27051", "id": "US.MN.051", "population": 5989}}, {"geometry": {"type": "Polygon", "coordinates": [[[-9795, 4670], [-9783, 4670], [-9745, 4670], [-9745, 4661], [-9744, 4652], [-9744, 4617], [-9795, 4616], [-9795, 4643], [-9795, 4652], [-9795, 4670]]]}, "type": "Feature", "properties": {"name": "Kandiyohi County", "stateAbbrev": "MN", "state": "Minnesota", "fips": "067", "incits": "27067", "id": "US.MN.067", "population": 42410}}, {"geometry": {"type": "Polygon", "coordinates": [[[-9784, 4707], [-9733, 4707], [-9695, 4707], [-9693, 4704], [-9689, 4702], [-9687, 4696], [-9687, 4691], [-9682, 4685], [-9681, 4679], [-9676, 4674], [-9671, 4671], [-9678, 4661], [-9683, 4659], [-9686, 4660], [-9693, 4659], [-9693, 4657], [-9706, 4657], [-9706, 4661], [-9745, 4661], [-9745, 4670], [-9783, 4670], [-9783, 4688], [-9784, 4706], [-9784, 4707]]]}, "type": "Feature", "properties": {"name": "Stearns County", "stateAbbrev": "MN", "state": "Minnesota", "fips": "145", "incits": "27145", "id": "US.MN.145", "population": 152092}}, {"geometry": {"type": "Polygon", "coordinates": [[[-9733, 4766], [-9723, 4762], [-9711, 4764], [-9702, 4759], [-9707, 4752], [-9705, 4746], [-9647, 4746], [-9647, 4728], [-9642, 4728], [-9642, 4712], [-9665, 4712], [-9703, 4712], [-9695, 4707], [-9733, 4707], [-9733, 4723], [-9733, 4760], [-9733, 4766]]]}, "type": "Feature", "properties": {"name": "Morrison County", "stateAbbrev": "MN", "state": "Minnesota", "fips": "097", "incits": "27097", "id": "US.MN.097", "population": 32872}}, {"geometry": {"type": "Polygon", "coordinates": [[[-9901, 4795], [-9890, 4795], [-9890, 4804], [-9873, 4804], [-9786, 4804], [-9785, 4795], [-9785, 4769], [-9784, 4759], [-9784, 4741], [-9848, 4741], [-9900, 4742], [-9899, 4760], [-9901, 4760], [-9901, 4795]]]}, "type": "Feature", "properties": {"name": "Otter Tail County", "stateAbbrev": "MN", "state": "Minnesota", "fips": "111", "incits": "27111", "id": "US.MN.111", "population": 57581}}, {"geometry": {"type": "Polygon", "coordinates": [[[-9847, 4706], [-9784, 4706], [-9783, 4688], [-9783, 4670], [-9795, 4670], [-9846, 4670], [-9847, 4688], [-9847, 4706]]]}, "type": "Feature", "properties": {"name": "Pope County", "stateAbbrev": "MN", "state": "Minnesota", "fips": "121", "incits": "27121", "id": "US.MN.121", "population": 10932}}, {"geometry": {"type": "Polygon", "coordinates": [[[-9682, 4685], [-9642, 4685], [-9616, 4685], [-9616, 4670], [-9616, 4653], [-9617, 4653], [-9622, 4658], [-9642, 4658], [-9652, 4662], [-9659, 4667], [-9662, 4666], [-9671, 4671], [-9676, 4674], [-9681, 4679], [-9682, 4685]]]}, "type": "Feature", "properties": {"name": "Sherburne County", "stateAbbrev": "MN", "state": "Minnesota", "fips": "141", "incits": "27141", "id": "US.MN.141", "population": 90158}}, {"geometry": {"type": "Polygon", "coordinates": [[[-9898, 4706], [-9847, 4706], [-9847, 4688], [-9846, 4670], [-9884, 4670], [-9897, 4670], [-9897, 4688], [-9898, 4688], [-9898, 4706]]]}, "type": "Feature", "properties": {"name": "Stevens County", "stateAbbrev": "MN", "state": "Minnesota", "fips": "149", "incits": "27149", "id": "US.MN.149", "population": 9735}}, {"geometry": {"type": "Polygon", "coordinates": [[[-9884, 4670], [-9846, 4670], [-9795, 4670], [-9795, 4652], [-9795, 4643], [-9876, 4643], [-9883, 4646], [-9884, 4652], [-9884, 4670]]]}, "type": "Feature", "properties": {"name": "Swift County", "stateAbbrev": "MN", "state": "Minnesota", "fips": "151", "incits": "27151", "id": "US.MN.151", "population": 9546}}, {"geometry": {"type": "Polygon", "coordinates": [[[-9785, 4769], [-9742, 4768], [-9733, 4766], [-9733, 4760], [-9733, 4723], [-9733, 4707], [-9784, 4707], [-9784, 4723], [-9784, 4741], [-9784, 4759], [-9785, 4769]]]}, "type": "Feature", "properties": {"name": "Todd County", "stateAbbrev": "MN", "state": "Minnesota", "fips": "153", "incits": "27153", "id": "US.MN.153", "population": 24382}}, {"geometry": {"type": "Polygon", "coordinates": [[[-9642, 4712], [-9642, 4685], [-9682, 4685], [-9687, 4691], [-9687, 4696], [-9689, 4702], [-9693, 4704], [-9695, 4707], [-9703, 4712], [-9665, 4712], [-9642, 4712]]]}, "type": "Feature", "properties": {"name": "Benton County", "stateAbbrev": "MN", "state": "Minnesota", "fips": "009", "incits": "27009", "id": "US.MN.009", "population": 39214}}, {"geometry": {"type": "Polygon", "coordinates": [[[-9647, 4746], [-9647, 4755], [-9608, 4755], [-9608, 4746], [-9608, 4728], [-9617, 4728], [-9616, 4703], [-9616, 4685], [-9642, 4685], [-9642, 4712], [-9642, 4728], [-9647, 4728], [-9647, 4746]]]}, "type": "Feature", "properties": {"name": "Mille Lacs County", "stateAbbrev": "MN", "state": "Minnesota", "fips": "095", "incits": "27095", "id": "US.MN.095", "population": 25833}}, {"geometry": {"type": "Polygon", "coordinates": [[[-9745, 4661], [-9706, 4661], [-9706, 4657], [-9693, 4657], [-9693, 4651], [-9693, 4625], [-9718, 4625], [-9718, 4617], [-9744, 4617], [-9744, 4652], [-9745, 4661]]]}, "type": "Feature", "properties": {"name": "Meeker County", "stateAbbrev": "MN", "state": "Minnesota", "fips": "093", "incits": "27093", "id": "US.MN.093", "population": 23119}}, {"geometry": {"type": "Polygon", "coordinates": [[[-9795, 4616], [-9744, 4617], [-9718, 4617], [-9717, 4599], [-9731, 4599], [-9730, 4572], [-9748, 4572], [-9755, 4576], [-9768, 4581], [-9770, 4580], [-9794, 4593], [-9798, 4593], [-9802, 4596], [-9806, 4597], [-9811, 4600], [-9818, 4602], [-9819, 4616], [-9795, 4616]]]}, "type": "Feature", "properties": {"name": "Renville County", "stateAbbrev": "MN", "state": "Minnesota", "fips": "129", "incits": "27129", "id": "US.MN.129", "population": 15166}}, {"geometry": {"type": "Polygon", "coordinates": [[[-9643, 4813], [-9643, 4836], [-9624, 4836], [-9570, 4836], [-9570, 4809], [-9569, 4791], [-9569, 4773], [-9569, 4747], [-9588, 4747], [-9608, 4746], [-9608, 4755], [-9647, 4755], [-9647, 4790], [-9643, 4791], [-9643, 4813]]]}, "type": "Feature", "properties": {"name": "Aitkin County", "stateAbbrev": "MN", "state": "Minnesota", "fips": "001", "incits": "27001", "id": "US.MN.001", "population": 15742}}, {"geometry": {"type": "Polygon", "coordinates": [[[-9616, 4653], [-9616, 4670], [-9566, 4670], [-9566, 4658], [-9566, 4640], [-9587, 4640], [-9587, 4631], [-9593, 4631], [-9592, 4638], [-9595, 4642], [-9607, 4649], [-9616, 4653]]]}, "type": "Feature", "properties": {"name": "Anoka County", "stateAbbrev": "MN", "state": "Minnesota", "fips": "003", "incits": "27003", "id": "US.MN.003", "population": 339534}}, {"geometry": {"type": "Polygon", "coordinates": [[[-9780, 4545], [-9780, 4554], [-9755, 4554], [-9755, 4576], [-9748, 4572], [-9738, 4569], [-9732, 4565], [-9717, 4561], [-9711, 4557], [-9709, 4552], [-9704, 4552], [-9704, 4536], [-9755, 4536], [-9780, 4536], [-9780, 4545]]]}, "type": "Feature", "properties": {"name": "Brown County", "stateAbbrev": "MN", "state": "Minnesota", "fips": "015", "incits": "27015", "id": "US.MN.015", "population": 25332}}, {"geometry": {"type": "Polygon", "coordinates": [[[-9570, 4809], [-9492, 4809], [-9491, 4799], [-9491, 4773], [-9569, 4773], [-9569, 4791], [-9570, 4809]]]}, "type": "Feature", "properties": {"name": "Carlton County", "stateAbbrev": "MN", "state": "Minnesota", "fips": "017", "incits": "27017", "id": "US.MN.017", "population": 35460}}, {"geometry": {"type": "Polygon", "coordinates": [[[-9668, 4625], [-9643, 4625], [-9643, 4616], [-9617, 4616], [-9617, 4607], [-9623, 4607], [-9627, 4603], [-9629, 4597], [-9643, 4591], [-9643, 4594], [-9655, 4594], [-9655, 4599], [-9667, 4599], [-9668, 4625]]]}, "type": "Feature", "properties": {"name": "Carver County", "stateAbbrev": "MN", "state": "Minnesota", "fips": "019", "incits": "27019", "id": "US.MN.019", "population": 95562}}, {"geometry": {"type": "Polygon", "coordinates": [[[-9876, 4643], [-9795, 4643], [-9795, 4616], [-9819, 4616], [-9818, 4602], [-9820, 4606], [-9828, 4611], [-9832, 4612], [-9838, 4617], [-9843, 4618], [-9845, 4621], [-9851, 4622], [-9854, 4626], [-9866, 4634], [-9876, 4643]]]}, "type": "Feature", "properties": {"name": "Chippewa County", "stateAbbrev": "MN", "state": "Minnesota", "fips": "023", "incits": "27023", "id": "US.MN.023", "population": 12093}}, {"geometry": {"type": "Polygon", "coordinates": [[[-9578, 4703], [-9547, 4703], [-9550, 4701], [-9552, 4693], [-9552, 4687], [-9545, 4685], [-9540, 4686], [-9535, 4683], [-9535, 4680], [-9527, 4673], [-9528, 4669], [-9533, 4664], [-9537, 4658], [-9566, 4658], [-9566, 4670], [-9566, 4685], [-9578, 4685], [-9578, 4703]]]}, "type": "Feature", "properties": {"name": "Chisago County", "stateAbbrev": "MN", "state": "Minnesota", "fips": "025", "incits": "27025", "id": "US.MN.025", "population": 53761}}, {"geometry": {"type": "Polygon", "coordinates": [[[-9582, 4616], [-9577, 4619], [-9569, 4619], [-9566, 4616], [-9564, 4609], [-9565, 4604], [-9558, 4603], [-9553, 4604], [-9550, 4602], [-9542, 4601], [-9536, 4598], [-9537, 4590], [-9542, 4589], [-9542, 4581], [-9555, 4581], [-9559, 4577], [-9568, 4578], [-9568, 4573], [-9593, 4573], [-9592, 4581], [-9592, 4590], [-9596, 4590], [-9597, 4606], [-9590, 4608], [-9585, 4611], [-9582, 4616]]]}, "type": "Feature", "properties": {"name": "Dakota County", "stateAbbrev": "MN", "state": "Minnesota", "fips": "037", "incits": "27037", "id": "US.MN.037", "population": 408509}}, {"geometry": {"type": "Polygon", "coordinates": [[[-9568, 4573], [-9568, 4578], [-9559, 4577], [-9555, 4581], [-9542, 4581], [-9542, 4589], [-9537, 4590], [-9536, 4598], [-9519, 4587], [-9516, 4583], [-9496, 4582], [-9492, 4576], [-9486, 4572], [-9505, 4572], [-9505, 4563], [-9517, 4563], [-9517, 4545], [-9531, 4545], [-9568, 4545], [-9568, 4573]]]}, "type": "Feature", "properties": {"name": "Goodhue County", "stateAbbrev": "MN", "state": "Minnesota", "fips": "049", "incits": "27049", "id": "US.MN.049", "population": 46464}}, {"geometry": {"type": "Polygon", "coordinates": [[[-9617, 4653], [-9616, 4653], [-9607, 4649], [-9595, 4642], [-9592, 4638], [-9593, 4631], [-9587, 4631], [-9585, 4631], [-9584, 4618], [-9582, 4616], [-9585, 4611], [-9590, 4608], [-9597, 4606], [-9605, 4608], [-9617, 4607], [-9617, 4616], [-9643, 4616], [-9643, 4625], [-9643, 4635], [-9639, 4636], [-9634, 4643], [-9617, 4653]]]}, "type": "Feature", "properties": {"name": "Hennepin County", "stateAbbrev": "MN", "state": "Minnesota", "fips": "053", "incits": "27053", "id": "US.MN.053", "population": 1198778}}, {"geometry": {"type": "Polygon", "coordinates": [[[-9616, 4703], [-9578, 4703], [-9578, 4685], [-9566, 4685], [-9566, 4670], [-9616, 4670], [-9616, 4685], [-9616, 4703]]]}, "type": "Feature", "properties": {"name": "Isanti County", "stateAbbrev": "MN", "state": "Minnesota", "fips": "059", "incits": "27059", "id": "US.MN.059", "population": 38204}}, {"geometry": {"type": "Polygon", "coordinates": [[[-9608, 4746], [-9588, 4747], [-9569, 4747], [-9569, 4728], [-9578, 4728], [-9578, 4703], [-9616, 4703], [-9617, 4728], [-9608, 4728], [-9608, 4746]]]}, "type": "Feature", "properties": {"name": "Kanabec County", "stateAbbrev": "MN", "state": "Minnesota", "fips": "065", "incits": "27065", "id": "US.MN.065", "population": 15996}}, {"geometry": {"type": "Polygon", "coordinates": [[[-9881, 4590], [-9831, 4590], [-9830, 4581], [-9830, 4545], [-9879, 4545], [-9880, 4545], [-9880, 4581], [-9881, 4590]]]}, "type": "Feature", "properties": {"name": "Lyon County", "stateAbbrev": "MN", "state": "Minnesota", "fips": "083", "incits": "27083", "id": "US.MN.083", "population": 25487}}, {"geometry": {"type": "Polygon", "coordinates": [[[-9693, 4625], [-9668, 4625], [-9667, 4599], [-9692, 4599], [-9692, 4590], [-9717, 4589], [-9717, 4599], [-9718, 4617], [-9718, 4625], [-9693, 4625]]]}, "type": "Feature", "properties": {"name": "McLeod County", "stateAbbrev": "MN", "state": "Minnesota", "fips": "085", "incits": "27085", "id": "US.MN.085", "population": 35918}}, {"geometry": {"type": "Polygon", "coordinates": [[[-9748, 4572], [-9730, 4572], [-9659, 4572], [-9663, 4562], [-9659, 4560], [-9663, 4556], [-9668, 4553], [-9669, 4549], [-9667, 4543], [-9674, 4541], [-9681, 4544], [-9687, 4546], [-9704, 4552], [-9709, 4552], [-9711, 4557], [-9717, 4561], [-9732, 4565], [-9738, 4569], [-9748, 4572]]]}, "type": "Feature", "properties": {"name": "Nicollet County", "stateAbbrev": "MN", "state": "Minnesota", "fips": "103", "incits": "27103", "id": "US.MN.103", "population": 33032}}, {"geometry": {"type": "Polygon", "coordinates": [[[-9578, 4703], [-9578, 4728], [-9569, 4728], [-9569, 4747], [-9569, 4773], [-9491, 4773], [-9491, 4738], [-9494, 4737], [-9498, 4732], [-9504, 4733], [-9509, 4728], [-9514, 4729], [-9518, 4725], [-9527, 4723], [-9534, 4720], [-9541, 4706], [-9547, 4703], [-9578, 4703]]]}, "type": "Feature", "properties": {"name": "Pine County", "stateAbbrev": "MN", "state": "Minnesota", "fips": "115", "incits": "27115", "id": "US.MN.115", "population": 29104}}, {"geometry": {"type": "Polygon", "coordinates": [[[-9566, 4640], [-9562, 4640], [-9562, 4616], [-9566, 4616], [-9569, 4619], [-9577, 4619], [-9582, 4616], [-9584, 4618], [-9585, 4631], [-9587, 4631], [-9587, 4640], [-9566, 4640]]]}, "type": "Feature", "properties": {"name": "Ramsey County", "stateAbbrev": "MN", "state": "Minnesota", "fips": "123", "incits": "27123", "id": "US.MN.123", "population": 526714}}, {"geometry": {"type": "Polygon", "coordinates": [[[-9830, 4581], [-9806, 4581], [-9806, 4597], [-9802, 4596], [-9798, 4593], [-9794, 4593], [-9770, 4580], [-9768, 4581], [-9755, 4576], [-9755, 4554], [-9780, 4554], [-9780, 4545], [-9817, 4545], [-9830, 4545], [-9830, 4581]]]}, "type": "Feature", "properties": {"name": "Redwood County", "stateAbbrev": "MN", "state": "Minnesota", "fips": "127", "incits": "27127", "id": "US.MN.127", "population": 15744}}, {"geometry": {"type": "Polygon", "coordinates": [[[-9618, 4581], [-9592, 4581], [-9593, 4573], [-9568, 4573], [-9568, 4545], [-9568, 4545], [-9605, 4545], [-9618, 4545], [-9618, 4581]]]}, "type": "Feature", "properties": {"name": "Rice County", "stateAbbrev": "MN", "state": "Minnesota", "fips": "131", "incits": "27131", "id": "US.MN.131", "population": 65049}}, {"geometry": {"type": "Polygon", "coordinates": [[[-9643, 4591], [-9629, 4597], [-9627, 4603], [-9623, 4607], [-9617, 4607], [-9605, 4608], [-9597, 4606], [-9596, 4590], [-9592, 4590], [-9592, 4581], [-9618, 4581], [-9657, 4581], [-9654, 4587], [-9643, 4591]]]}, "type": "Feature", "properties": {"name": "Scott County", "stateAbbrev": "MN", "state": "Minnesota", "fips": "139", "incits": "27139", "id": "US.MN.139", "population": 137232}}, {"geometry": {"type": "Polygon", "coordinates": [[[-9717, 4599], [-9717, 4589], [-9692, 4590], [-9692, 4599], [-9667, 4599], [-9655, 4599], [-9655, 4594], [-9643, 4594], [-9643, 4591], [-9654, 4587], [-9657, 4581], [-9655, 4578], [-9659, 4572], [-9730, 4572], [-9731, 4599], [-9717, 4599]]]}, "type": "Feature", "properties": {"name": "Sibley County", "stateAbbrev": "MN", "state": "Minnesota", "fips": "143", "incits": "27143", "id": "US.MN.143", "population": 15072}}, {"geometry": {"type": "Polygon", "coordinates": [[[-9566, 4616], [-9562, 4616], [-9562, 4640], [-9566, 4640], [-9566, 4658], [-9537, 4658], [-9539, 4657], [-9538, 4650], [-9540, 4647], [-9537, 4639], [-9542, 4636], [-9539, 4631], [-9539, 4618], [-9540, 4617], [-9539, 4611], [-9544, 4602], [-9542, 4601], [-9550, 4602], [-9553, 4604], [-9558, 4603], [-9565, 4604], [-9564, 4609], [-9566, 4616]]]}, "type": "Feature", "properties": {"name": "Washington County", "stateAbbrev": "MN", "state": "Minnesota", "fips": "163", "incits": "27163", "id": "US.MN.163", "population": 246603}}, {"geometry": {"type": "Polygon", "coordinates": [[[-9671, 4671], [-9662, 4666], [-9659, 4667], [-9652, 4662], [-9642, 4658], [-9622, 4658], [-9617, 4653], [-9634, 4643], [-9639, 4636], [-9643, 4635], [-9643, 4625], [-9668, 4625], [-9693, 4625], [-9693, 4651], [-9693, 4657], [-9693, 4659], [-9686, 4660], [-9683, 4659], [-9678, 4661], [-9671, 4671]]]}, "type": "Feature", "properties": {"name": "Wright County", "stateAbbrev": "MN", "state": "Minnesota", "fips": "171", "incits": "27171", "id": "US.MN.171", "population": 128470}}, {"geometry": {"type": "Polygon", "coordinates": [[[-9704, 4552], [-9687, 4546], [-9681, 4544], [-9674, 4541], [-9667, 4543], [-9669, 4549], [-9643, 4550], [-9643, 4545], [-9643, 4509], [-9692, 4509], [-9705, 4509], [-9704, 4536], [-9704, 4552]]]}, "type": "Feature", "properties": {"name": "Blue Earth County", "stateAbbrev": "MN", "state": "Minnesota", "fips": "013", "incits": "27013", "id": "US.MN.013", "population": 65528}}, {"geometry": {"type": "Polygon", "coordinates": [[[-9817, 4545], [-9780, 4545], [-9780, 4536], [-9755, 4536], [-9755, 4509], [-9816, 4509], [-9817, 4509], [-9817, 4545]]]}, "type": "Feature", "properties": {"name": "Cottonwood County", "stateAbbrev": "MN", "state": "Minnesota", "fips": "033", "incits": "27033", "id": "US.MN.033", "population": 11616}}, {"geometry": {"type": "Polygon", "coordinates": [[[-9659, 4572], [-9655, 4578], [-9657, 4581], [-9618, 4581], [-9618, 4545], [-9643, 4545], [-9643, 4550], [-9669, 4549], [-9668, 4553], [-9663, 4556], [-9659, 4560], [-9663, 4562], [-9659, 4572]]]}, "type": "Feature", "properties": {"name": "Le Sueur County", "stateAbbrev": "MN", "state": "Minnesota", "fips": "079", "incits": "27079", "id": "US.MN.079", "population": 27810}}, {"geometry": {"type": "Polygon", "coordinates": [[[-9879, 4509], [-9879, 4545], [-9830, 4545], [-9817, 4545], [-9817, 4509], [-9877, 4509], [-9879, 4509]]]}, "type": "Feature", "properties": {"name": "Murray County", "stateAbbrev": "MN", "state": "Minnesota", "fips": "101", "incits": "27101", "id": "US.MN.101", "population": 8533}}, {"geometry": {"type": "Polygon", "coordinates": [[[-9643, 4545], [-9618, 4545], [-9605, 4545], [-9605, 4509], [-9630, 4509], [-9643, 4509], [-9643, 4545]]]}, "type": "Feature", "properties": {"name": "Waseca County", "stateAbbrev": "MN", "state": "Minnesota", "fips": "161", "incits": "27161", "id": "US.MN.161", "population": 19098}}, {"geometry": {"type": "Polygon", "coordinates": [[[-9755, 4509], [-9755, 4536], [-9704, 4536], [-9705, 4509], [-9754, 4509], [-9755, 4509]]]}, "type": "Feature", "properties": {"name": "Watonwan County", "stateAbbrev": "MN", "state": "Minnesota", "fips": "165", "incits": "27165", "id": "US.MN.165", "population": 11137}}, {"geometry": {"type": "Polygon", "coordinates": [[[-9892, 4849], [-9879, 4849], [-9863, 4849], [-9826, 4849], [-9787, 4849], [-9786, 4813], [-9786, 4804], [-9873, 4804], [-9890, 4804], [-9890, 4831], [-9892, 4831], [-9892, 4849]]]}, "type": "Feature", "properties": {"name": "Becker County", "stateAbbrev": "MN", "state": "Minnesota", "fips": "005", "incits": "27005", "id": "US.MN.005", "population": 33231}}, {"geometry": {"type": "Polygon", "coordinates": [[[-9831, 4992], [-9804, 4992], [-9791, 4992], [-9791, 4974], [-9711, 4974], [-9710, 4974], [-9709, 4920], [-9709, 4879], [-9709, 4875], [-9735, 4875], [-9788, 4876], [-9788, 4903], [-9789, 4923], [-9795, 4924], [-9798, 4929], [-9796, 4935], [-9792, 4938], [-9829, 4938], [-9830, 4954], [-9830, 4974], [-9831, 4992]]]}, "type": "Feature", "properties": {"name": "Beltrami County", "stateAbbrev": "MN", "state": "Minnesota", "fips": "007", "incits": "27007", "id": "US.MN.007", "population": 45670}}, {"geometry": {"type": "Polygon", "coordinates": [[[-9747, 4813], [-9734, 4813], [-9735, 4831], [-9735, 4866], [-9735, 4875], [-9709, 4875], [-9709, 4879], [-9698, 4876], [-9678, 4882], [-9675, 4882], [-9670, 4876], [-9668, 4869], [-9663, 4867], [-9658, 4864], [-9653, 4867], [-9650, 4865], [-9643, 4865], [-9646, 4859], [-9643, 4855], [-9643, 4836], [-9643, 4813], [-9702, 4813], [-9702, 4795], [-9700, 4795], [-9700, 4760], [-9702, 4759], [-9711, 4764], [-9723, 4762], [-9733, 4766], [-9742, 4768], [-9747, 4771], [-9747, 4795], [-9747, 4813]]]}, "type": "Feature", "properties": {"name": "Cass County", "stateAbbrev": "MN", "state": "Minnesota", "fips": "021", "incits": "27021", "id": "US.MN.021", "population": 28555}}, {"geometry": {"type": "Polygon", "coordinates": [[[-9829, 4938], [-9792, 4938], [-9796, 4935], [-9798, 4929], [-9795, 4924], [-9789, 4923], [-9788, 4903], [-9788, 4876], [-9787, 4867], [-9787, 4849], [-9826, 4849], [-9825, 4885], [-9826, 4885], [-9826, 4902], [-9829, 4902], [-9829, 4929], [-9829, 4938]]]}, "type": "Feature", "properties": {"name": "Clearwater County", "stateAbbrev": "MN", "state": "Minnesota", "fips": "029", "incits": "27029", "id": "US.MN.029", "population": 8838}}, {"geometry": {"type": "Polygon", "coordinates": [[[-9361, 4955], [-9356, 4959], [-9346, 4961], [-9341, 4961], [-9341, 4954], [-9333, 4946], [-9321, 4947], [-9314, 4948], [-9312, 4946], [-9300, 4946], [-9294, 4945], [-9287, 4947], [-9269, 4948], [-9257, 4945], [-9254, 4939], [-9245, 4935], [-9231, 4938], [-9216, 4936], [-9231, 4926], [-9248, 4921], [-9252, 4919], [-9281, 4913], [-9309, 4906], [-9312, 4904], [-9331, 4898], [-9347, 4889], [-9361, 4881], [-9360, 4919], [-9361, 4955]]]}, "type": "Feature", "properties": {"name": "Cook County", "stateAbbrev": "MN", "state": "Minnesota", "fips": "031", "incits": "27031", "id": "US.MN.031", "population": 5200}}, {"geometry": {"type": "Polygon", "coordinates": [[[-9702, 4759], [-9700, 4760], [-9700, 4795], [-9702, 4795], [-9702, 4813], [-9643, 4813], [-9643, 4791], [-9647, 4790], [-9647, 4755], [-9647, 4746], [-9705, 4746], [-9707, 4752], [-9702, 4759]]]}, "type": "Feature", "properties": {"name": "Crow Wing County", "stateAbbrev": "MN", "state": "Minnesota", "fips": "035", "incits": "27035", "id": "US.MN.035", "population": 63208}}, {"geometry": {"type": "Polygon", "coordinates": [[[-9788, 4876], [-9735, 4875], [-9735, 4866], [-9735, 4831], [-9734, 4813], [-9747, 4813], [-9786, 4813], [-9787, 4849], [-9787, 4867], [-9788, 4876]]]}, "type": "Feature", "properties": {"name": "Hubbard County", "stateAbbrev": "MN", "state": "Minnesota", "fips": "057", "incits": "27057", "id": "US.MN.057", "population": 20658}}, {"geometry": {"type": "Polygon", "coordinates": [[[-9709, 4920], [-9643, 4921], [-9644, 4926], [-9612, 4926], [-9572, 4925], [-9572, 4907], [-9571, 4907], [-9570, 4889], [-9571, 4880], [-9570, 4844], [-9570, 4836], [-9624, 4836], [-9643, 4836], [-9643, 4855], [-9646, 4859], [-9643, 4865], [-9650, 4865], [-9653, 4867], [-9658, 4864], [-9663, 4867], [-9668, 4869], [-9670, 4876], [-9675, 4882], [-9678, 4882], [-9698, 4876], [-9709, 4879], [-9709, 4920]]]}, "type": "Feature", "properties": {"name": "Itasca County", "stateAbbrev": "MN", "state": "Minnesota", "fips": "061", "incits": "27061", "id": "US.MN.061", "population": 45564}}, {"geometry": {"type": "Polygon", "coordinates": [[[-9711, 5008], [-9698, 5009], [-9693, 5008], [-9692, 5003], [-9667, 5002], [-9651, 5001], [-9646, 4995], [-9645, 4989], [-9630, 4989], [-9612, 4992], [-9612, 4997], [-9599, 5000], [-9585, 5002], [-9582, 5000], [-9573, 5001], [-9573, 4986], [-9574, 4955], [-9573, 4943], [-9572, 4934], [-9572, 4925], [-9612, 4926], [-9644, 4926], [-9643, 4921], [-9709, 4920], [-9710, 4974], [-9711, 4974], [-9711, 5008]]]}, "type": "Feature", "properties": {"name": "Koochiching County", "stateAbbrev": "MN", "state": "Minnesota", "fips": "071", "incits": "27071", "id": "US.MN.071", "population": 13206}}, {"geometry": {"type": "Polygon", "coordinates": [[[-9440, 4957], [-9431, 4957], [-9430, 4951], [-9431, 4948], [-9416, 4946], [-9417, 4941], [-9408, 4943], [-9402, 4941], [-9396, 4943], [-9384, 4945], [-9377, 4949], [-9366, 4955], [-9361, 4955], [-9360, 4919], [-9361, 4881], [-9371, 4874], [-9385, 4863], [-9400, 4852], [-9405, 4847], [-9417, 4842], [-9426, 4835], [-9430, 4834], [-9440, 4827], [-9440, 4862], [-9439, 4891], [-9440, 4916], [-9440, 4957]]]}, "type": "Feature", "properties": {"name": "Lake County", "stateAbbrev": "MN", "state": "Minnesota", "fips": "075", "incits": "27075", "id": "US.MN.075", "population": 10777}}, {"geometry": {"type": "Polygon", "coordinates": [[[-9804, 4992], [-9804, 5010], [-9779, 5010], [-9779, 5030], [-9782, 5029], [-9793, 5027], [-9799, 5028], [-9802, 5032], [-9802, 5038], [-9799, 5039], [-9785, 5039], [-9785, 5078], [-9775, 5075], [-9765, 5077], [-9754, 5072], [-9751, 5069], [-9746, 5051], [-9744, 5049], [-9737, 5027], [-9739, 5021], [-9737, 5016], [-9727, 5010], [-9713, 5007], [-9711, 5008], [-9711, 4974], [-9791, 4974], [-9791, 4992], [-9804, 4992]]]}, "type": "Feature", "properties": {"name": "Lake of the Woods County", "stateAbbrev": "MN", "state": "Minnesota", "fips": "077", "incits": "27077", "id": "US.MN.077", "population": 3929}}, {"geometry": {"type": "Polygon", "coordinates": [[[-9879, 4849], [-9879, 4885], [-9826, 4885], [-9825, 4885], [-9826, 4849], [-9863, 4849], [-9879, 4849]]]}, "type": "Feature", "properties": {"name": "Mahnomen County", "stateAbbrev": "MN", "state": "Minnesota", "fips": "087", "incits": "27087", "id": "US.MN.087", "population": 5532}}, {"geometry": {"type": "Polygon", "coordinates": [[[-9914, 5039], [-9864, 5039], [-9799, 5039], [-9802, 5038], [-9802, 5032], [-9799, 5028], [-9793, 5027], [-9782, 5029], [-9779, 5030], [-9779, 5010], [-9804, 5010], [-9804, 4992], [-9831, 4992], [-9912, 4992], [-9912, 5010], [-9914, 5010], [-9914, 5039]]]}, "type": "Feature", "properties": {"name": "Roseau County", "stateAbbrev": "MN", "state": "Minnesota", "fips": "135", "incits": "27135", "id": "US.MN.135", "population": 15520}}, {"geometry": {"type": "Polygon", "coordinates": [[[-9573, 5001], [-9562, 5000], [-9536, 4992], [-9526, 4992], [-9526, 4987], [-9533, 4987], [-9534, 4984], [-9528, 4981], [-9513, 4982], [-9508, 4977], [-9509, 4972], [-9503, 4966], [-9499, 4959], [-9490, 4961], [-9492, 4966], [-9490, 4971], [-9466, 4973], [-9461, 4969], [-9461, 4963], [-9456, 4960], [-9450, 4961], [-9447, 4957], [-9440, 4957], [-9440, 4916], [-9439, 4891], [-9440, 4862], [-9440, 4827], [-9445, 4825], [-9467, 4813], [-9470, 4807], [-9476, 4804], [-9483, 4797], [-9491, 4799], [-9492, 4809], [-9570, 4809], [-9570, 4836], [-9570, 4844], [-9571, 4880], [-9570, 4889], [-9571, 4907], [-9572, 4907], [-9572, 4925], [-9572, 4934], [-9573, 4943], [-9574, 4955], [-9573, 4986], [-9573, 5001]]]}, "type": "Feature", "properties": {"name": "St. Louis County", "stateAbbrev": "MN", "state": "Minnesota", "fips": "137", "incits": "27137", "id": "US.MN.137", "population": 200540}}, {"geometry": {"type": "Polygon", "coordinates": [[[-9786, 4813], [-9747, 4813], [-9747, 4795], [-9747, 4771], [-9742, 4768], [-9785, 4769], [-9785, 4795], [-9786, 4804], [-9786, 4813]]]}, "type": "Feature", "properties": {"name": "Wadena County", "stateAbbrev": "MN", "state": "Minnesota", "fips": "159", "incits": "27159", "id": "US.MN.159", "population": 13804}}, {"geometry": {"type": "Polygon", "coordinates": [[[-9568, 4545], [-9568, 4545], [-9531, 4545], [-9531, 4509], [-9532, 4509], [-9568, 4509], [-9568, 4545]]]}, "type": "Feature", "properties": {"name": "Dodge County", "stateAbbrev": "MN", "state": "Minnesota", "fips": "039", "incits": "27039", "id": "US.MN.039", "population": 20349}}, {"geometry": {"type": "Polygon", "coordinates": [[[-9532, 4509], [-9531, 4509], [-9531, 4545], [-9517, 4545], [-9494, 4545], [-9494, 4536], [-9469, 4536], [-9469, 4509], [-9507, 4509], [-9507, 4508], [-9532, 4508], [-9532, 4509]]]}, "type": "Feature", "properties": {"name": "Olmsted County", "stateAbbrev": "MN", "state": "Minnesota", "fips": "109", "incits": "27109", "id": "US.MN.109", "population": 149226}}, {"geometry": {"type": "Polygon", "coordinates": [[[-9605, 4509], [-9605, 4545], [-9568, 4545], [-9568, 4509], [-9569, 4509], [-9605, 4509]]]}, "type": "Feature", "properties": {"name": "Steele County", "stateAbbrev": "MN", "state": "Minnesota", "fips": "147", "incits": "27147", "id": "US.MN.147", "population": 36465}}, {"geometry": {"type": "Polygon", "coordinates": [[[-9486, 4572], [-9483, 4570], [-9466, 4566], [-9457, 4562], [-9453, 4559], [-9453, 4554], [-9446, 4545], [-9469, 4545], [-9469, 4536], [-9494, 4536], [-9494, 4545], [-9517, 4545], [-9517, 4563], [-9505, 4563], [-9505, 4572], [-9486, 4572]]]}, "type": "Feature", "properties": {"name": "Wabasha County", "stateAbbrev": "MN", "state": "Minnesota", "fips": "157", "incits": "27157", "id": "US.MN.157", "population": 21443}}, {"geometry": {"type": "Polygon", "coordinates": [[[-9446, 4545], [-9442, 4542], [-9431, 4537], [-9424, 4531], [-9418, 4528], [-9403, 4525], [-9395, 4518], [-9388, 4509], [-9433, 4509], [-9469, 4509], [-9469, 4536], [-9469, 4545], [-9446, 4545]]]}, "type": "Feature", "properties": {"name": "Winona County", "stateAbbrev": "MN", "state": "Minnesota", "fips": "169", "incits": "27169", "id": "US.MN.169", "population": 51232}}, {"geometry": {"type": "Polygon", "coordinates": [[[-9919, 4655], [-9914, 4654], [-9902, 4653], [-9901, 4651], [-9883, 4646], [-9876, 4643], [-9866, 4634], [-9854, 4626], [-9851, 4622], [-9845, 4621], [-9845, 4616], [-9856, 4616], [-9856, 4608], [-9919, 4608], [-9919, 4655]]]}, "type": "Feature", "properties": {"name": "Lac qui Parle County", "stateAbbrev": "MN", "state": "Minnesota", "fips": "073", "incits": "27073", "id": "US.MN.073", "population": 7027}}], "ac-tx": {"default": {"crs": "wsg84", "scale": 102.83425840662657, "xoffset": 0, "yoffset": 0}}}