{"crs": {"type": "name", "properties": {"name": "urn:ogc:def:crs:EPSG:4326"}}, "type": "FeatureCollection", "features": [{"geometry": {"type": "Polygon", "coordinates": [[[-9357, 4045], [-9323, 4045], [-9323, 4012], [-9345, 4012], [-9357, 4012], [-9357, 4045]]]}, "type": "Feature", "properties": {"name": "Stanton County", "stateAbbrev": "NE", "state": "Nebraska", "fips": "167", "incits": "31167", "id": "US.NE.167", "population": 6133}}, {"geometry": {"type": "Polygon", "coordinates": [[[-9401, 4045], [-9357, 4045], [-9357, 4012], [-9401, 4011], [-9401, 4028], [-9401, 4045]]]}, "type": "Feature", "properties": {"name": "Madison County", "stateAbbrev": "NE", "state": "Nebraska", "fips": "119", "incits": "31119", "id": "US.NE.119", "population": 35278}}, {"geometry": {"type": "Polygon", "coordinates": [[[-9401, 4078], [-9368, 4078], [-9357, 4070], [-9357, 4045], [-9401, 4045], [-9401, 4078]]]}, "type": "Feature", "properties": {"name": "Pierce County", "stateAbbrev": "NE", "state": "Nebraska", "fips": "139", "incits": "31139", "id": "US.NE.139", "population": 7150}}, {"geometry": {"type": "Polygon", "coordinates": [[[-9357, 4045], [-9357, 4070], [-9323, 4070], [-9323, 4062], [-9304, 4062], [-9304, 4045], [-9323, 4045], [-9357, 4045]]]}, "type": "Feature", "properties": {"name": "Wayne County", "stateAbbrev": "NE", "state": "Nebraska", "fips": "179", "incits": "31179", "id": "US.NE.179", "population": 9411}}, {"geometry": {"type": "Polygon", "coordinates": [[[-9861, 3940], [-9860, 3961], [-9807, 3961], [-9807, 3940], [-9807, 3940], [-9861, 3940]]]}, "type": "Feature", "properties": {"name": "Deuel County", "stateAbbrev": "NE", "state": "Nebraska", "fips": "049", "incits": "31049", "id": "US.NE.049", "population": 1937}}, {"geometry": {"type": "Polygon", "coordinates": [[[-9935, 3940], [-9934, 3978], [-9933, 3982], [-9863, 3982], [-9860, 3961], [-9861, 3940], [-9935, 3940]]]}, "type": "Feature", "properties": {"name": "Cheyenne County", "stateAbbrev": "NE", "state": "Nebraska", "fips": "033", "incits": "31033", "id": "US.NE.033", "population": 10091}}, {"geometry": {"type": "Polygon", "coordinates": [[[-9807, 3940], [-9729, 3940], [-9729, 3911], [-9739, 3911], [-9807, 3911], [-9807, 3940], [-9807, 3940]]]}, "type": "Feature", "properties": {"name": "Perkins County", "stateAbbrev": "NE", "state": "Nebraska", "fips": "135", "incits": "31135", "id": "US.NE.135", "population": 2921}}, {"geometry": {"type": "Polygon", "coordinates": [[[-9999, 3978], [-9934, 3978], [-9935, 3940], [-9999, 3940], [-9999, 3978]]]}, "type": "Feature", "properties": {"name": "Kimball County", "stateAbbrev": "NE", "state": "Nebraska", "fips": "105", "incits": "31105", "id": "US.NE.105", "population": 3702}}, {"geometry": {"type": "Polygon", "coordinates": [[[-9807, 3877], [-9738, 3878], [-9737, 3878], [-9737, 3844], [-9807, 3844], [-9807, 3877]]]}, "type": "Feature", "properties": {"name": "Dundy County", "stateAbbrev": "NE", "state": "Nebraska", "fips": "057", "incits": "31057", "id": "US.NE.057", "population": 1981}}, {"geometry": {"type": "Polygon", "coordinates": [[[-9807, 3877], [-9807, 3911], [-9739, 3911], [-9738, 3878], [-9807, 3877]]]}, "type": "Feature", "properties": {"name": "Chase County", "stateAbbrev": "NE", "state": "Nebraska", "fips": "029", "incits": "31029", "id": "US.NE.029", "population": 4000}}, {"geometry": {"type": "Polygon", "coordinates": [[[-9312, 3944], [-9312, 3984], [-9281, 3982], [-9271, 3978], [-9257, 3958], [-9256, 3944], [-9270, 3941], [-9270, 3944], [-9312, 3944]]]}, "type": "Feature", "properties": {"name": "Saunders County", "stateAbbrev": "NE", "state": "Nebraska", "fips": "155", "incits": "31155", "id": "US.NE.155", "population": 20929}}, {"geometry": {"type": "Polygon", "coordinates": [[[-9535, 4044], [-9490, 4044], [-9490, 4011], [-9534, 4011], [-9535, 4011], [-9535, 4044]]]}, "type": "Feature", "properties": {"name": "Garfield County", "stateAbbrev": "NE", "state": "Nebraska", "fips": "071", "incits": "31071", "id": "US.NE.071", "population": 2035}}, {"geometry": {"type": "Polygon", "coordinates": [[[-9999, 4007], [-9933, 4007], [-9933, 3982], [-9934, 3978], [-9999, 3978], [-9999, 4007]]]}, "type": "Feature", "properties": {"name": "Banner County", "stateAbbrev": "NE", "state": "Nebraska", "fips": "007", "incits": "31007", "id": "US.NE.007", "population": 759}}, {"geometry": {"type": "Polygon", "coordinates": [[[-9444, 3878], [-9400, 3877], [-9400, 3878], [-9400, 3844], [-9444, 3844], [-9444, 3878]]]}, "type": "Feature", "properties": {"name": "Nuckolls County", "stateAbbrev": "NE", "state": "Nebraska", "fips": "129", "incits": "31129", "id": "US.NE.129", "population": 4413}}, {"geometry": {"type": "Polygon", "coordinates": [[[-9691, 4045], [-9635, 4044], [-9635, 4011], [-9678, 4011], [-9691, 4011], [-9691, 4045]]]}, "type": "Feature", "properties": {"name": "Thomas County", "stateAbbrev": "NE", "state": "Nebraska", "fips": "171", "incits": "31171", "id": "US.NE.171", "population": 699}}, {"geometry": {"type": "Polygon", "coordinates": [[[-9579, 4044], [-9577, 4044], [-9536, 4044], [-9535, 4044], [-9535, 4011], [-9579, 4011], [-9579, 4044]]]}, "type": "Feature", "properties": {"name": "Loup County", "stateAbbrev": "NE", "state": "Nebraska", "fips": "115", "incits": "31115", "id": "US.NE.115", "population": 576}}, {"geometry": {"type": "Polygon", "coordinates": [[[-9400, 3844], [-9400, 3878], [-9357, 3878], [-9357, 3844], [-9400, 3844]]]}, "type": "Feature", "properties": {"name": "Thayer County", "stateAbbrev": "NE", "state": "Nebraska", "fips": "169", "incits": "31169", "id": "US.NE.169", "population": 5189}}, {"geometry": {"type": "Polygon", "coordinates": [[[-9745, 3978], [-9744, 4011], [-9691, 4011], [-9678, 4011], [-9678, 3978], [-9732, 3978], [-9745, 3978]]]}, "type": "Feature", "properties": {"name": "McPherson County", "stateAbbrev": "NE", "state": "Nebraska", "fips": "117", "incits": "31117", "id": "US.NE.117", "population": 526}}, {"geometry": {"type": "Polygon", "coordinates": [[[-9534, 4011], [-9490, 4011], [-9490, 4011], [-9489, 3978], [-9533, 3978], [-9534, 4011]]]}, "type": "Feature", "properties": {"name": "Valley County", "stateAbbrev": "NE", "state": "Nebraska", "fips": "175", "incits": "31175", "id": "US.NE.175", "population": 4193}}, {"geometry": {"type": "Polygon", "coordinates": [[[-9270, 3844], [-9270, 3869], [-9231, 3869], [-9226, 3869], [-9226, 3844], [-9270, 3844]]]}, "type": "Feature", "properties": {"name": "Pawnee County", "stateAbbrev": "NE", "state": "Nebraska", "fips": "133", "incits": "31133", "id": "US.NE.133", "population": 2709}}, {"geometry": {"type": "Polygon", "coordinates": [[[-9257, 3958], [-9218, 3958], [-9214, 3945], [-9231, 3946], [-9247, 3940], [-9256, 3944], [-9257, 3958]]]}, "type": "Feature", "properties": {"name": "Sarpy County", "stateAbbrev": "NE", "state": "Nebraska", "fips": "153", "incits": "31153", "id": "US.NE.153", "population": 169331}}, {"geometry": {"type": "Polygon", "coordinates": [[[-9357, 3944], [-9357, 3978], [-9346, 3976], [-9330, 3977], [-9312, 3984], [-9312, 3944], [-9313, 3944], [-9357, 3944]]]}, "type": "Feature", "properties": {"name": "Butler County", "stateAbbrev": "NE", "state": "Nebraska", "fips": "023", "incits": "31023", "id": "US.NE.023", "population": 8312}}, {"geometry": {"type": "Polygon", "coordinates": [[[-9684, 3911], [-9631, 3911], [-9608, 3911], [-9608, 3886], [-9618, 3877], [-9628, 3877], [-9682, 3877], [-9684, 3877], [-9684, 3911]]]}, "type": "Feature", "properties": {"name": "Frontier County", "stateAbbrev": "NE", "state": "Nebraska", "fips": "063", "incits": "31063", "id": "US.NE.063", "population": 2709}}, {"geometry": {"type": "Polygon", "coordinates": [[[-9810, 4132], [-9706, 4132], [-9629, 4132], [-9629, 4117], [-9626, 4044], [-9635, 4044], [-9691, 4045], [-9746, 4045], [-9802, 4045], [-9810, 4132]]]}, "type": "Feature", "properties": {"name": "Cherry County", "stateAbbrev": "NE", "state": "Nebraska", "fips": "031", "incits": "31031", "id": "US.NE.031", "population": 5788}}, {"geometry": {"type": "Polygon", "coordinates": [[[-9445, 3978], [-9445, 3986], [-9425, 3986], [-9401, 3991], [-9389, 3991], [-9389, 3978], [-9389, 3970], [-9444, 3965], [-9445, 3978], [-9445, 3978]]]}, "type": "Feature", "properties": {"name": "Nance County", "stateAbbrev": "NE", "state": "Nebraska", "fips": "125", "incits": "31125", "id": "US.NE.125", "population": 3623}}, {"geometry": {"type": "Polygon", "coordinates": [[[-9635, 4044], [-9626, 4044], [-9579, 4044], [-9579, 4011], [-9634, 4011], [-9635, 4011], [-9635, 4044]]]}, "type": "Feature", "properties": {"name": "Blaine County", "stateAbbrev": "NE", "state": "Nebraska", "fips": "009", "incits": "31009", "id": "US.NE.009", "population": 482}}, {"geometry": {"type": "Polygon", "coordinates": [[[-9946, 4132], [-9878, 4132], [-9876, 4078], [-9932, 4078], [-9940, 4078], [-9946, 4132]]]}, "type": "Feature", "properties": {"name": "Dawes County", "stateAbbrev": "NE", "state": "Nebraska", "fips": "045", "incits": "31045", "id": "US.NE.045", "population": 9088}}, {"geometry": {"type": "Polygon", "coordinates": [[[-9946, 4132], [-9940, 4078], [-9940, 4061], [-9941, 4045], [-9936, 4036], [-9999, 4036], [-9999, 4132], [-9946, 4132]]]}, "type": "Feature", "properties": {"name": "Sioux County", "stateAbbrev": "NE", "state": "Nebraska", "fips": "165", "incits": "31165", "id": "US.NE.165", "population": 1313}}, {"geometry": {"type": "Polygon", "coordinates": [[[-9357, 3844], [-9357, 3878], [-9313, 3877], [-9313, 3844], [-9357, 3844]]]}, "type": "Feature", "properties": {"name": "Jefferson County", "stateAbbrev": "NE", "state": "Nebraska", "fips": "095", "incits": "31095", "id": "US.NE.095", "population": 7560}}, {"geometry": {"type": "Polygon", "coordinates": [[[-9271, 3978], [-9257, 3978], [-9219, 3978], [-9218, 3958], [-9257, 3958], [-9271, 3978]]]}, "type": "Feature", "properties": {"name": "Douglas County", "stateAbbrev": "NE", "state": "Nebraska", "fips": "055", "incits": "31055", "id": "US.NE.055", "population": 537256}}, {"geometry": {"type": "Polygon", "coordinates": [[[-9487, 3844], [-9487, 3878], [-9487, 3878], [-9444, 3878], [-9444, 3878], [-9444, 3844], [-9487, 3844]]]}, "type": "Feature", "properties": {"name": "Webster County", "stateAbbrev": "NE", "state": "Nebraska", "fips": "181", "incits": "31181", "id": "US.NE.181", "population": 3688}}, {"geometry": {"type": "Polygon", "coordinates": [[[-9278, 4011], [-9278, 4038], [-9251, 4041], [-9232, 4017], [-9237, 4005], [-9268, 4006], [-9278, 4011]]]}, "type": "Feature", "properties": {"name": "Burt County", "stateAbbrev": "NE", "state": "Nebraska", "fips": "021", "incits": "31021", "id": "US.NE.021", "population": 6574}}, {"geometry": {"type": "Polygon", "coordinates": [[[-9999, 4036], [-9936, 4036], [-9932, 4036], [-9933, 4007], [-9999, 4007], [-9999, 4036]]]}, "type": "Feature", "properties": {"name": "Scotts Bluff County", "stateAbbrev": "NE", "state": "Nebraska", "fips": "157", "incits": "31157", "id": "US.NE.157", "population": 36848}}, {"geometry": {"type": "Polygon", "coordinates": [[[-9531, 3877], [-9487, 3878], [-9487, 3844], [-9531, 3844], [-9531, 3877]]]}, "type": "Feature", "properties": {"name": "Franklin County", "stateAbbrev": "NE", "state": "Nebraska", "fips": "061", "incits": "31061", "id": "US.NE.061", "population": 3085}}, {"geometry": {"type": "Polygon", "coordinates": [[[-9682, 3877], [-9628, 3877], [-9628, 3844], [-9682, 3844], [-9682, 3877]]]}, "type": "Feature", "properties": {"name": "Red Willow County", "stateAbbrev": "NE", "state": "Nebraska", "fips": "145", "incits": "31145", "id": "US.NE.145", "population": 11006}}, {"geometry": {"type": "Polygon", "coordinates": [[[-9400, 3911], [-9357, 3911], [-9357, 3878], [-9400, 3878], [-9400, 3877], [-9400, 3911]]]}, "type": "Feature", "properties": {"name": "Fillmore County", "stateAbbrev": "NE", "state": "Nebraska", "fips": "059", "incits": "31059", "id": "US.NE.059", "population": 5698}}, {"geometry": {"type": "Polygon", "coordinates": [[[-9608, 3911], [-9575, 3910], [-9575, 3877], [-9618, 3877], [-9608, 3886], [-9608, 3911]]]}, "type": "Feature", "properties": {"name": "Gosper County", "stateAbbrev": "NE", "state": "Nebraska", "fips": "073", "incits": "31073", "id": "US.NE.073", "population": 1972}}, {"geometry": {"type": "Polygon", "coordinates": [[[-9445, 3978], [-9444, 3965], [-9389, 3970], [-9389, 3978], [-9379, 3972], [-9401, 3957], [-9419, 3946], [-9445, 3928], [-9445, 3944], [-9445, 3978]]]}, "type": "Feature", "properties": {"name": "Merrick County", "stateAbbrev": "NE", "state": "Nebraska", "fips": "121", "incits": "31121", "id": "US.NE.121", "population": 7802}}, {"geometry": {"type": "Polygon", "coordinates": [[[-9447, 4121], [-9421, 4109], [-9402, 4119], [-9387, 4117], [-9368, 4119], [-9368, 4078], [-9401, 4078], [-9446, 4078], [-9447, 4109], [-9447, 4121]]]}, "type": "Feature", "properties": {"name": "Knox County", "stateAbbrev": "NE", "state": "Nebraska", "fips": "107", "incits": "31107", "id": "US.NE.107", "population": 8565}}, {"geometry": {"type": "Polygon", "coordinates": [[[-9444, 3911], [-9400, 3911], [-9400, 3877], [-9444, 3878], [-9444, 3878], [-9444, 3911]]]}, "type": "Feature", "properties": {"name": "Clay County", "stateAbbrev": "NE", "state": "Nebraska", "fips": "035", "incits": "31035", "id": "US.NE.035", "population": 6392}}, {"geometry": {"type": "Polygon", "coordinates": [[[-9487, 3910], [-9487, 3911], [-9444, 3911], [-9444, 3911], [-9444, 3878], [-9487, 3878], [-9487, 3910]]]}, "type": "Feature", "properties": {"name": "Adams County", "stateAbbrev": "NE", "state": "Nebraska", "fips": "001", "incits": "31001", "id": "US.NE.001", "population": 31610}}, {"geometry": {"type": "Polygon", "coordinates": [[[-9226, 3844], [-9226, 3869], [-9182, 3869], [-9167, 3856], [-9159, 3844], [-9226, 3844]]]}, "type": "Feature", "properties": {"name": "Richardson County", "stateAbbrev": "NE", "state": "Nebraska", "fips": "147", "incits": "31147", "id": "US.NE.147", "population": 8125}}, {"geometry": {"type": "Polygon", "coordinates": [[[-9533, 3944], [-9533, 3978], [-9489, 3978], [-9489, 3978], [-9489, 3944], [-9533, 3944]]]}, "type": "Feature", "properties": {"name": "Sherman County", "stateAbbrev": "NE", "state": "Nebraska", "fips": "163", "incits": "31163", "id": "US.NE.163", "population": 3106}}, {"geometry": {"type": "Polygon", "coordinates": [[[-9575, 3910], [-9553, 3908], [-9531, 3907], [-9531, 3877], [-9574, 3877], [-9575, 3877], [-9575, 3910]]]}, "type": "Feature", "properties": {"name": "Phelps County", "stateAbbrev": "NE", "state": "Nebraska", "fips": "137", "incits": "31137", "id": "US.NE.137", "population": 9213}}, {"geometry": {"type": "Polygon", "coordinates": [[[-9312, 4012], [-9278, 4011], [-9268, 4006], [-9267, 3987], [-9257, 3978], [-9271, 3978], [-9281, 3982], [-9312, 3984], [-9312, 4012]]]}, "type": "Feature", "properties": {"name": "Dodge County", "stateAbbrev": "NE", "state": "Nebraska", "fips": "053", "incits": "31053", "id": "US.NE.053", "population": 36515}}, {"geometry": {"type": "Polygon", "coordinates": [[[-9574, 3877], [-9531, 3877], [-9531, 3844], [-9574, 3844], [-9574, 3877]]]}, "type": "Feature", "properties": {"name": "Harlan County", "stateAbbrev": "NE", "state": "Nebraska", "fips": "083", "incits": "31083", "id": "US.NE.083", "population": 3513}}, {"geometry": {"type": "Polygon", "coordinates": [[[-9357, 3911], [-9357, 3944], [-9313, 3944], [-9313, 3911], [-9357, 3911]]]}, "type": "Feature", "properties": {"name": "Seward County", "stateAbbrev": "NE", "state": "Nebraska", "fips": "159", "incits": "31159", "id": "US.NE.159", "population": 17089}}, {"geometry": {"type": "Polygon", "coordinates": [[[-9446, 4045], [-9446, 4078], [-9401, 4078], [-9401, 4045], [-9401, 4028], [-9446, 4028], [-9446, 4045]]]}, "type": "Feature", "properties": {"name": "Antelope County", "stateAbbrev": "NE", "state": "Nebraska", "fips": "003", "incits": "31003", "id": "US.NE.003", "population": 6456}}, {"geometry": {"type": "Polygon", "coordinates": [[[-9401, 3944], [-9357, 3944], [-9357, 3911], [-9400, 3911], [-9401, 3944]]]}, "type": "Feature", "properties": {"name": "York County", "stateAbbrev": "NE", "state": "Nebraska", "fips": "185", "incits": "31185", "id": "US.NE.185", "population": 13883}}, {"geometry": {"type": "Polygon", "coordinates": [[[-9629, 4117], [-9618, 4112], [-9579, 4106], [-9577, 4044], [-9579, 4044], [-9626, 4044], [-9629, 4117]]]}, "type": "Feature", "properties": {"name": "Brown County", "stateAbbrev": "NE", "state": "Nebraska", "fips": "017", "incits": "31017", "id": "US.NE.017", "population": 2926}}, {"geometry": {"type": "Polygon", "coordinates": [[[-9737, 3878], [-9684, 3877], [-9682, 3877], [-9682, 3844], [-9737, 3844], [-9737, 3878]]]}, "type": "Feature", "properties": {"name": "Hitchcock County", "stateAbbrev": "NE", "state": "Nebraska", "fips": "087", "incits": "31087", "id": "US.NE.087", "population": 2872}}, {"geometry": {"type": "Polygon", "coordinates": [[[-9878, 4132], [-9810, 4132], [-9802, 4045], [-9808, 4037], [-9867, 4036], [-9869, 4036], [-9873, 4045], [-9876, 4078], [-9878, 4132]]]}, "type": "Feature", "properties": {"name": "Sheridan County", "stateAbbrev": "NE", "state": "Nebraska", "fips": "161", "incits": "31161", "id": "US.NE.161", "population": 5251}}, {"geometry": {"type": "Polygon", "coordinates": [[[-9629, 4132], [-9538, 4132], [-9538, 4114], [-9565, 4105], [-9579, 4106], [-9618, 4112], [-9629, 4117], [-9629, 4132]]]}, "type": "Feature", "properties": {"name": "Keya Paha County", "stateAbbrev": "NE", "state": "Nebraska", "fips": "103", "incits": "31103", "id": "US.NE.103", "population": 790}}, {"geometry": {"type": "Polygon", "coordinates": [[[-9270, 3941], [-9256, 3944], [-9247, 3940], [-9231, 3946], [-9214, 3945], [-9209, 3937], [-9209, 3919], [-9270, 3919], [-9270, 3941]]]}, "type": "Feature", "properties": {"name": "Cass County", "stateAbbrev": "NE", "state": "Nebraska", "fips": "025", "incits": "31025", "id": "US.NE.025", "population": 25357}}, {"geometry": {"type": "Polygon", "coordinates": [[[-9313, 3844], [-9313, 3877], [-9313, 3894], [-9270, 3894], [-9270, 3869], [-9270, 3844], [-9313, 3844]]]}, "type": "Feature", "properties": {"name": "Gage County", "stateAbbrev": "NE", "state": "Nebraska", "fips": "067", "incits": "31067", "id": "US.NE.067", "population": 21864}}, {"geometry": {"type": "Polygon", "coordinates": [[[-9270, 3919], [-9209, 3919], [-9214, 3914], [-9197, 3894], [-9232, 3894], [-9270, 3894], [-9270, 3919]]]}, "type": "Feature", "properties": {"name": "Otoe County", "stateAbbrev": "NE", "state": "Nebraska", "fips": "131", "incits": "31131", "id": "US.NE.131", "population": 15752}}, {"geometry": {"type": "Polygon", "coordinates": [[[-9800, 4011], [-9746, 4011], [-9744, 4011], [-9745, 3978], [-9800, 3978], [-9800, 4011]]]}, "type": "Feature", "properties": {"name": "Arthur County", "stateAbbrev": "NE", "state": "Nebraska", "fips": "005", "incits": "31005", "id": "US.NE.005", "population": 458}}, {"geometry": {"type": "Polygon", "coordinates": [[[-9286, 4087], [-9264, 4083], [-9259, 4063], [-9295, 4063], [-9295, 4087], [-9286, 4087]]]}, "type": "Feature", "properties": {"name": "Dakota County", "stateAbbrev": "NE", "state": "Nebraska", "fips": "043", "incits": "31043", "id": "US.NE.043", "population": 20947}}, {"geometry": {"type": "Polygon", "coordinates": [[[-9807, 3961], [-9800, 3978], [-9745, 3978], [-9732, 3978], [-9729, 3940], [-9807, 3940], [-9807, 3961]]]}, "type": "Feature", "properties": {"name": "Keith County", "stateAbbrev": "NE", "state": "Nebraska", "fips": "101", "incits": "31101", "id": "US.NE.101", "population": 8130}}, {"geometry": {"type": "Polygon", "coordinates": [[[-9933, 3982], [-9933, 4007], [-9932, 4036], [-9869, 4036], [-9867, 4036], [-9867, 4020], [-9863, 4011], [-9863, 3982], [-9933, 3982]]]}, "type": "Feature", "properties": {"name": "Morrill County", "stateAbbrev": "NE", "state": "Nebraska", "fips": "123", "incits": "31123", "id": "US.NE.123", "population": 4908}}, {"geometry": {"type": "Polygon", "coordinates": [[[-9631, 3945], [-9554, 3944], [-9553, 3908], [-9575, 3910], [-9608, 3911], [-9631, 3911], [-9631, 3945]]]}, "type": "Feature", "properties": {"name": "Dawson County", "stateAbbrev": "NE", "state": "Nebraska", "fips": "047", "incits": "31047", "id": "US.NE.047", "population": 24207}}, {"geometry": {"type": "Polygon", "coordinates": [[[-9940, 4061], [-9940, 4078], [-9932, 4078], [-9876, 4078], [-9873, 4045], [-9869, 4036], [-9932, 4036], [-9936, 4036], [-9941, 4045], [-9940, 4061]]]}, "type": "Feature", "properties": {"name": "Box Butte County", "stateAbbrev": "NE", "state": "Nebraska", "fips": "013", "incits": "31013", "id": "US.NE.013", "population": 11305}}, {"geometry": {"type": "Polygon", "coordinates": [[[-9808, 4037], [-9802, 4045], [-9746, 4045], [-9746, 4011], [-9800, 4011], [-9808, 4011], [-9808, 4037]]]}, "type": "Feature", "properties": {"name": "Grant County", "stateAbbrev": "NE", "state": "Nebraska", "fips": "075", "incits": "31075", "id": "US.NE.075", "population": 633}}, {"geometry": {"type": "Polygon", "coordinates": [[[-9579, 4106], [-9565, 4105], [-9538, 4114], [-9536, 4044], [-9577, 4044], [-9579, 4106]]]}, "type": "Feature", "properties": {"name": "Rock County", "stateAbbrev": "NE", "state": "Nebraska", "fips": "149", "incits": "31149", "id": "US.NE.149", "population": 1411}}, {"geometry": {"type": "Polygon", "coordinates": [[[-9268, 4006], [-9237, 4005], [-9234, 3991], [-9219, 3978], [-9257, 3978], [-9267, 3987], [-9268, 4006]]]}, "type": "Feature", "properties": {"name": "Washington County", "stateAbbrev": "NE", "state": "Nebraska", "fips": "177", "incits": "31177", "id": "US.NE.177", "population": 20223}}, {"geometry": {"type": "Polygon", "coordinates": [[[-9446, 4011], [-9446, 4028], [-9401, 4028], [-9401, 4011], [-9401, 3991], [-9425, 3986], [-9445, 3986], [-9446, 4011]]]}, "type": "Feature", "properties": {"name": "Boone County", "stateAbbrev": "NE", "state": "Nebraska", "fips": "011", "incits": "31011", "id": "US.NE.011", "population": 5388}}, {"geometry": {"type": "Polygon", "coordinates": [[[-9313, 3911], [-9313, 3944], [-9312, 3944], [-9270, 3944], [-9270, 3941], [-9270, 3919], [-9270, 3894], [-9313, 3894], [-9313, 3911]]]}, "type": "Feature", "properties": {"name": "Lancaster County", "stateAbbrev": "NE", "state": "Nebraska", "fips": "109", "incits": "31109", "id": "US.NE.109", "population": 297036}}, {"geometry": {"type": "Polygon", "coordinates": [[[-9357, 3878], [-9357, 3911], [-9313, 3911], [-9313, 3894], [-9313, 3877], [-9357, 3878]]]}, "type": "Feature", "properties": {"name": "Saline County", "stateAbbrev": "NE", "state": "Nebraska", "fips": "151", "incits": "31151", "id": "US.NE.151", "population": 14416}}, {"geometry": {"type": "Polygon", "coordinates": [[[-9346, 3976], [-9345, 4012], [-9323, 4012], [-9312, 4012], [-9312, 3984], [-9330, 3977], [-9346, 3976]]]}, "type": "Feature", "properties": {"name": "Colfax County", "stateAbbrev": "NE", "state": "Nebraska", "fips": "037", "incits": "31037", "id": "US.NE.037", "population": 10425}}, {"geometry": {"type": "Polygon", "coordinates": [[[-9445, 3928], [-9419, 3946], [-9401, 3957], [-9401, 3944], [-9400, 3911], [-9444, 3911], [-9444, 3911], [-9445, 3928]]]}, "type": "Feature", "properties": {"name": "Hamilton County", "stateAbbrev": "NE", "state": "Nebraska", "fips": "081", "incits": "31081", "id": "US.NE.081", "population": 9112}}, {"geometry": {"type": "Polygon", "coordinates": [[[-9538, 4114], [-9508, 4121], [-9474, 4111], [-9447, 4109], [-9446, 4078], [-9446, 4045], [-9490, 4044], [-9535, 4044], [-9536, 4044], [-9538, 4114]]]}, "type": "Feature", "properties": {"name": "Holt County", "stateAbbrev": "NE", "state": "Nebraska", "fips": "089", "incits": "31089", "id": "US.NE.089", "population": 10449}}, {"geometry": {"type": "Polygon", "coordinates": [[[-9490, 4044], [-9446, 4045], [-9446, 4028], [-9446, 4011], [-9490, 4011], [-9490, 4011], [-9490, 4044]]]}, "type": "Feature", "properties": {"name": "Wheeler County", "stateAbbrev": "NE", "state": "Nebraska", "fips": "183", "incits": "31183", "id": "US.NE.183", "population": 759}}, {"geometry": {"type": "Polygon", "coordinates": [[[-9323, 4070], [-9323, 4109], [-9308, 4106], [-9286, 4087], [-9295, 4087], [-9295, 4063], [-9304, 4062], [-9323, 4062], [-9323, 4070]]]}, "type": "Feature", "properties": {"name": "Dixon County", "stateAbbrev": "NE", "state": "Nebraska", "fips": "051", "incits": "31051", "id": "US.NE.051", "population": 5851}}, {"geometry": {"type": "Polygon", "coordinates": [[[-9678, 4011], [-9635, 4011], [-9634, 4011], [-9634, 3978], [-9678, 3978], [-9678, 4011]]]}, "type": "Feature", "properties": {"name": "Logan County", "stateAbbrev": "NE", "state": "Nebraska", "fips": "113", "incits": "31113", "id": "US.NE.113", "population": 763}}, {"geometry": {"type": "Polygon", "coordinates": [[[-9739, 3911], [-9729, 3911], [-9684, 3911], [-9684, 3877], [-9737, 3878], [-9738, 3878], [-9739, 3911]]]}, "type": "Feature", "properties": {"name": "Hayes County", "stateAbbrev": "NE", "state": "Nebraska", "fips": "085", "incits": "31085", "id": "US.NE.085", "population": 976}}, {"geometry": {"type": "Polygon", "coordinates": [[[-9554, 3944], [-9533, 3944], [-9489, 3944], [-9487, 3944], [-9487, 3911], [-9487, 3910], [-9504, 3907], [-9531, 3907], [-9553, 3908], [-9554, 3944]]]}, "type": "Feature", "properties": {"name": "Buffalo County", "stateAbbrev": "NE", "state": "Nebraska", "fips": "019", "incits": "31019", "id": "US.NE.019", "population": 47893}}, {"geometry": {"type": "Polygon", "coordinates": [[[-9232, 3894], [-9197, 3894], [-9188, 3874], [-9182, 3869], [-9226, 3869], [-9231, 3869], [-9232, 3894]]]}, "type": "Feature", "properties": {"name": "Nemaha County", "stateAbbrev": "NE", "state": "Nebraska", "fips": "127", "incits": "31127", "id": "US.NE.127", "population": 7157}}, {"geometry": {"type": "Polygon", "coordinates": [[[-9628, 3877], [-9618, 3877], [-9575, 3877], [-9574, 3877], [-9574, 3844], [-9628, 3844], [-9628, 3877]]]}, "type": "Feature", "properties": {"name": "Furnas County", "stateAbbrev": "NE", "state": "Nebraska", "fips": "065", "incits": "31065", "id": "US.NE.065", "population": 4865}}, {"geometry": {"type": "Polygon", "coordinates": [[[-9538, 4132], [-9465, 4132], [-9447, 4121], [-9447, 4109], [-9474, 4111], [-9508, 4121], [-9538, 4114], [-9538, 4132]]]}, "type": "Feature", "properties": {"name": "Boyd County", "stateAbbrev": "NE", "state": "Nebraska", "fips": "015", "incits": "31015", "id": "US.NE.015", "population": 2032}}, {"geometry": {"type": "Polygon", "coordinates": [[[-9304, 4062], [-9295, 4063], [-9259, 4063], [-9251, 4041], [-9278, 4038], [-9279, 4045], [-9304, 4045], [-9304, 4062]]]}, "type": "Feature", "properties": {"name": "Thurston County", "stateAbbrev": "NE", "state": "Nebraska", "fips": "173", "incits": "31173", "id": "US.NE.173", "population": 6895}}, {"geometry": {"type": "Polygon", "coordinates": [[[-9401, 4011], [-9357, 4012], [-9345, 4012], [-9346, 3976], [-9357, 3978], [-9379, 3972], [-9389, 3978], [-9389, 3991], [-9401, 3991], [-9401, 4011]]]}, "type": "Feature", "properties": {"name": "Platte County", "stateAbbrev": "NE", "state": "Nebraska", "fips": "141", "incits": "31141", "id": "US.NE.141", "population": 32505}}, {"geometry": {"type": "Polygon", "coordinates": [[[-9531, 3907], [-9504, 3907], [-9487, 3910], [-9487, 3878], [-9487, 3878], [-9531, 3877], [-9531, 3907]]]}, "type": "Feature", "properties": {"name": "Kearney County", "stateAbbrev": "NE", "state": "Nebraska", "fips": "099", "incits": "31099", "id": "US.NE.099", "population": 6548}}, {"geometry": {"type": "Polygon", "coordinates": [[[-9490, 4011], [-9446, 4011], [-9445, 3986], [-9445, 3978], [-9489, 3978], [-9489, 3978], [-9490, 4011]]]}, "type": "Feature", "properties": {"name": "Greeley County", "stateAbbrev": "NE", "state": "Nebraska", "fips": "077", "incits": "31077", "id": "US.NE.077", "population": 2494}}, {"geometry": {"type": "Polygon", "coordinates": [[[-9368, 4078], [-9368, 4119], [-9344, 4118], [-9323, 4109], [-9323, 4070], [-9357, 4070], [-9368, 4078]]]}, "type": "Feature", "properties": {"name": "Cedar County", "stateAbbrev": "NE", "state": "Nebraska", "fips": "027", "incits": "31027", "id": "US.NE.027", "population": 8711}}, {"geometry": {"type": "Polygon", "coordinates": [[[-9270, 3894], [-9232, 3894], [-9231, 3869], [-9270, 3869], [-9270, 3894]]]}, "type": "Feature", "properties": {"name": "Johnson County", "stateAbbrev": "NE", "state": "Nebraska", "fips": "097", "incits": "31097", "id": "US.NE.097", "population": 5144}}, {"geometry": {"type": "Polygon", "coordinates": [[[-9732, 3978], [-9678, 3978], [-9634, 3978], [-9631, 3945], [-9631, 3911], [-9684, 3911], [-9729, 3911], [-9729, 3940], [-9732, 3978]]]}, "type": "Feature", "properties": {"name": "Lincoln County", "stateAbbrev": "NE", "state": "Nebraska", "fips": "111", "incits": "31111", "id": "US.NE.111", "population": 36051}}, {"geometry": {"type": "Polygon", "coordinates": [[[-9746, 4045], [-9691, 4045], [-9691, 4011], [-9744, 4011], [-9746, 4011], [-9746, 4045]]]}, "type": "Feature", "properties": {"name": "Hooker County", "stateAbbrev": "NE", "state": "Nebraska", "fips": "091", "incits": "31091", "id": "US.NE.091", "population": 738}}, {"geometry": {"type": "Polygon", "coordinates": [[[-9401, 3957], [-9379, 3972], [-9357, 3978], [-9357, 3944], [-9401, 3944], [-9401, 3957]]]}, "type": "Feature", "properties": {"name": "Polk County", "stateAbbrev": "NE", "state": "Nebraska", "fips": "143", "incits": "31143", "id": "US.NE.143", "population": 5275}}, {"geometry": {"type": "Polygon", "coordinates": [[[-9487, 3944], [-9445, 3944], [-9445, 3928], [-9444, 3911], [-9487, 3911], [-9487, 3944]]]}, "type": "Feature", "properties": {"name": "Hall County", "stateAbbrev": "NE", "state": "Nebraska", "fips": "079", "incits": "31079", "id": "US.NE.079", "population": 60720}}, {"geometry": {"type": "Polygon", "coordinates": [[[-9489, 3944], [-9489, 3978], [-9445, 3978], [-9445, 3978], [-9445, 3944], [-9487, 3944], [-9489, 3944]]]}, "type": "Feature", "properties": {"name": "Howard County", "stateAbbrev": "NE", "state": "Nebraska", "fips": "093", "incits": "31093", "id": "US.NE.093", "population": 6355}}, {"geometry": {"type": "Polygon", "coordinates": [[[-9867, 4036], [-9808, 4037], [-9808, 4011], [-9800, 4011], [-9800, 3978], [-9807, 3961], [-9860, 3961], [-9863, 3982], [-9863, 4011], [-9867, 4020], [-9867, 4036]]]}, "type": "Feature", "properties": {"name": "Garden County", "stateAbbrev": "NE", "state": "Nebraska", "fips": "069", "incits": "31069", "id": "US.NE.069", "population": 1902}}, {"geometry": {"type": "Polygon", "coordinates": [[[-9323, 4012], [-9323, 4045], [-9304, 4045], [-9279, 4045], [-9278, 4038], [-9278, 4011], [-9312, 4012], [-9323, 4012]]]}, "type": "Feature", "properties": {"name": "Cuming County", "stateAbbrev": "NE", "state": "Nebraska", "fips": "039", "incits": "31039", "id": "US.NE.039", "population": 8996}}, {"geometry": {"type": "Polygon", "coordinates": [[[-9634, 4011], [-9579, 4011], [-9535, 4011], [-9534, 4011], [-9533, 3978], [-9533, 3944], [-9554, 3944], [-9631, 3945], [-9634, 3978], [-9634, 4011]]]}, "type": "Feature", "properties": {"name": "Custer County", "stateAbbrev": "NE", "state": "Nebraska", "fips": "041", "incits": "31041", "id": "US.NE.041", "population": 10792}}], "ac-tx": {"default": {"crs": "wsg84", "scale": 96.09506169813277, "xoffset": 0, "yoffset": 0}}}