{"crs": {"type": "name", "properties": {"name": "urn:ogc:def:crs:EPSG:4326"}}, "type": "FeatureCollection", "features": [{"geometry": {"type": "Polygon", "coordinates": [[[-9565, 3757], [-9555, 3757], [-9555, 3765], [-9544, 3765], [-9540, 3769], [-9539, 3779], [-9534, 3780], [-9534, 3787], [-9519, 3787], [-9519, 3799], [-9509, 3799], [-9511, 3804], [-9507, 3810], [-9508, 3812], [-9499, 3817], [-9495, 3815], [-9485, 3806], [-9478, 3795], [-9471, 3793], [-9471, 3751], [-9483, 3747], [-9501, 3746], [-9509, 3747], [-9514, 3743], [-9526, 3744], [-9538, 3744], [-9538, 3746], [-9550, 3746], [-9550, 3750], [-9565, 3750], [-9565, 3757]]]}, "type": "Feature", "properties": {"name": "Fremont County", "stateAbbrev": "ID", "state": "Idaho", "fips": "043", "incits": "16043", "id": "US.ID.043", "population": 12927}}, {"geometry": {"type": "Polygon", "coordinates": [[[-9596, 3721], [-9556, 3721], [-9520, 3721], [-9501, 3720], [-9487, 3720], [-9484, 3714], [-9472, 3712], [-9470, 3710], [-9470, 3669], [-9517, 3669], [-9517, 3691], [-9537, 3691], [-9537, 3698], [-9556, 3699], [-9556, 3702], [-9561, 3704], [-9596, 3703], [-9596, 3721]]]}, "type": "Feature", "properties": {"name": "Bonneville County", "stateAbbrev": "ID", "state": "Idaho", "fips": "019", "incits": "16019", "id": "US.ID.019", "population": 107517}}, {"geometry": {"type": "Polygon", "coordinates": [[[-9557, 3669], [-9517, 3669], [-9470, 3669], [-9471, 3626], [-9480, 3623], [-9487, 3623], [-9485, 3631], [-9491, 3629], [-9497, 3632], [-9518, 3632], [-9521, 3631], [-9516, 3619], [-9518, 3617], [-9542, 3618], [-9542, 3624], [-9545, 3627], [-9545, 3636], [-9549, 3643], [-9557, 3643], [-9563, 3646], [-9562, 3653], [-9564, 3658], [-9563, 3662], [-9556, 3666], [-9557, 3669]]]}, "type": "Feature", "properties": {"name": "Caribou County", "stateAbbrev": "ID", "state": "Idaho", "fips": "029", "incits": "16029", "id": "US.ID.029", "population": 6808}}, {"geometry": {"type": "Polygon", "coordinates": [[[-9471, 3626], [-9471, 3582], [-9510, 3582], [-9511, 3588], [-9517, 3590], [-9517, 3594], [-9520, 3599], [-9515, 3605], [-9517, 3609], [-9514, 3612], [-9518, 3617], [-9516, 3619], [-9521, 3631], [-9518, 3632], [-9497, 3632], [-9491, 3629], [-9485, 3631], [-9487, 3623], [-9480, 3623], [-9471, 3626]]]}, "type": "Feature", "properties": {"name": "Bear Lake County", "stateAbbrev": "ID", "state": "Idaho", "fips": "007", "incits": "16007", "id": "US.ID.007", "population": 5943}}, {"geometry": {"type": "Polygon", "coordinates": [[[-9501, 3746], [-9483, 3747], [-9471, 3751], [-9470, 3710], [-9472, 3712], [-9484, 3714], [-9487, 3720], [-9501, 3720], [-9501, 3746]]]}, "type": "Feature", "properties": {"name": "Teton County", "stateAbbrev": "ID", "state": "Idaho", "fips": "081", "incits": "16081", "id": "US.ID.081", "population": 10275}}, {"geometry": {"type": "Polygon", "coordinates": [[[-9981, 4166], [-9981, 4179], [-9897, 4179], [-9897, 4136], [-9960, 4136], [-9960, 4166], [-9981, 4166]]]}, "type": "Feature", "properties": {"name": "Boundary County", "stateAbbrev": "ID", "state": "Idaho", "fips": "021", "incits": "16021", "id": "US.ID.021", "population": 10853}}, {"geometry": {"type": "Polygon", "coordinates": [[[-9982, 4092], [-9981, 4125], [-9981, 4166], [-9960, 4166], [-9960, 4136], [-9897, 4136], [-9897, 4092], [-9902, 4096], [-9907, 4096], [-9913, 4099], [-9921, 4095], [-9921, 4084], [-9936, 4084], [-9936, 4093], [-9947, 4092], [-9982, 4092]]]}, "type": "Feature", "properties": {"name": "Bonner County", "stateAbbrev": "ID", "state": "Idaho", "fips": "017", "incits": "16017", "id": "US.ID.017", "population": 40699}}, {"geometry": {"type": "Polygon", "coordinates": [[[-9982, 4092], [-9947, 4092], [-9936, 4093], [-9936, 4084], [-9921, 4084], [-9921, 4044], [-9943, 4044], [-9947, 4040], [-9982, 4040], [-9982, 4092]]]}, "type": "Feature", "properties": {"name": "Kootenai County", "stateAbbrev": "ID", "state": "Idaho", "fips": "055", "incits": "16055", "id": "US.ID.055", "population": 144265}}, {"geometry": {"type": "Polygon", "coordinates": [[[-9921, 4044], [-9921, 4084], [-9921, 4095], [-9913, 4099], [-9907, 4096], [-9902, 4096], [-9897, 4092], [-9885, 4080], [-9880, 4079], [-9878, 4073], [-9869, 4068], [-9871, 4064], [-9867, 4059], [-9868, 4053], [-9867, 4047], [-9871, 4046], [-9855, 4038], [-9853, 4034], [-9837, 4031], [-9833, 4025], [-9825, 4020], [-9817, 4013], [-9812, 4006], [-9804, 4003], [-9859, 4002], [-9921, 4003], [-9921, 4010], [-9921, 4044]]]}, "type": "Feature", "properties": {"name": "Shoshone County", "stateAbbrev": "ID", "state": "Idaho", "fips": "079", "incits": "16079", "id": "US.ID.079", "population": 12690}}, {"geometry": {"type": "Polygon", "coordinates": [[[-9937, 3736], [-9917, 3736], [-9892, 3718], [-9891, 3718], [-9891, 3699], [-9891, 3677], [-9916, 3677], [-9918, 3677], [-9926, 3684], [-9925, 3687], [-9930, 3692], [-9937, 3692], [-9937, 3706], [-9933, 3706], [-9933, 3721], [-9937, 3721], [-9937, 3736]]]}, "type": "Feature", "properties": {"name": "Ada County", "stateAbbrev": "ID", "state": "Idaho", "fips": "001", "incits": "16001", "id": "US.ID.001", "population": 416464}}, {"geometry": {"type": "Polygon", "coordinates": [[[-9970, 3824], [-9964, 3832], [-9965, 3840], [-9955, 3850], [-9952, 3861], [-9922, 3861], [-9917, 3849], [-9905, 3847], [-9901, 3843], [-9905, 3838], [-9903, 3836], [-9909, 3828], [-9911, 3818], [-9907, 3813], [-9909, 3804], [-9907, 3795], [-9919, 3790], [-9928, 3790], [-9938, 3795], [-9938, 3805], [-9946, 3809], [-9946, 3824], [-9970, 3824]]]}, "type": "Feature", "properties": {"name": "Adams County", "stateAbbrev": "ID", "state": "Idaho", "fips": "003", "incits": "16003", "id": "US.ID.003", "population": 3828}}, {"geometry": {"type": "Polygon", "coordinates": [[[-9616, 3663], [-9615, 3666], [-9609, 3669], [-9557, 3669], [-9556, 3666], [-9563, 3662], [-9564, 3658], [-9562, 3653], [-9563, 3646], [-9557, 3643], [-9549, 3643], [-9545, 3636], [-9545, 3627], [-9542, 3624], [-9542, 3618], [-9543, 3604], [-9551, 3606], [-9562, 3607], [-9568, 3612], [-9577, 3615], [-9577, 3620], [-9588, 3625], [-9585, 3635], [-9588, 3640], [-9594, 3644], [-9596, 3649], [-9596, 3660], [-9603, 3665], [-9612, 3662], [-9616, 3663]]]}, "type": "Feature", "properties": {"name": "Bannock County", "stateAbbrev": "ID", "state": "Idaho", "fips": "005", "incits": "16005", "id": "US.ID.005", "population": 83249}}, {"geometry": {"type": "Polygon", "coordinates": [[[-9982, 4040], [-9947, 4040], [-9943, 4044], [-9921, 4044], [-9921, 4010], [-9932, 4012], [-9964, 4011], [-9976, 4018], [-9982, 4019], [-9982, 4040]]]}, "type": "Feature", "properties": {"name": "Benewah County", "stateAbbrev": "ID", "state": "Idaho", "fips": "009", "incits": "16009", "id": "US.ID.009", "population": 9044}}, {"geometry": {"type": "Polygon", "coordinates": [[[-9638, 3677], [-9638, 3692], [-9633, 3692], [-9632, 3705], [-9621, 3705], [-9622, 3713], [-9611, 3713], [-9611, 3720], [-9596, 3721], [-9596, 3703], [-9561, 3704], [-9556, 3702], [-9556, 3699], [-9537, 3698], [-9537, 3691], [-9517, 3691], [-9517, 3669], [-9557, 3669], [-9609, 3669], [-9615, 3666], [-9616, 3663], [-9621, 3656], [-9638, 3655], [-9638, 3677]]]}, "type": "Feature", "properties": {"name": "Bingham County", "stateAbbrev": "ID", "state": "Idaho", "fips": "011", "incits": "16011", "id": "US.ID.011", "population": 45290}}, {"geometry": {"type": "Polygon", "coordinates": [[[-9805, 3747], [-9797, 3752], [-9792, 3752], [-9792, 3746], [-9781, 3746], [-9774, 3743], [-9766, 3744], [-9746, 3742], [-9746, 3738], [-9729, 3730], [-9723, 3733], [-9720, 3728], [-9712, 3723], [-9705, 3716], [-9699, 3718], [-9691, 3706], [-9691, 3699], [-9668, 3699], [-9668, 3692], [-9638, 3692], [-9638, 3677], [-9658, 3677], [-9657, 3647], [-9652, 3647], [-9652, 3639], [-9656, 3636], [-9663, 3636], [-9668, 3640], [-9678, 3639], [-9677, 3654], [-9672, 3654], [-9672, 3684], [-9698, 3684], [-9755, 3684], [-9757, 3695], [-9768, 3695], [-9770, 3710], [-9773, 3715], [-9781, 3718], [-9779, 3723], [-9783, 3736], [-9787, 3735], [-9807, 3740], [-9805, 3747]]]}, "type": "Feature", "properties": {"name": "Blaine County", "stateAbbrev": "ID", "state": "Idaho", "fips": "013", "incits": "16013", "id": "US.ID.013", "population": 21329}}, {"geometry": {"type": "Polygon", "coordinates": [[[-9705, 3716], [-9701, 3721], [-9679, 3730], [-9671, 3740], [-9676, 3742], [-9673, 3757], [-9673, 3772], [-9664, 3773], [-9636, 3772], [-9637, 3750], [-9611, 3750], [-9611, 3720], [-9611, 3713], [-9622, 3713], [-9621, 3705], [-9632, 3705], [-9633, 3692], [-9638, 3692], [-9668, 3692], [-9668, 3699], [-9691, 3699], [-9691, 3706], [-9699, 3718], [-9705, 3716]]]}, "type": "Feature", "properties": {"name": "Butte County", "stateAbbrev": "ID", "state": "Idaho", "fips": "023", "incits": "16023", "id": "US.ID.023", "population": 2642}}, {"geometry": {"type": "Polygon", "coordinates": [[[-9807, 3740], [-9787, 3735], [-9783, 3736], [-9779, 3723], [-9781, 3718], [-9773, 3715], [-9770, 3710], [-9768, 3695], [-9757, 3695], [-9755, 3684], [-9773, 3684], [-9815, 3684], [-9815, 3719], [-9811, 3721], [-9809, 3728], [-9811, 3731], [-9807, 3740]]]}, "type": "Feature", "properties": {"name": "Camas County", "stateAbbrev": "ID", "state": "Idaho", "fips": "025", "incits": "16025", "id": "US.ID.025", "population": 1042}}, {"geometry": {"type": "Polygon", "coordinates": [[[-9977, 3742], [-9966, 3735], [-9954, 3736], [-9937, 3736], [-9937, 3721], [-9933, 3721], [-9933, 3706], [-9937, 3706], [-9937, 3692], [-9943, 3695], [-9959, 3708], [-9962, 3716], [-9981, 3725], [-9981, 3738], [-9977, 3742]]]}, "type": "Feature", "properties": {"name": "Canyon County", "stateAbbrev": "ID", "state": "Idaho", "fips": "027", "incits": "16027", "id": "US.ID.027", "population": 198871}}, {"geometry": {"type": "Polygon", "coordinates": [[[-9723, 3627], [-9717, 3628], [-9703, 3629], [-9700, 3626], [-9692, 3628], [-9686, 3637], [-9678, 3639], [-9668, 3640], [-9663, 3636], [-9656, 3636], [-9652, 3632], [-9638, 3632], [-9637, 3610], [-9637, 3582], [-9713, 3581], [-9746, 3581], [-9746, 3610], [-9747, 3618], [-9728, 3618], [-9729, 3625], [-9723, 3627]]]}, "type": "Feature", "properties": {"name": "Cassia County", "stateAbbrev": "ID", "state": "Idaho", "fips": "031", "incits": "16031", "id": "US.ID.031", "population": 23331}}, {"geometry": {"type": "Polygon", "coordinates": [[[-9636, 3772], [-9621, 3772], [-9621, 3785], [-9623, 3789], [-9619, 3793], [-9613, 3796], [-9608, 3794], [-9592, 3793], [-9585, 3791], [-9582, 3798], [-9576, 3801], [-9568, 3798], [-9560, 3797], [-9555, 3799], [-9540, 3800], [-9535, 3797], [-9527, 3800], [-9519, 3799], [-9519, 3787], [-9534, 3787], [-9534, 3780], [-9539, 3779], [-9540, 3769], [-9544, 3765], [-9555, 3765], [-9555, 3757], [-9565, 3757], [-9611, 3758], [-9611, 3750], [-9637, 3750], [-9636, 3772]]]}, "type": "Feature", "properties": {"name": "Clark County", "stateAbbrev": "ID", "state": "Idaho", "fips": "033", "incits": "16033", "id": "US.ID.033", "population": 867}}, {"geometry": {"type": "Polygon", "coordinates": [[[-9932, 3977], [-9921, 3977], [-9921, 4003], [-9859, 4002], [-9804, 4003], [-9801, 3994], [-9788, 3988], [-9775, 3983], [-9773, 3977], [-9808, 3972], [-9861, 3963], [-9866, 3957], [-9870, 3954], [-9874, 3946], [-9893, 3949], [-9898, 3953], [-9908, 3955], [-9910, 3958], [-9919, 3958], [-9925, 3963], [-9931, 3966], [-9932, 3977]]]}, "type": "Feature", "properties": {"name": "Clearwater County", "stateAbbrev": "ID", "state": "Idaho", "fips": "035", "incits": "16035", "id": "US.ID.035", "population": 8577}}, {"geometry": {"type": "Polygon", "coordinates": [[[-9917, 3736], [-9916, 3751], [-9917, 3766], [-9911, 3765], [-9903, 3765], [-9902, 3773], [-9854, 3773], [-9842, 3775], [-9837, 3780], [-9833, 3781], [-9823, 3778], [-9822, 3770], [-9817, 3767], [-9810, 3766], [-9810, 3754], [-9805, 3751], [-9807, 3748], [-9814, 3748], [-9819, 3751], [-9821, 3758], [-9825, 3758], [-9832, 3747], [-9839, 3746], [-9852, 3742], [-9854, 3735], [-9860, 3734], [-9862, 3728], [-9867, 3724], [-9874, 3722], [-9882, 3718], [-9891, 3718], [-9892, 3718], [-9917, 3736]]]}, "type": "Feature", "properties": {"name": "Boise County", "stateAbbrev": "ID", "state": "Idaho", "fips": "015", "incits": "16015", "id": "US.ID.015", "population": 6795}}, {"geometry": {"type": "Polygon", "coordinates": [[[-9792, 3821], [-9792, 3815], [-9783, 3808], [-9775, 3807], [-9771, 3802], [-9761, 3805], [-9755, 3810], [-9756, 3817], [-9742, 3826], [-9739, 3823], [-9741, 3816], [-9734, 3815], [-9730, 3817], [-9722, 3806], [-9705, 3794], [-9680, 3789], [-9675, 3791], [-9668, 3782], [-9664, 3773], [-9673, 3772], [-9673, 3757], [-9676, 3742], [-9671, 3740], [-9679, 3730], [-9701, 3721], [-9705, 3716], [-9712, 3723], [-9720, 3728], [-9723, 3733], [-9729, 3730], [-9746, 3738], [-9746, 3742], [-9766, 3744], [-9774, 3743], [-9781, 3746], [-9792, 3746], [-9792, 3752], [-9797, 3752], [-9805, 3747], [-9807, 3748], [-9805, 3751], [-9810, 3754], [-9810, 3766], [-9817, 3767], [-9822, 3770], [-9823, 3778], [-9833, 3781], [-9827, 3789], [-9828, 3796], [-9833, 3798], [-9832, 3805], [-9822, 3808], [-9820, 3815], [-9815, 3818], [-9804, 3814], [-9792, 3821]]]}, "type": "Feature", "properties": {"name": "Custer County", "stateAbbrev": "ID", "state": "Idaho", "fips": "037", "incits": "16037", "id": "US.ID.037", "population": 4249}}, {"geometry": {"type": "Polygon", "coordinates": [[[-9916, 3677], [-9891, 3677], [-9891, 3699], [-9891, 3718], [-9882, 3718], [-9874, 3722], [-9867, 3724], [-9862, 3728], [-9860, 3734], [-9854, 3735], [-9852, 3742], [-9839, 3746], [-9832, 3747], [-9825, 3758], [-9821, 3758], [-9819, 3751], [-9814, 3748], [-9807, 3748], [-9805, 3747], [-9807, 3740], [-9811, 3731], [-9809, 3728], [-9811, 3721], [-9815, 3719], [-9815, 3684], [-9815, 3661], [-9811, 3660], [-9811, 3648], [-9846, 3648], [-9845, 3662], [-9858, 3662], [-9862, 3664], [-9874, 3662], [-9887, 3668], [-9894, 3663], [-9911, 3672], [-9916, 3677]]]}, "type": "Feature", "properties": {"name": "Elmore County", "stateAbbrev": "ID", "state": "Idaho", "fips": "039", "incits": "16039", "id": "US.ID.039", "population": 26170}}, {"geometry": {"type": "Polygon", "coordinates": [[[-9562, 3607], [-9551, 3606], [-9543, 3604], [-9542, 3618], [-9518, 3617], [-9514, 3612], [-9517, 3609], [-9515, 3605], [-9520, 3599], [-9517, 3594], [-9517, 3590], [-9511, 3588], [-9510, 3582], [-9561, 3582], [-9561, 3596], [-9558, 3603], [-9562, 3607]]]}, "type": "Feature", "properties": {"name": "Franklin County", "stateAbbrev": "ID", "state": "Idaho", "fips": "041", "incits": "16041", "id": "US.ID.041", "population": 12854}}, {"geometry": {"type": "Polygon", "coordinates": [[[-9931, 3766], [-9923, 3766], [-9922, 3780], [-9919, 3790], [-9907, 3795], [-9906, 3780], [-9911, 3780], [-9911, 3765], [-9917, 3766], [-9916, 3751], [-9917, 3736], [-9937, 3736], [-9954, 3736], [-9954, 3751], [-9942, 3751], [-9939, 3753], [-9939, 3758], [-9932, 3758], [-9931, 3766]]]}, "type": "Feature", "properties": {"name": "Gem County", "stateAbbrev": "ID", "state": "Idaho", "fips": "045", "incits": "16045", "id": "US.ID.045", "population": 16686}}, {"geometry": {"type": "Polygon", "coordinates": [[[-9815, 3684], [-9773, 3684], [-9773, 3655], [-9775, 3655], [-9775, 3637], [-9787, 3639], [-9791, 3639], [-9795, 3646], [-9803, 3650], [-9800, 3656], [-9804, 3660], [-9811, 3660], [-9815, 3661], [-9815, 3684]]]}, "type": "Feature", "properties": {"name": "Gooding County", "stateAbbrev": "ID", "state": "Idaho", "fips": "047", "incits": "16047", "id": "US.ID.047", "population": 15080}}, {"geometry": {"type": "Polygon", "coordinates": [[[-9908, 3955], [-9898, 3953], [-9893, 3949], [-9874, 3946], [-9870, 3954], [-9866, 3957], [-9861, 3963], [-9808, 3972], [-9773, 3977], [-9762, 3977], [-9753, 3980], [-9750, 3978], [-9752, 3967], [-9757, 3964], [-9754, 3961], [-9758, 3956], [-9759, 3949], [-9763, 3946], [-9760, 3937], [-9767, 3934], [-9762, 3931], [-9763, 3926], [-9758, 3921], [-9759, 3918], [-9757, 3912], [-9765, 3910], [-9771, 3904], [-9765, 3899], [-9765, 3895], [-9771, 3885], [-9776, 3882], [-9779, 3878], [-9790, 3881], [-9790, 3875], [-9773, 3863], [-9782, 3855], [-9834, 3855], [-9891, 3855], [-9903, 3851], [-9905, 3847], [-9917, 3849], [-9922, 3861], [-9952, 3861], [-9950, 3865], [-9940, 3881], [-9933, 3889], [-9939, 3897], [-9939, 3900], [-9944, 3904], [-9950, 3905], [-9953, 3908], [-9958, 3907], [-9961, 3911], [-9955, 3915], [-9957, 3918], [-9953, 3923], [-9946, 3926], [-9938, 3923], [-9935, 3933], [-9930, 3940], [-9909, 3936], [-9906, 3941], [-9894, 3942], [-9904, 3949], [-9908, 3955]]]}, "type": "Feature", "properties": {"name": "Idaho County", "stateAbbrev": "ID", "state": "Idaho", "fips": "049", "incits": "16049", "id": "US.ID.049", "population": 16116}}, {"geometry": {"type": "Polygon", "coordinates": [[[-9611, 3750], [-9611, 3758], [-9565, 3757], [-9565, 3750], [-9550, 3750], [-9550, 3746], [-9550, 3731], [-9546, 3733], [-9528, 3723], [-9520, 3721], [-9556, 3721], [-9596, 3721], [-9611, 3720], [-9611, 3750]]]}, "type": "Feature", "properties": {"name": "Jefferson County", "stateAbbrev": "ID", "state": "Idaho", "fips": "051", "incits": "16051", "id": "US.ID.051", "population": 26914}}, {"geometry": {"type": "Polygon", "coordinates": [[[-9773, 3655], [-9754, 3654], [-9752, 3651], [-9727, 3651], [-9727, 3647], [-9717, 3647], [-9717, 3628], [-9723, 3627], [-9734, 3624], [-9739, 3628], [-9751, 3631], [-9755, 3633], [-9762, 3633], [-9767, 3636], [-9775, 3637], [-9775, 3655], [-9773, 3655]]]}, "type": "Feature", "properties": {"name": "Jerome County", "stateAbbrev": "ID", "state": "Idaho", "fips": "053", "incits": "16053", "id": "US.ID.053", "population": 22514}}, {"geometry": {"type": "Polygon", "coordinates": [[[-9982, 4019], [-9976, 4018], [-9964, 4011], [-9932, 4012], [-9921, 4010], [-9921, 4003], [-9921, 3977], [-9932, 3977], [-9946, 3977], [-9954, 3970], [-9982, 3969], [-9982, 4019]]]}, "type": "Feature", "properties": {"name": "Latah County", "stateAbbrev": "ID", "state": "Idaho", "fips": "057", "incits": "16057", "id": "US.ID.057", "population": 38078}}, {"geometry": {"type": "Polygon", "coordinates": [[[-9792, 3821], [-9785, 3828], [-9784, 3841], [-9785, 3851], [-9782, 3855], [-9773, 3863], [-9790, 3875], [-9790, 3881], [-9779, 3878], [-9776, 3882], [-9771, 3885], [-9767, 3886], [-9760, 3884], [-9752, 3877], [-9745, 3879], [-9744, 3884], [-9739, 3884], [-9724, 3894], [-9721, 3898], [-9706, 3889], [-9708, 3882], [-9703, 3882], [-9703, 3872], [-9700, 3871], [-9700, 3866], [-9696, 3860], [-9688, 3854], [-9686, 3849], [-9676, 3843], [-9675, 3834], [-9679, 3833], [-9676, 3826], [-9668, 3823], [-9666, 3819], [-9658, 3823], [-9654, 3821], [-9646, 3815], [-9642, 3805], [-9645, 3804], [-9638, 3797], [-9637, 3791], [-9621, 3785], [-9621, 3772], [-9636, 3772], [-9664, 3773], [-9668, 3782], [-9675, 3791], [-9680, 3789], [-9705, 3794], [-9722, 3806], [-9730, 3817], [-9734, 3815], [-9741, 3816], [-9739, 3823], [-9742, 3826], [-9756, 3817], [-9755, 3810], [-9761, 3805], [-9771, 3802], [-9775, 3807], [-9783, 3808], [-9792, 3815], [-9792, 3821]]]}, "type": "Feature", "properties": {"name": "Lemhi County", "stateAbbrev": "ID", "state": "Idaho", "fips": "059", "incits": "16059", "id": "US.ID.059", "population": 7712}}, {"geometry": {"type": "Polygon", "coordinates": [[[-9773, 3655], [-9773, 3684], [-9755, 3684], [-9698, 3684], [-9698, 3654], [-9702, 3654], [-9702, 3647], [-9717, 3647], [-9727, 3647], [-9727, 3651], [-9752, 3651], [-9754, 3654], [-9773, 3655]]]}, "type": "Feature", "properties": {"name": "Lincoln County", "stateAbbrev": "ID", "state": "Idaho", "fips": "063", "incits": "16063", "id": "US.ID.063", "population": 5315}}, {"geometry": {"type": "Polygon", "coordinates": [[[-9550, 3746], [-9538, 3746], [-9538, 3744], [-9526, 3744], [-9514, 3743], [-9509, 3747], [-9501, 3746], [-9501, 3720], [-9520, 3721], [-9528, 3723], [-9546, 3733], [-9550, 3731], [-9550, 3746]]]}, "type": "Feature", "properties": {"name": "Madison County", "stateAbbrev": "ID", "state": "Idaho", "fips": "065", "incits": "16065", "id": "US.ID.065", "population": 37450}}, {"geometry": {"type": "Polygon", "coordinates": [[[-9717, 3647], [-9702, 3647], [-9702, 3654], [-9698, 3654], [-9698, 3684], [-9672, 3684], [-9672, 3654], [-9677, 3654], [-9678, 3639], [-9686, 3637], [-9692, 3628], [-9700, 3626], [-9703, 3629], [-9717, 3628], [-9717, 3647]]]}, "type": "Feature", "properties": {"name": "Minidoka County", "stateAbbrev": "ID", "state": "Idaho", "fips": "067", "incits": "16067", "id": "US.ID.067", "population": 20292}}, {"geometry": {"type": "Polygon", "coordinates": [[[-9637, 3610], [-9608, 3610], [-9608, 3617], [-9594, 3618], [-9594, 3625], [-9588, 3625], [-9577, 3620], [-9577, 3615], [-9568, 3612], [-9562, 3607], [-9558, 3603], [-9561, 3596], [-9561, 3582], [-9567, 3582], [-9637, 3582], [-9637, 3610]]]}, "type": "Feature", "properties": {"name": "Oneida County", "stateAbbrev": "ID", "state": "Idaho", "fips": "071", "incits": "16071", "id": "US.ID.071", "population": 4275}}, {"geometry": {"type": "Polygon", "coordinates": [[[-9981, 3725], [-9962, 3716], [-9959, 3708], [-9943, 3695], [-9937, 3692], [-9930, 3692], [-9925, 3687], [-9926, 3684], [-9918, 3677], [-9916, 3677], [-9911, 3672], [-9894, 3663], [-9887, 3668], [-9874, 3662], [-9862, 3664], [-9858, 3662], [-9845, 3662], [-9846, 3648], [-9811, 3648], [-9811, 3605], [-9811, 3582], [-9882, 3582], [-9936, 3582], [-9981, 3582], [-9981, 3635], [-9981, 3689], [-9981, 3725]]]}, "type": "Feature", "properties": {"name": "Owyhee County", "stateAbbrev": "ID", "state": "Idaho", "fips": "073", "incits": "16073", "id": "US.ID.073", "population": 11472}}, {"geometry": {"type": "Polygon", "coordinates": [[[-9977, 3742], [-9976, 3750], [-9973, 3752], [-9973, 3761], [-9969, 3766], [-9931, 3766], [-9932, 3758], [-9939, 3758], [-9939, 3753], [-9942, 3751], [-9954, 3751], [-9954, 3736], [-9966, 3735], [-9977, 3742]]]}, "type": "Feature", "properties": {"name": "Payette County", "stateAbbrev": "ID", "state": "Idaho", "fips": "075", "incits": "16075", "id": "US.ID.075", "population": 22610}}, {"geometry": {"type": "Polygon", "coordinates": [[[-9638, 3677], [-9638, 3655], [-9621, 3656], [-9616, 3663], [-9612, 3662], [-9603, 3665], [-9596, 3660], [-9596, 3649], [-9594, 3644], [-9588, 3640], [-9585, 3635], [-9588, 3625], [-9594, 3625], [-9594, 3618], [-9608, 3617], [-9608, 3610], [-9637, 3610], [-9638, 3632], [-9652, 3632], [-9656, 3636], [-9652, 3639], [-9652, 3647], [-9657, 3647], [-9658, 3677], [-9638, 3677]]]}, "type": "Feature", "properties": {"name": "Power County", "stateAbbrev": "ID", "state": "Idaho", "fips": "077", "incits": "16077", "id": "US.ID.077", "population": 7719}}, {"geometry": {"type": "Polygon", "coordinates": [[[-9811, 3660], [-9804, 3660], [-9800, 3656], [-9803, 3650], [-9795, 3646], [-9791, 3639], [-9787, 3639], [-9775, 3637], [-9767, 3636], [-9762, 3633], [-9755, 3633], [-9751, 3631], [-9739, 3628], [-9734, 3624], [-9723, 3627], [-9729, 3625], [-9728, 3618], [-9747, 3618], [-9746, 3610], [-9746, 3581], [-9773, 3581], [-9791, 3582], [-9811, 3582], [-9811, 3605], [-9811, 3648], [-9811, 3660]]]}, "type": "Feature", "properties": {"name": "Twin Falls County", "stateAbbrev": "ID", "state": "Idaho", "fips": "083", "incits": "16083", "id": "US.ID.083", "population": 79957}}, {"geometry": {"type": "Polygon", "coordinates": [[[-9911, 3765], [-9911, 3780], [-9906, 3780], [-9907, 3795], [-9909, 3804], [-9907, 3813], [-9911, 3818], [-9909, 3828], [-9903, 3836], [-9905, 3838], [-9901, 3843], [-9905, 3847], [-9903, 3851], [-9891, 3855], [-9834, 3855], [-9782, 3855], [-9785, 3851], [-9784, 3841], [-9785, 3828], [-9792, 3821], [-9804, 3814], [-9815, 3818], [-9820, 3815], [-9822, 3808], [-9832, 3805], [-9833, 3798], [-9828, 3796], [-9827, 3789], [-9833, 3781], [-9837, 3780], [-9842, 3775], [-9854, 3773], [-9902, 3773], [-9903, 3765], [-9911, 3765]]]}, "type": "Feature", "properties": {"name": "Valley County", "stateAbbrev": "ID", "state": "Idaho", "fips": "085", "incits": "16085", "id": "US.ID.085", "population": 9606}}, {"geometry": {"type": "Polygon", "coordinates": [[[-9970, 3824], [-9946, 3824], [-9946, 3809], [-9938, 3805], [-9938, 3795], [-9928, 3790], [-9919, 3790], [-9922, 3780], [-9923, 3766], [-9931, 3766], [-9969, 3766], [-9976, 3769], [-9976, 3773], [-9983, 3772], [-9987, 3776], [-9993, 3775], [-9997, 3777], [-9994, 3781], [-9999, 3786], [-9998, 3793], [-9991, 3799], [-9989, 3805], [-9982, 3816], [-9973, 3819], [-9970, 3824]]]}, "type": "Feature", "properties": {"name": "Washington County", "stateAbbrev": "ID", "state": "Idaho", "fips": "087", "incits": "16087", "id": "US.ID.087", "population": 9944}}], "ac-tx": {"default": {"crs": "wsg84", "scale": 85.28463924050445, "xoffset": 0, "yoffset": 0}}}