{"type":"Topology","arcs":[[[2513,1471],[-140,-37],[-41,24],[-34,54],[-74,-43]],[[2224,1469],[-93,97],[-74,4],[-43,-56],[-50,37],[-61,-1],[-33,-30],[-35,35],[21,90],[92,195],[108,-48],[75,60],[72,28],[0,72],[48,73],[30,80],[59,43],[5,84],[-60,43],[85,76],[54,6],[32,-41],[-50,-73],[61,-43],[65,-2],[33,-126],[38,-25],[157,21],[49,35],[70,-98],[-83,-148],[4,-95],[-35,-20],[-37,-90],[-46,-20],[-90,-94],[-79,-67]],[[802,640],[4,-60],[25,-67],[64,-17],[71,-86]],[[966,410],[-12,-46]],[[954,364],[1,-71]],[[955,293],[-60,-34],[-29,-78],[-9,-119],[-78,-41],[-80,-21],[-51,58],[-27,11],[24,86],[56,95],[-36,54],[-48,-17],[-35,-35],[-53,20],[-72,-86],[-79,41],[-11,68],[-35,0],[-24,41],[-44,29],[35,64],[-6,84],[-93,4],[-84,-49],[-2,49],[-36,27],[-34,56],[23,30],[-67,168],[102,-22],[130,-11],[82,16],[52,-2],[95,-26],[28,-41],[63,-11],[113,-50],[68,11],[0,-32],[69,10]],[[975,244],[10,25],[-31,95]],[[966,410],[28,51],[69,52],[158,-54]],[[1221,459],[88,0],[33,-30],[48,-8]],[[1390,421],[29,-31],[2,-60]],[[1421,330],[-40,-11],[-131,-73],[-74,-108],[0,-58],[-17,-37],[-64,-11],[-19,26],[-117,54],[-20,33],[36,99]],[[975,244],[-20,49]],[[802,640],[157,84],[66,24],[137,-10],[56,8]],[[1218,746],[11,-39],[-23,-51],[62,-141],[-49,-26],[2,-30]],[[1420,580],[29,-2],[43,-54],[-10,-58],[26,-46]],[[1508,420],[-38,-94],[-49,4]],[[1390,421],[-32,53],[-15,80],[7,33],[70,-7]],[[1218,746],[94,43]],[[1312,789],[36,-38],[38,-106],[34,-65]],[[1312,789],[82,95]],[[1394,884],[70,-71],[15,-43],[50,-30],[61,-65],[29,28],[47,-15],[56,19],[39,-6]],[[1761,701],[-27,-2],[-65,-97],[-5,-59],[26,-49],[-27,-45],[-111,-41],[-44,12]],[[1394,884],[79,46],[-8,36],[-46,61],[36,94],[66,13],[27,-28],[92,-21],[75,60],[17,35],[114,10],[59,48],[38,80],[70,8],[93,54],[81,-13],[79,4]],[[2266,1371],[-7,-112],[-20,-45]],[[2239,1214],[-17,-60]],[[2222,1154],[-68,-112],[-97,-57],[-45,18],[-28,-26],[-2,-54],[-56,-56],[-7,-33],[51,-94]],[[1970,740],[-7,-59],[-94,-10],[-59,-35],[-39,17],[-10,48]],[[2222,1154],[83,-104],[68,-123],[-66,-97],[28,-77],[28,-35]],[[2363,718],[-42,-22],[-34,-51],[-28,67],[-56,6],[5,-138],[-97,2],[-22,59],[13,51],[-29,22],[-20,58],[-83,-32]],[[2239,1214],[52,-2],[118,-106],[41,-64],[51,-28]],[[2501,1014],[88,38],[32,-97],[20,-101],[-61,-60],[-63,12],[-77,-62],[-21,9],[-56,-35]],[[2513,1471],[63,-93],[15,-71],[-122,-78],[20,-39],[-3,-129],[15,-47]],[[2266,1371],[-19,78],[-23,20]]],"transform":{"scale":[0.7957624175060786,0.5362749257530759],"translate":[7708.000000000001,2967]},"objects":{"inner_mongol":{"type":"GeometryCollection","geometries":[{"arcs":[[0,1]],"type":"Polygon","properties":{"name":"Hulunbuir","admin_leve":"5","wikidata":"Q571033","localname":"Хөлөнбуйр / 呼伦贝尔市 / Hulunbuir","boundary":"administrative","id":"CN.inner_mongol.161769"}},{"arcs":[[2,3,4,5]],"type":"Polygon","properties":{"name":"Alxa League","admin_leve":"5","wikipedia":"zh:阿拉善盟","localname":"Алшаа / 阿拉善盟 / Alxa","boundary":"administrative","id":"CN.inner_mongol.2752743"}},{"arcs":[[6,-4,7,8,9,10]],"type":"Polygon","properties":{"admin_leve":"5","localname":"Ордос / 鄂尔多斯市 / Ordos","boundary":"administrative","id":"CN.inner_mongol.2752781","name":"Ordos City"}},{"arcs":[[-7,11,-5]],"type":"Polygon","properties":{"name":"Wuhai City","admin_leve":"5","wikipedia":"zh:乌海市","localname":"Үхай / 乌海市 / Wuhai","boundary":"administrative","id":"CN.inner_mongol.2752805"}},{"arcs":[[12,13,-8,-3]],"type":"Polygon","properties":{"name":"Bayannur City","admin_leve":"5","wikidata":"Q571126","localname":"Баяннуур / 巴彦淖尔市 / Bayannur","boundary":"administrative","id":"CN.inner_mongol.2752813"}},{"arcs":[[14,15,-10,16]],"type":"Polygon","properties":{"name":"Hohhot City","admin_leve":"5","wikipedia":"zh:呼和浩特","localname":"Хөх / 呼和浩特市 / Hohhot","boundary":"administrative","id":"CN.inner_mongol.2752851"}},{"arcs":[[17,18,-17,-9,-14]],"type":"Polygon","properties":{"name":"Baotou City","admin_leve":"5","wikipedia":"en:Baotou","localname":"Баяннуур / 包头市 / Baotou","boundary":"administrative","id":"CN.inner_mongol.2752954"}},{"arcs":[[19,20,21,-15,-19]],"type":"Polygon","properties":{"name":"Ulanqab City","admin_leve":"5","wikipedia":"zh:乌兰察布市","localname":"Улаанцав / 乌兰察布市 / Ulanqab","boundary":"administrative","id":"CN.inner_mongol.2752977"}},{"arcs":[[22,23,24,25,26,-21]],"type":"Polygon","properties":{"name":"Xilingol League","admin_leve":"5","wikipedia":"zh:锡林郭勒盟","localname":"Шилийн Гол / 锡林郭勒盟 / Xilingol","boundary":"administrative","id":"CN.inner_mongol.2753029"}},{"arcs":[[27,28,-26]],"type":"Polygon","properties":{"name":"Chifeng City","admin_leve":"5","wikipedia":"zh:赤峰市","localname":"Улаанхад / 赤峰市 / Chifeng","boundary":"administrative","id":"CN.inner_mongol.2753364"}},{"arcs":[[29,30,-28,-25]],"type":"Polygon","properties":{"name":"Tongliao City","admin_leve":"5","wikipedia":"zh:通辽市","localname":"Тонляо хот / 通辽市 / Tongliao","boundary":"administrative","id":"CN.inner_mongol.2753408"}},{"arcs":[[-1,31,-30,-24,32]],"type":"Polygon","properties":{"name":"Hinggan League","admin_leve":"5","wikipedia":"zh:兴安盟","localname":"Хянган / 兴安盟 / Hinggan","boundary":"administrative","id":"CN.inner_mongol.2753442"}}]}},"crs":{"type":"name","properties":{"name":"urn:ogc:def:crs:EPSG:4326"}},"ac-tx":{"default":{"crs":"wsg84","scale":79.3238922331383,"xoffset":0,"yoffset":0}}}