{"type":"Topology","arcs":[[[932,433],[5,5]],[[937,438],[57,54],[-26,119],[20,16]],[[988,627],[42,-21],[103,27]],[[1133,633],[-15,-103],[5,-33],[31,-16],[83,-92],[0,-70]],[[1237,319],[-42,-32],[-41,10],[-98,-10],[31,43],[-155,103]],[[828,232],[0,22],[104,179]],[[1237,319],[150,-108],[31,-43],[-62,0],[-31,21],[-26,-54],[-62,-5],[-78,11],[-72,-17],[-26,-43],[-47,16],[-41,-27],[5,-38],[-46,6]],[[932,38],[-73,21],[-26,38],[-31,0],[-15,81],[51,6],[-10,48]],[[367,324],[21,44]],[[388,368],[67,16],[42,-70],[134,27],[21,-71],[88,11],[47,-38],[41,-11]],[[932,38],[-37,-38],[-450,11]],[[445,11],[-10,59],[-21,0],[-26,114],[-36,5],[15,135]],[[440,622],[62,59],[21,-48],[67,16]],[[590,649],[83,-98],[46,17],[218,-130]],[[388,368],[-41,48],[-16,54],[26,44],[0,43],[31,-6],[52,71]],[[730,800],[191,-146],[67,-27]],[[590,649],[52,43],[5,49],[88,5],[-5,54]],[[72,346],[52,0],[161,16],[-16,-38],[98,0]],[[445,11],[-378,16],[-57,60],[-10,54],[16,54],[41,10],[5,65],[21,22],[-11,54]],[[160,676],[83,-11],[104,-32],[93,-11]],[[72,346],[11,70],[31,44],[-16,43],[16,70],[-5,38],[20,49],[31,16]],[[813,1130],[77,-54],[36,81],[150,-5],[26,32]],[[1102,1184],[11,-368],[15,-162],[5,-21]],[[730,800],[-26,92],[145,16],[-16,81],[11,33],[-31,108]],[[564,1276],[47,-54],[77,-22],[11,-38],[46,6],[47,-11],[21,-27]],[[160,676],[16,70],[52,38],[36,49],[10,54],[37,27],[0,54],[62,65],[-26,81],[15,38],[-15,21],[57,49],[82,0],[42,16],[36,38]],[[564,1276],[36,5],[47,44],[31,10],[47,76],[-63,103],[42,59],[15,44],[37,32],[-31,65],[20,11],[11,43],[46,43],[21,60],[31,38],[46,32],[42,-38],[109,0],[31,-400],[20,-319]]],"transform":{"scale":[0.19322990126939352,0.18495620814013394],"translate":[-9999,5884]},"objects":{"new_hampshire":{"type":"GeometryCollection","geometries":[{"arcs":[[0,1,2,3,4]],"type":"Polygon","properties":{"name":"Strafford County","stateAbbrev":"NH","state":"New Hampshire","fips":"017","incits":"33017","id":"US.NH.017","population":124593}},{"arcs":[[5,-5,6,7]],"type":"Polygon","properties":{"name":"Rockingham County","stateAbbrev":"NH","state":"New Hampshire","fips":"015","incits":"33015","id":"US.NH.015","population":299134}},{"arcs":[[8,9,-8,10,11]],"type":"Polygon","properties":{"name":"Hillsborough County","stateAbbrev":"NH","state":"New Hampshire","fips":"011","incits":"33011","id":"US.NH.011","population":403985}},{"arcs":[[12,13,-1,-6,-10,14]],"type":"Polygon","properties":{"name":"Merrimack County","stateAbbrev":"NH","state":"New Hampshire","fips":"013","incits":"33013","id":"US.NH.013","population":146849}},{"arcs":[[15,-2,-14,16]],"type":"Polygon","properties":{"name":"Belknap County","stateAbbrev":"NH","state":"New Hampshire","fips":"001","incits":"33001","id":"US.NH.001","population":60179}},{"arcs":[[17,-12,18]],"type":"Polygon","properties":{"name":"Cheshire County","stateAbbrev":"NH","state":"New Hampshire","fips":"005","incits":"33005","id":"US.NH.005","population":76610}},{"arcs":[[19,-15,-9,-18,20]],"type":"Polygon","properties":{"name":"Sullivan County","stateAbbrev":"NH","state":"New Hampshire","fips":"019","incits":"33019","id":"US.NH.019","population":42984}},{"arcs":[[21,22,-3,-16,23]],"type":"Polygon","properties":{"name":"Carroll County","stateAbbrev":"NH","state":"New Hampshire","fips":"003","incits":"33003","id":"US.NH.003","population":47499}},{"arcs":[[24,-24,-17,-13,-20,25]],"type":"Polygon","properties":{"name":"Grafton County","stateAbbrev":"NH","state":"New Hampshire","fips":"009","incits":"33009","id":"US.NH.009","population":89629}},{"arcs":[[26,-22,-25]],"type":"Polygon","properties":{"name":"Coos County","stateAbbrev":"NH","state":"New Hampshire","fips":"007","incits":"33007","id":"US.NH.007","population":31997}}]}},"crs":{"type":"name","properties":{"name":"urn:ogc:def:crs:EPSG:4326"}},"ac-tx":{"default":{"crs":"wsg84","scale":137.81721155614315,"xoffset":0,"yoffset":0}}}