{"crs": {"type": "name", "properties": {"name": "urn:ogc:def:crs:EPSG:3059"}}, "type": "FeatureCollection", "features": [{"geometry": {"type": "Polygon", "coordinates": [[[9331, 4641], [9273, 4471], [9389, 4357], [9401, 4300], [9463, 4304], [9470, 4274], [9494, 4232], [9302, 4095], [9330, 4024], [9259, 3975], [9250, 3917], [9104, 3953], [8963, 3938], [8916, 3973], [8935, 3997], [8959, 4044], [9132, 4027], [9233, 4142], [9215, 4204], [9174, 4192], [9167, 4222], [9218, 4325], [8962, 4390], [9072, 4559], [9226, 4652], [9268, 4622], [9331, 4641]]]}, "type": "Feature", "properties": {"labelrank": 8, "code_hasc": "LV.BV", "name": "Balvu", "admin": "Latvia", "type_en": "Municipality", "region": "Latgale", "woe_id": -2346020, "longitude": 27, "woe_name": "Balvi", "fips": "LG", "woe_label": "Balvu Rajons, LV, Latvia", "latitude": 57, "iso_a2": "LV", "postal": "BL", "type": "Novads", "id": "LV.BV"}}, {"geometry": {"type": "Polygon", "coordinates": [[[9651, 2755], [9561, 2674], [9528, 2483], [9401, 2484], [9325, 2527], [9257, 2460], [9162, 2522], [9021, 2506], [9017, 2562], [8981, 2574], [8971, 2763], [9000, 2771], [9062, 2736], [9149, 2744], [9185, 2784], [9178, 2848], [9238, 2877], [9324, 2893], [9326, 2809], [9401, 2832], [9556, 2768], [9561, 2818], [9651, 2755]]]}, "type": "Feature", "properties": {"labelrank": 8, "code_hasc": "LV.KS", "name": "Kraslavas", "admin": "Latvia", "type_en": "Municipality", "region": "Latgale", "woe_id": -2346028, "longitude": 27, "woe_name": "Kraslava", "fips": "LG", "woe_label": "Kraslavas Rajons, LV, Latvia", "latitude": 55, "iso_a2": "LV", "postal": "KR", "type": "Novads", "id": "LV.KS"}}, {"geometry": {"type": "Polygon", "coordinates": [[[9878, 3540], [9945, 3434], [9791, 3434], [9823, 3363], [9689, 3265], [9711, 3213], [9753, 3215], [9821, 3287], [9897, 3242], [9921, 3210], [9885, 3110], [9699, 3061], [9555, 3138], [9589, 3225], [9564, 3315], [9441, 3482], [9409, 3453], [9389, 3509], [9450, 3574], [9443, 3624], [9548, 3617], [9604, 3552], [9648, 3600], [9739, 3503], [9792, 3566], [9878, 3540]]]}, "type": "Feature", "properties": {"labelrank": 8, "code_hasc": "LV.LZ", "name": "Ludzas", "admin": "Latvia", "type_en": "Municipality", "region": "Latgale", "woe_id": -2346032, "longitude": 27, "woe_name": "Ludza", "fips": "LG", "woe_label": "Ludzas Rajons, LV, Latvia", "latitude": 56, "iso_a2": "LV", "postal": "LU", "type": "Novads", "id": "LV.LZ"}}, {"geometry": {"type": "Polygon", "coordinates": [[[9250, 3917], [9343, 3906], [9364, 3748], [9455, 3689], [9443, 3624], [9450, 3574], [9389, 3509], [9409, 3453], [9441, 3482], [9564, 3315], [9589, 3225], [9555, 3138], [9445, 3163], [9378, 3084], [9255, 3069], [9146, 3075], [9099, 3014], [9046, 3025], [8964, 3204], [8999, 3245], [8918, 3358], [8938, 3412], [9025, 3417], [8995, 3583], [8800, 3748], [8916, 3973], [8963, 3938], [9104, 3953], [9250, 3917]], [[9271, 3468], [9266, 3593], [9216, 3524], [9271, 3468]]]}, "type": "Feature", "properties": {"labelrank": 8, "code_hasc": "LV.RK", "name": "Rezeknes", "admin": "Latvia", "type_en": "Municipality", "region": "Latgale", "woe_id": -2346036, "longitude": 27, "woe_name": "Latgale", "fips": "LG", "woe_label": "Rezeknes Rajons, LV, Latvia", "latitude": 56, "iso_a2": "LV", "postal": "L", "type": "Novads", "id": "LV.RK"}}, {"geometry": {"type": "Polygon", "coordinates": [[[5360, 3966], [5318, 3849], [5362, 3654], [5418, 3550], [5484, 3602], [5529, 3544], [5537, 3338], [5644, 3296], [5486, 3228], [5362, 3300], [5121, 3297], [5024, 3339], [4933, 3299], [4904, 3342], [4945, 3374], [4914, 3420], [4925, 3473], [4997, 3474], [4963, 3542], [5057, 3579], [5042, 3713], [5113, 3803], [5095, 3890], [5240, 3963], [5180, 4032], [5213, 4069], [5282, 4018], [5333, 4063], [5392, 4049], [5360, 3966]]]}, "type": "Feature", "properties": {"labelrank": 8, "code_hasc": "LV.SD", "name": "Saldus", "admin": "Latvia", "type_en": "Municipality", "region": "Kurzeme", "woe_id": -2346038, "longitude": 22, "woe_name": "Saldus", "fips": "LG", "woe_label": "Saldus Rajons, LV, Latvia", "latitude": 56, "iso_a2": "LV", "postal": "SA", "type": "Novads", "id": "LV.SD"}}, {"geometry": {"type": "Polygon", "coordinates": [[[9489, 4770], [9386, 4622], [9331, 4641], [9268, 4622], [9226, 4652], [9072, 4559], [8983, 4590], [8999, 4618], [8934, 4667], [8753, 4685], [8718, 4661], [8617, 4781], [8632, 4823], [8702, 4832], [8712, 4929], [8780, 4952], [8766, 5051], [8823, 5135], [8909, 5112], [8995, 5029], [9181, 4989], [9344, 5015], [9338, 4871], [9489, 4770]]]}, "type": "Feature", "properties": {"labelrank": 8, "code_hasc": "LV.AE", "name": "Aluksne", "admin": "Latvia", "type_en": "Municipality", "region": "Vidzeme", "woe_id": -2346019, "longitude": 27, "woe_name": "Aluksne", "fips": "LG", "woe_label": "Aluksnes Rajons, LV, Latvia", "latitude": 57, "iso_a2": "LV", "postal": "AL", "type": "Novads", "id": "LV.AE"}}, {"geometry": {"type": "Polygon", "coordinates": [[[8416, 5050], [8428, 4952], [8389, 4931], [8380, 4972], [8336, 4964], [8331, 4992], [8238, 5028], [8099, 4967], [8061, 4966], [8042, 5073], [8107, 5100], [8128, 5175], [8026, 5190], [8000, 5222], [8014, 5290], [7890, 5265], [7782, 5343], [7714, 5460], [7802, 5476], [7858, 5449], [7866, 5523], [7916, 5537], [7967, 5440], [8140, 5426], [8151, 5326], [8416, 5050]]]}, "type": "Feature", "properties": {"labelrank": 8, "code_hasc": "LV.VA", "name": "Valkas", "admin": "Latvia", "type_en": "Municipality", "region": "Vidzeme", "woe_id": -2346041, "longitude": 26, "woe_name": "Valga", "fips": "LG", "woe_label": "Valkas Rajons, LV, Latvia", "latitude": 57, "iso_a2": "LV", "postal": "VG", "type": "Novads", "id": "LV.VA"}}, {"geometry": {"type": "Polygon", "coordinates": [[[6877, 3483], [6923, 3402], [6952, 3415], [6984, 3374], [6999, 3308], [6932, 3266], [6980, 3238], [6960, 3162], [7035, 3162], [6933, 3090], [6828, 3145], [6682, 3084], [6554, 3164], [6624, 3268], [6672, 3247], [6695, 3273], [6599, 3330], [6583, 3442], [6633, 3491], [6758, 3440], [6812, 3490], [6877, 3483]]]}, "type": "Feature", "properties": {"labelrank": 8, "code_hasc": "LV.BK", "name": "Bauska", "admin": "Latvia", "type_en": "Municipality", "region": "Zemgale", "woe_id": -2346021, "longitude": 24, "woe_name": "Bauska", "fips": "LG", "woe_label": "Bauskas Rajons, LV, Latvia", "latitude": 56, "iso_a2": "LV", "postal": "BU", "type": "Novads", "id": "LV.BK"}}, {"geometry": {"type": "Polygon", "coordinates": [[[7807, 4510], [7812, 4400], [7665, 4456], [7648, 4520], [7614, 4519], [7615, 4558], [7544, 4612], [7543, 4662], [7624, 4606], [7673, 4623], [7731, 4588], [7777, 4488], [7807, 4510]]]}, "type": "Feature", "properties": {"labelrank": 8, "code_hasc": "LV.CS", "name": "Cesu", "admin": "Latvia", "type_en": "Municipality", "region": "Vidzeme", "woe_id": -2346022, "longitude": 25, "woe_name": "Vidzeme", "fips": "LG", "woe_label": "Cesu Rajons, LV, Latvia", "latitude": 57, "iso_a2": "LV", "postal": "CE", "type": "Novads", "id": "LV.CS"}}, {"geometry": {"type": "Polygon", "coordinates": [[[8731, 2947], [8790, 2914], [8928, 2945], [8967, 2844], [8997, 2848], [9000, 2771], [8971, 2763], [8981, 2574], [9017, 2562], [9021, 2506], [8899, 2325], [8835, 2289], [8749, 2304], [8713, 2261], [8502, 2325], [8403, 2440], [8503, 2462], [8440, 2564], [8474, 2604], [8449, 2652], [8531, 2709], [8486, 2877], [8445, 3007], [8473, 3017], [8571, 3007], [8616, 2938], [8655, 2975], [8713, 2925], [8731, 2947]], [[8655, 2639], [8571, 2618], [8642, 2492], [8693, 2514], [8731, 2599], [8709, 2687], [8655, 2639]]]}, "type": "Feature", "properties": {"labelrank": 8, "code_hasc": "LV.DP", "name": "Daugavpils", "admin": "Latvia", "type_en": "Municipality", "region": "Latgale", "woe_id": -2346023, "longitude": 26, "woe_name": "Daugavpils", "fips": "LG", "woe_label": "Daugavpils Rajons, LV, Latvia", "latitude": 56, "iso_a2": "LV", "postal": "DG", "type": "Novads", "id": "LV.DP"}}, {"geometry": {"type": "Polygon", "coordinates": [[[6096, 3431], [6049, 3508], [5982, 3428], [6010, 3383], [5879, 3345], [5833, 3414], [5832, 3510], [5780, 3576], [5746, 3559], [5731, 3593], [5639, 3503], [5599, 3547], [5583, 3596], [5650, 3657], [5607, 3708], [5625, 3736], [5864, 3734], [6006, 3756], [6025, 3854], [6157, 3902], [6188, 3826], [6100, 3743], [6155, 3675], [6090, 3596], [6150, 3586], [6111, 3544], [6132, 3484], [6096, 3431]]]}, "type": "Feature", "properties": {"labelrank": 8, "code_hasc": "LV.DB", "name": "Dobele", "admin": "Latvia", "type_en": "Municipality", "region": "Zemgale", "woe_id": -2346024, "longitude": 23, "woe_name": "Dobele", "fips": "LG", "woe_label": "Dobeles Rajons, LV, Latvia", "latitude": 56, "iso_a2": "LV", "postal": "DO", "type": "Novads", "id": "LV.DB"}}, {"geometry": {"type": "Polygon", "coordinates": [[[8617, 4781], [8718, 4661], [8753, 4685], [8934, 4667], [8999, 4618], [8983, 4590], [9072, 4559], [8962, 4390], [8851, 4244], [8852, 4193], [8770, 4204], [8621, 4133], [8559, 4288], [8458, 4268], [8417, 4344], [8307, 4318], [8255, 4310], [8293, 4407], [8227, 4502], [8166, 4517], [8158, 4550], [8161, 4554], [8166, 4559], [8201, 4562], [8200, 4582], [8361, 4612], [8369, 4684], [8486, 4690], [8461, 4716], [8524, 4754], [8523, 4798], [8617, 4781]]]}, "type": "Feature", "properties": {"labelrank": 8, "code_hasc": "LV.GU", "name": "Gulbene", "admin": "Latvia", "type_en": "Municipality", "region": "Vidzeme", "woe_id": -2346025, "longitude": 26, "woe_name": "Gulbene", "fips": "LG", "woe_label": "Gulbenes Rajons, LV, Latvia", "latitude": 57, "iso_a2": "LV", "postal": "GU", "type": "Novads", "id": "LV.GU"}}, {"geometry": {"type": "Polygon", "coordinates": [[[6384, 3878], [6376, 3837], [6380, 3831], [6373, 3796], [6304, 3755], [6353, 3718], [6261, 3687], [6304, 3588], [6333, 3574], [6391, 3611], [6401, 3654], [6498, 3597], [6563, 3442], [6440, 3343], [6464, 3193], [6346, 3189], [6331, 3226], [6148, 3192], [6064, 3228], [6133, 3291], [6096, 3431], [6132, 3484], [6111, 3544], [6150, 3586], [6090, 3596], [6155, 3675], [6100, 3743], [6188, 3826], [6157, 3902], [6138, 4002], [6174, 4017], [6304, 3988], [6384, 3878]]]}, "type": "Feature", "properties": {"labelrank": 8, "code_hasc": "LV.JL", "name": "Jelgava", "admin": "Latvia", "type_en": "Municipality", "region": "Zemgale", "woe_id": -2346027, "longitude": 23, "woe_name": "Jelgava", "fips": "LG", "woe_label": "Jelgavas Rajons, LV, Latvia", "latitude": 56, "iso_a2": "LV", "postal": "JG", "type": "Novads", "id": "LV.JL"}}, {"geometry": {"type": "Polygon", "coordinates": [[[8087, 3453], [8093, 3424], [8042, 3439], [8045, 3498], [8120, 3503], [8087, 3453]]]}, "type": "Feature", "properties": {"labelrank": 8, "code_hasc": "LV.JB", "name": "Jekabpils", "admin": "Latvia", "type_en": "Republican City", "region": "Zemgale", "woe_id": -2346026, "longitude": 25, "woe_name": "Jekabpils", "fips": "LG", "woe_label": "Jekabpils Rajons, LV, Latvia", "latitude": 56, "iso_a2": "LV", "postal": "JK", "type": "Republikas Pilsētas", "id": "LV.JB"}}, {"geometry": {"type": "Polygon", "coordinates": [[[7261, 5088], [7272, 5004], [7358, 4998], [7419, 4908], [7260, 4778], [7200, 4784], [7226, 4752], [7159, 4773], [7112, 4742], [7124, 4684], [7073, 4640], [7129, 4527], [7110, 4499], [7004, 4634], [6934, 4602], [6908, 4597], [6889, 4680], [6881, 4756], [7025, 4851], [6986, 4935], [7004, 4963], [6910, 5001], [6897, 5152], [7011, 5156], [7010, 5222], [7046, 5218], [7038, 5273], [7076, 5299], [7218, 5226], [7261, 5088]]]}, "type": "Feature", "properties": {"labelrank": 8, "code_hasc": "LV.LI", "name": "Limbaži", "admin": "Latvia", "type_en": "Municipality", "region": "Riga", "woe_id": -2346031, "longitude": 24, "woe_name": "Limbaži", "fips": "LG", "woe_label": "Limbazu Rajons, LV, Latvia", "latitude": 57, "iso_a2": "LV", "postal": "LM", "type": "Novads", "id": "LV.LI"}}, {"geometry": {"type": "Polygon", "coordinates": [[[8255, 4310], [8307, 4318], [8304, 4129], [8346, 4094], [8455, 4102], [8489, 4188], [8458, 4268], [8559, 4288], [8621, 4133], [8550, 3993], [8603, 3917], [8661, 3944], [8739, 4071], [8858, 4072], [8935, 3997], [8916, 3973], [8800, 3748], [8726, 3805], [8610, 3736], [8492, 3732], [8483, 3671], [8418, 3596], [8409, 3631], [8363, 3628], [8285, 3690], [8213, 3648], [8166, 3704], [8126, 3662], [8127, 3726], [8044, 3769], [8048, 3882], [7985, 3937], [7990, 4028], [8127, 4055], [8076, 4138], [8103, 4165], [8100, 4334], [8255, 4310]]]}, "type": "Feature", "properties": {"labelrank": 8, "code_hasc": "LV.MD", "name": "Madona", "admin": "Latvia", "type_en": "Municipality", "region": "Vidzeme", "woe_id": -2346033, "longitude": 26, "woe_name": "Madona", "fips": "LG", "woe_label": "Madonas Rajons, LV, Latvia", "latitude": 56, "iso_a2": "LV", "postal": "MA", "type": "Novads", "id": "LV.MD"}}, {"geometry": {"type": "Polygon", "coordinates": [[[7776, 3910], [7686, 3832], [7588, 3807], [7598, 3736], [7515, 3744], [7451, 3793], [7405, 3868], [7310, 3883], [7224, 3931], [7152, 3787], [7040, 3897], [7159, 3977], [7124, 4020], [7215, 4077], [7271, 4060], [7482, 4106], [7570, 4084], [7642, 4147], [7685, 4090], [7724, 4170], [7757, 4175], [7815, 4000], [7757, 3988], [7776, 3910]]]}, "type": "Feature", "properties": {"labelrank": 8, "code_hasc": "LV.OR", "name": "Ogre", "admin": "Latvia", "type_en": "Municipality", "region": "Riga", "woe_id": -2346034, "longitude": 25, "woe_name": "Ogre", "fips": "LG", "woe_label": "Ogres Rajons, LV, Latvia", "latitude": 56, "iso_a2": "LV", "postal": "OG", "type": "Novads", "id": "LV.OR"}}, {"geometry": {"type": "Polygon", "coordinates": [[[8928, 2945], [8790, 2914], [8731, 2947], [8693, 2991], [8748, 3008], [8747, 3069], [8717, 3152], [8685, 3160], [8674, 3214], [8566, 3268], [8580, 3317], [8631, 3294], [8656, 3380], [8694, 3406], [8786, 3331], [8722, 3240], [8833, 3166], [8882, 3068], [8853, 3025], [8928, 2945]]]}, "type": "Feature", "properties": {"labelrank": 8, "code_hasc": "LV.PI", "name": "Preilu", "admin": "Latvia", "type_en": "Municipality", "region": "Latgale", "woe_id": -2346035, "longitude": 26, "woe_name": "Preili", "fips": "LG", "woe_label": "Preiju Rajons, LV, Latvia", "latitude": 56, "iso_a2": "LV", "postal": "PR", "type": "Novads", "id": "LV.PI"}}, {"geometry": {"type": "Polygon", "coordinates": [[[5776, 4778], [5804, 4752], [5715, 4664], [5741, 4611], [5821, 4589], [5840, 4524], [5719, 4388], [5488, 4319], [5481, 4204], [5379, 4203], [5279, 4214], [5255, 4347], [5145, 4449], [5136, 4499], [5230, 4609], [5195, 4769], [5248, 4821], [5266, 4787], [5367, 4788], [5425, 4911], [5487, 4916], [5540, 4885], [5548, 4818], [5577, 4851], [5696, 4725], [5776, 4778]]]}, "type": "Feature", "properties": {"labelrank": 8, "code_hasc": "LV.TL", "name": "Talsi", "admin": "Latvia", "type_en": "Municipality", "region": "Kurzeme", "woe_id": -2346039, "longitude": 22, "woe_name": "Talsi", "fips": "LG", "woe_label": "Talsu Rajons, LV, Latvia", "latitude": 57, "iso_a2": "LV", "postal": "TA", "type": "Novads", "id": "LV.TL"}}, {"geometry": {"type": "Polygon", "coordinates": [[[6151, 4079], [6163, 4076], [6174, 4017], [6138, 4002], [6157, 3902], [6025, 3854], [6006, 3756], [5864, 3734], [5796, 3893], [5713, 3899], [5722, 3964], [5702, 4054], [5625, 4141], [5675, 4206], [5646, 4292], [5727, 4343], [5719, 4388], [5840, 4524], [5866, 4562], [5854, 4402], [5956, 4270], [5888, 4059], [6067, 4041], [6151, 4079]]]}, "type": "Feature", "properties": {"labelrank": 8, "code_hasc": "LV.TK", "name": "Tukums", "admin": "Latvia", "type_en": "Municipality", "region": "Riga", "woe_id": -2346040, "longitude": 23, "woe_name": "Tukums", "fips": "LG", "woe_label": "Tukuma Rajons, LV, Latvia", "latitude": 56, "iso_a2": "LV", "postal": "TU", "type": "Novads", "id": "LV.TK"}}, {"geometry": {"type": "Polygon", "coordinates": [[[7715, 4968], [7696, 4922], [7653, 4925], [7653, 4985], [7701, 4995], [7715, 4968]]]}, "type": "Feature", "properties": {"labelrank": 8, "code_hasc": "LV.VE", "name": "Valmiera", "admin": "Latvia", "type_en": "Republican City", "region": "Vidzeme", "woe_id": -2346042, "longitude": 25, "woe_name": "Valmiera", "fips": "LG", "woe_label": "Valmieras Rajons, LV, Latvia", "latitude": 57, "iso_a2": "LV", "postal": "VM", "type": "Republikas Pilsētas", "id": "LV.VE"}}, {"geometry": {"type": "Polygon", "coordinates": [[[6698, 4247], [6825, 4125], [6757, 4068], [6776, 3984], [6727, 3998], [6693, 4027], [6659, 4013], [6649, 3992], [6640, 3989], [6626, 3983], [6622, 4003], [6619, 4021], [6590, 4052], [6523, 4080], [6570, 4140], [6533, 4157], [6512, 4180], [6659, 4300], [6698, 4247]]]}, "type": "Feature", "properties": {"labelrank": 9, "code_hasc": "LV.RA", "name": "Riga", "admin": "Latvia", "type_en": "Republican City", "region": "Riga", "woe_id": -20070121, "longitude": 24, "woe_name": "Riga", "fips": "LG", "woe_label": "Riga, LV, Latvia", "latitude": 56, "iso_a2": "LV", "postal": "R", "type": "Republikas Pilsētas", "id": "LV.RA"}}, {"geometry": {"type": "Polygon", "coordinates": [[[4204, 3644], [4210, 3581], [4223, 3589], [4229, 3536], [4203, 3523], [4187, 3506], [4140, 3563], [4167, 3659], [4204, 3644]]]}, "type": "Feature", "properties": {"labelrank": 8, "code_hasc": "LV.LJ", "name": "Liepāja", "admin": "Latvia", "type_en": "Republican City", "region": "Kurzeme", "woe_id": -20070118, "longitude": 21, "woe_name": "Liepaja", "fips": "LG", "woe_label": "Liepaja, LV, Latvia", "latitude": 56, "iso_a2": "LV", "postal": "LJ", "type": "Republikas Pilsētas", "id": "LV.LJ"}}, {"geometry": {"type": "Polygon", "coordinates": [[[6401, 3654], [6391, 3611], [6333, 3574], [6304, 3588], [6261, 3687], [6353, 3718], [6403, 3704], [6401, 3654]]]}, "type": "Feature", "properties": {"labelrank": 8, "code_hasc": "LV.JE", "name": "Jelgava", "admin": "Latvia", "type_en": "Republican City", "region": "Zemgale", "woe_id": -20070120, "longitude": 23, "woe_name": "Jelgava", "fips": "LG", "woe_label": "Jelgava, LV, Latvia", "latitude": 56, "iso_a2": "LV", "postal": "JE", "type": "Republikas Pilsētas", "id": "LV.JE"}}, {"geometry": {"type": "Polygon", "coordinates": [[[8655, 2639], [8709, 2687], [8731, 2599], [8693, 2514], [8642, 2492], [8571, 2618], [8655, 2639]]]}, "type": "Feature", "properties": {"labelrank": 8, "code_hasc": "LV.DV", "name": "Daugavpils", "admin": "Latvia", "type_en": "Republican City", "region": "Latgale", "woe_id": -20070122, "longitude": 26, "woe_name": "Daugavpils", "fips": "LG", "woe_label": "Daugavpils, LV, Latvia", "latitude": 55, "iso_a2": "LV", "postal": "DV", "type": "Republikas Pilsētas", "id": "LV.DV"}}, {"geometry": {"type": "Polygon", "coordinates": [[[9271, 3468], [9216, 3524], [9266, 3593], [9271, 3468]]]}, "type": "Feature", "properties": {"labelrank": 8, "code_hasc": "LV.RE", "name": "Rezekne", "admin": "Latvia", "type_en": "Republican City", "region": "Latgale", "woe_id": -20070123, "longitude": 27, "woe_name": "Rezekne", "fips": "LG", "woe_label": "Rezeknes, LV, Latvia", "latitude": 56, "iso_a2": "LV", "postal": "RK", "type": "Republikas Pilsētas", "id": "LV.RE"}}, {"geometry": {"type": "Polygon", "coordinates": [[[4603, 4760], [4695, 4895], [4733, 4788], [4691, 4772], [4693, 4721], [4626, 4704], [4603, 4760]]]}, "type": "Feature", "properties": {"labelrank": 8, "code_hasc": "LV.VS", "name": "Ventspils", "admin": "Latvia", "type_en": "Republican City", "region": "Kurzeme", "woe_id": -20070117, "longitude": 21, "woe_name": "Ventspils", "fips": "LG", "woe_label": "Ventspils, LV, Latvia", "latitude": 57, "iso_a2": "LV", "postal": "VS", "type": "Republikas Pilsētas", "id": "LV.VS"}}, {"geometry": {"type": "Polygon", "coordinates": [[[5379, 4203], [5333, 4063], [5282, 4018], [5213, 4069], [5180, 4032], [5240, 3963], [5095, 3890], [5040, 3933], [4951, 3933], [4912, 3900], [4929, 3803], [4817, 3741], [4640, 3977], [4516, 4015], [4564, 4066], [4736, 4137], [4637, 4329], [4703, 4372], [4810, 4351], [4804, 4323], [4990, 4359], [5053, 4340], [5131, 4371], [5145, 4449], [5255, 4347], [5279, 4214], [5379, 4203]]]}, "type": "Feature", "properties": {"labelrank": 8, "code_hasc": "LV.KD", "name": "Kuldigas", "admin": "Latvia", "type_en": "Municipality", "region": "Kurzeme", "woe_id": -2346029, "longitude": 21, "woe_name": "Kurzeme", "fips": "LG", "woe_label": "Kuldigas Rajons, LV, Latvia", "latitude": 56, "iso_a2": "LV", "postal": "K", "type": "Novads", "id": "LV.KD"}}, {"geometry": {"type": "Polygon", "coordinates": [[[4564, 4066], [4488, 4125], [4550, 4165], [4583, 4317], [4637, 4329], [4736, 4137], [4564, 4066]]]}, "type": "Feature", "properties": {"labelrank": 8, "code_hasc": "LV.AS", "name": "Alsungas", "admin": "Latvia", "type_en": "Municipality", "region": "Kurzeme", "woe_id": -2346029, "longitude": 21, "woe_name": "Kurzeme", "fips": "LG", "woe_label": "Kuldigas Rajons, LV, Latvia", "latitude": 56, "iso_a2": "LV", "postal": "K", "type": "Novads", "id": "LV.AS"}}, {"geometry": {"type": "Polygon", "coordinates": [[[5597, 3892], [5625, 3736], [5607, 3708], [5650, 3657], [5583, 3596], [5599, 3547], [5529, 3544], [5484, 3602], [5418, 3550], [5362, 3654], [5318, 3849], [5360, 3966], [5480, 3900], [5597, 3892]]]}, "type": "Feature", "properties": {"labelrank": 8, "code_hasc": "LV.BR", "name": "Brocenu", "admin": "Latvia", "type_en": "Municipality", "region": "Kurzeme", "woe_id": -2346029, "longitude": 22, "woe_name": "Kurzeme", "fips": "LG", "woe_label": "Kuldigas Rajons, LV, Latvia", "latitude": 56, "iso_a2": "LV", "postal": "K", "type": "Novads", "id": "LV.BR"}}, {"geometry": {"type": "Polygon", "coordinates": [[[5095, 3890], [5113, 3803], [5042, 3713], [5057, 3579], [4963, 3542], [4997, 3474], [4925, 3473], [4818, 3501], [4790, 3574], [4776, 3634], [4813, 3670], [4817, 3741], [4929, 3803], [4912, 3900], [4951, 3933], [5040, 3933], [5095, 3890]]]}, "type": "Feature", "properties": {"labelrank": 8, "code_hasc": "LV.SK", "name": "Skrundas", "admin": "Latvia", "type_en": "Municipality", "region": "Kurzeme", "woe_id": -2346029, "longitude": 21, "woe_name": "Kurzeme", "fips": "LG", "woe_label": "Kuldigas Rajons, LV, Latvia", "latitude": 56, "iso_a2": "LV", "postal": "K", "type": "Novads", "id": "LV.SK"}}, {"geometry": {"type": "Polygon", "coordinates": [[[4925, 3473], [4914, 3420], [4945, 3374], [4904, 3342], [4933, 3299], [4730, 3211], [4744, 3295], [4677, 3351], [4692, 3419], [4735, 3430], [4722, 3542], [4790, 3574], [4818, 3501], [4925, 3473]]]}, "type": "Feature", "properties": {"labelrank": 8, "code_hasc": "LV.VD", "name": "Vainodes", "admin": "Latvia", "type_en": "Municipality", "region": "Kurzeme", "woe_id": -2346029, "longitude": 21, "woe_name": "Kurzeme", "fips": "LG", "woe_label": "Kuldigas Rajons, LV, Latvia", "latitude": 56, "iso_a2": "LV", "postal": "K", "type": "Novads", "id": "LV.VD"}}, {"geometry": {"type": "Polygon", "coordinates": [[[4817, 3741], [4813, 3670], [4776, 3634], [4790, 3574], [4722, 3542], [4608, 3562], [4648, 3601], [4642, 3682], [4614, 3705], [4517, 3690], [4412, 3831], [4420, 3931], [4517, 3974], [4516, 4015], [4640, 3977], [4817, 3741]]]}, "type": "Feature", "properties": {"labelrank": 8, "code_hasc": "LV.AZ", "name": "Aizputes", "admin": "Latvia", "type_en": "Municipality", "region": "Kurzeme", "woe_id": -2346029, "longitude": 21, "woe_name": "Kurzeme", "fips": "LG", "woe_label": "Kuldigas Rajons, LV, Latvia", "latitude": 56, "iso_a2": "LV", "postal": "K", "type": "Novads", "id": "LV.AZ"}}, {"geometry": {"type": "Polygon", "coordinates": [[[4608, 3562], [4722, 3542], [4735, 3430], [4692, 3419], [4677, 3351], [4744, 3295], [4730, 3211], [4615, 3192], [4523, 3133], [4441, 3228], [4492, 3342], [4430, 3484], [4474, 3508], [4469, 3564], [4534, 3493], [4572, 3495], [4550, 3552], [4575, 3579], [4608, 3562]]]}, "type": "Feature", "properties": {"labelrank": 8, "code_hasc": "LV.PK", "name": "Priekules", "admin": "Latvia", "type_en": "Municipality", "region": "Kurzeme", "woe_id": -2346029, "longitude": 21, "woe_name": "Kurzeme", "fips": "LG", "woe_label": "Kuldigas Rajons, LV, Latvia", "latitude": 56, "iso_a2": "LV", "postal": "K", "type": "Novads", "id": "LV.PK"}}, {"geometry": {"type": "Polygon", "coordinates": [[[4361, 3712], [4352, 3528], [4427, 3544], [4430, 3484], [4492, 3342], [4441, 3228], [4345, 3229], [4317, 3267], [4310, 3386], [4258, 3385], [4247, 3485], [4194, 3481], [4229, 3536], [4223, 3589], [4204, 3644], [4167, 3659], [4190, 3718], [4250, 3685], [4279, 3753], [4323, 3698], [4361, 3712]]]}, "type": "Feature", "properties": {"labelrank": 8, "code_hasc": "LV.GR", "name": "Grobinas", "admin": "Latvia", "type_en": "Municipality", "region": "Kurzeme", "woe_id": -2346029, "longitude": 21, "woe_name": "Kurzeme", "fips": "LG", "woe_label": "Kuldigas Rajons, LV, Latvia", "latitude": 56, "iso_a2": "LV", "postal": "K", "type": "Novads", "id": "LV.GR"}}, {"geometry": {"type": "Polygon", "coordinates": [[[4317, 3267], [4280, 3275], [4275, 3175], [4214, 3078], [4196, 3091], [4190, 3001], [4156, 3149], [4104, 3141], [4112, 3330], [4170, 3452], [4162, 3356], [4199, 3336], [4194, 3481], [4247, 3485], [4258, 3385], [4310, 3386], [4317, 3267]]]}, "type": "Feature", "properties": {"labelrank": 8, "code_hasc": "LV.NI", "name": "Nicas", "admin": "Latvia", "type_en": "Municipality", "region": "Kurzeme", "woe_id": -2346029, "longitude": 21, "woe_name": "Kurzeme", "fips": "LG", "woe_label": "Kuldigas Rajons, LV, Latvia", "latitude": 56, "iso_a2": "LV", "postal": "K", "type": "Novads", "id": "LV.NI"}}, {"geometry": {"type": "Polygon", "coordinates": [[[4317, 3267], [4345, 3229], [4441, 3228], [4523, 3133], [4331, 3023], [4272, 2878], [4160, 2865], [4104, 3141], [4156, 3149], [4190, 3001], [4196, 3091], [4214, 3078], [4275, 3175], [4280, 3275], [4317, 3267]]]}, "type": "Feature", "properties": {"labelrank": 8, "code_hasc": "LV.RC", "name": "Rucavas", "admin": "Latvia", "type_en": "Municipality", "region": "Kurzeme", "woe_id": -2346029, "longitude": 21, "woe_name": "Kurzeme", "fips": "LG", "woe_label": "Kuldigas Rajons, LV, Latvia", "latitude": 56, "iso_a2": "LV", "postal": "K", "type": "Novads", "id": "LV.RC"}}, {"geometry": {"type": "Polygon", "coordinates": [[[4488, 4125], [4564, 4066], [4516, 4015], [4517, 3974], [4420, 3931], [4412, 3831], [4394, 3857], [4368, 3833], [4387, 3748], [4361, 3712], [4323, 3698], [4279, 3753], [4250, 3685], [4190, 3718], [4218, 3996], [4435, 4173], [4488, 4125]]]}, "type": "Feature", "properties": {"labelrank": 8, "code_hasc": "LV.PT", "name": "Pavilostas", "admin": "Latvia", "type_en": "Municipality", "region": "Kurzeme", "woe_id": -2346029, "longitude": 21, "woe_name": "Kurzeme", "fips": "LG", "woe_label": "Kuldigas Rajons, LV, Latvia", "latitude": 56, "iso_a2": "LV", "postal": "K", "type": "Novads", "id": "LV.PT"}}, {"geometry": {"type": "Polygon", "coordinates": [[[4412, 3831], [4517, 3690], [4614, 3705], [4642, 3682], [4648, 3601], [4608, 3562], [4575, 3579], [4550, 3552], [4572, 3495], [4534, 3493], [4469, 3564], [4474, 3508], [4430, 3484], [4427, 3544], [4352, 3528], [4361, 3712], [4387, 3748], [4368, 3833], [4394, 3857], [4412, 3831]]]}, "type": "Feature", "properties": {"labelrank": 8, "code_hasc": "LV.DR", "name": "Durbes", "admin": "Latvia", "type_en": "Municipality", "region": "Kurzeme", "woe_id": -2346030, "longitude": 21, "woe_name": "Liepaja", "fips": "LG", "woe_label": "Liepajas Rajons, LV, Latvia", "latitude": 56, "iso_a2": "LV", "postal": "LP", "type": "Novads", "id": "LV.DR"}}, {"geometry": {"type": "Polygon", "coordinates": [[[5462, 5154], [5447, 5084], [5487, 4916], [5425, 4911], [5367, 4788], [5266, 4787], [5248, 4821], [5195, 4769], [5053, 4810], [5209, 4929], [5154, 5150], [5463, 5293], [5462, 5154]]]}, "type": "Feature", "properties": {"labelrank": 8, "code_hasc": "LV.DN", "name": "Dundagas", "admin": "Latvia", "type_en": "Municipality", "region": "Kurzeme", "woe_id": -2346039, "longitude": 22, "woe_name": "Talsi", "fips": "LG", "woe_label": "Talsu Rajons, LV, Latvia", "latitude": 57, "iso_a2": "LV", "postal": "TA", "type": "Novads", "id": "LV.DN"}}, {"geometry": {"type": "Polygon", "coordinates": [[[5462, 5154], [5513, 5037], [5776, 4778], [5696, 4725], [5577, 4851], [5548, 4818], [5540, 4885], [5487, 4916], [5447, 5084], [5462, 5154]]]}, "type": "Feature", "properties": {"labelrank": 8, "code_hasc": "LV.RR", "name": "Rojas", "admin": "Latvia", "type_en": "Municipality", "region": "Kurzeme", "woe_id": -2346039, "longitude": 22, "woe_name": "Talsi", "fips": "LG", "woe_label": "Talsu Rajons, LV, Latvia", "latitude": 57, "iso_a2": "LV", "postal": "TA", "type": "Novads", "id": "LV.RR"}}, {"geometry": {"type": "Polygon", "coordinates": [[[5905, 4640], [5866, 4562], [5840, 4524], [5821, 4589], [5741, 4611], [5715, 4664], [5804, 4752], [5882, 4717], [5905, 4640]]]}, "type": "Feature", "properties": {"labelrank": 8, "code_hasc": "LV.ME", "name": "Mersraga", "admin": "Latvia", "type_en": "Municipality", "region": "Kurzeme", "woe_id": -2346039, "longitude": 23, "woe_name": "Talsi", "fips": "LG", "woe_label": "Talsu Rajons, LV, Latvia", "latitude": 57, "iso_a2": "LV", "postal": "TA", "type": "Novads", "id": "LV.ME"}}, {"geometry": {"type": "Polygon", "coordinates": [[[7618, 3314], [7622, 3210], [7682, 3197], [7635, 3138], [7712, 3058], [7718, 2980], [7670, 2952], [7444, 3004], [7275, 3359], [7314, 3424], [7389, 3438], [7440, 3303], [7618, 3314]]]}, "type": "Feature", "properties": {"labelrank": 8, "code_hasc": "LV.NE", "name": "Neretas", "admin": "Latvia", "type_en": "Municipality", "region": "Zemgale", "woe_id": -2346018, "longitude": 25, "woe_name": "Zemgale", "fips": "LG", "woe_label": "Aizjrayjkes Rajons, LV, Latvia", "latitude": 56, "iso_a2": "LV", "postal": "Z", "type": "Novads", "id": "LV.NE"}}, {"geometry": {"type": "Polygon", "coordinates": [[[8262, 3328], [8319, 3291], [8356, 3067], [8445, 3007], [8486, 2877], [8457, 2959], [8399, 2982], [8316, 2926], [8328, 2895], [8253, 2832], [8225, 2848], [8098, 3053], [7949, 3059], [7936, 3153], [7979, 3164], [7977, 3239], [8025, 3253], [8063, 3332], [8042, 3439], [8093, 3424], [8087, 3453], [8233, 3392], [8262, 3328]]]}, "type": "Feature", "properties": {"labelrank": 8, "code_hasc": "LV.JP", "name": "Jekabpils", "admin": "Latvia", "type_en": "Municipality", "region": "Zemgale", "woe_id": -2346026, "longitude": 25, "woe_name": "Jekabpils", "fips": "LG", "woe_label": "Jekabpils Rajons, LV, Latvia", "latitude": 56, "iso_a2": "LV", "postal": "JK", "type": "Novads", "id": "LV.JP"}}, {"geometry": {"type": "Polygon", "coordinates": [[[8483, 3671], [8661, 3617], [8658, 3553], [8692, 3543], [8669, 3462], [8624, 3462], [8571, 3466], [8482, 3400], [8441, 3488], [8394, 3486], [8262, 3328], [8233, 3392], [8087, 3453], [8120, 3503], [8045, 3498], [7980, 3554], [7986, 3621], [8126, 3662], [8166, 3704], [8213, 3648], [8285, 3690], [8363, 3628], [8409, 3631], [8418, 3596], [8483, 3671]]]}, "type": "Feature", "properties": {"labelrank": 8, "code_hasc": "LV.KT", "name": "Krustpils", "admin": "Latvia", "type_en": "Municipality", "region": "Zemgale", "woe_id": -2346026, "longitude": 26, "woe_name": "Jekabpils", "fips": "LG", "woe_label": "Jekabpils Rajons, LV, Latvia", "latitude": 56, "iso_a2": "LV", "postal": "JK", "type": "Novads", "id": "LV.KT"}}, {"geometry": {"type": "Polygon", "coordinates": [[[7986, 3621], [7980, 3554], [8045, 3498], [8042, 3439], [8063, 3332], [8025, 3253], [7977, 3239], [7971, 3264], [7929, 3260], [7860, 3406], [7829, 3469], [7867, 3553], [7836, 3565], [7986, 3621]]]}, "type": "Feature", "properties": {"labelrank": 8, "code_hasc": "LV.SC", "name": "Salas", "admin": "Latvia", "type_en": "Municipality", "region": "Zemgale", "woe_id": -2346026, "longitude": 25, "woe_name": "Jekabpils", "fips": "LG", "woe_label": "Jekabpils Rajons, LV, Latvia", "latitude": 56, "iso_a2": "LV", "postal": "JK", "type": "Novads", "id": "LV.SC"}}, {"geometry": {"type": "Polygon", "coordinates": [[[8126, 3662], [7986, 3621], [7836, 3565], [7787, 3567], [7775, 3615], [7843, 3711], [7831, 3763], [7868, 3770], [7854, 3841], [7928, 3851], [7985, 3937], [8048, 3882], [8044, 3769], [8127, 3726], [8126, 3662]]]}, "type": "Feature", "properties": {"labelrank": 8, "code_hasc": "LV.PL", "name": "Plavinu", "admin": "Latvia", "type_en": "Municipality", "region": "Zemgale", "woe_id": -2346026, "longitude": 25, "woe_name": "Jekabpils", "fips": "LG", "woe_label": "Jekabpils Rajons, LV, Latvia", "latitude": 56, "iso_a2": "LV", "postal": "JK", "type": "Novads", "id": "LV.PL"}}, {"geometry": {"type": "Polygon", "coordinates": [[[7928, 3851], [7854, 3841], [7868, 3770], [7831, 3763], [7843, 3711], [7775, 3615], [7696, 3641], [7613, 3582], [7598, 3736], [7588, 3807], [7686, 3832], [7776, 3910], [7928, 3851]]]}, "type": "Feature", "properties": {"labelrank": 8, "code_hasc": "LV.KO", "name": "Kokneses", "admin": "Latvia", "type_en": "Municipality", "region": "Zemgale", "woe_id": -2346026, "longitude": 25, "woe_name": "Jekabpils", "fips": "LG", "woe_label": "Jekabpils Rajons, LV, Latvia", "latitude": 56, "iso_a2": "LV", "postal": "JK", "type": "Novads", "id": "LV.KO"}}, {"geometry": {"type": "Polygon", "coordinates": [[[7598, 3736], [7613, 3582], [7550, 3577], [7487, 3620], [7520, 3652], [7515, 3744], [7598, 3736]]]}, "type": "Feature", "properties": {"labelrank": 8, "code_hasc": "LV.AK", "name": "Aizkraukles", "admin": "Latvia", "type_en": "Municipality", "region": "Zemgale", "woe_id": -2346026, "longitude": 25, "woe_name": "Jekabpils", "fips": "LG", "woe_label": "Jekabpils Rajons, LV, Latvia", "latitude": 56, "iso_a2": "LV", "postal": "JK", "type": "Novads", "id": "LV.AK"}}, {"geometry": {"type": "Polygon", "coordinates": [[[7515, 3744], [7520, 3652], [7487, 3620], [7415, 3609], [7395, 3627], [7388, 3710], [7418, 3740], [7396, 3777], [7451, 3793], [7515, 3744]]]}, "type": "Feature", "properties": {"labelrank": 8, "code_hasc": "LV.SR", "name": "Skriveru", "admin": "Latvia", "type_en": "Municipality", "region": "Zemgale", "woe_id": -2346026, "longitude": 25, "woe_name": "Jekabpils", "fips": "LG", "woe_label": "Jekabpils Rajons, LV, Latvia", "latitude": 56, "iso_a2": "LV", "postal": "JK", "type": "Novads", "id": "LV.SR"}}, {"geometry": {"type": "Polygon", "coordinates": [[[7775, 3615], [7787, 3567], [7836, 3565], [7867, 3553], [7829, 3469], [7860, 3406], [7749, 3324], [7618, 3314], [7440, 3303], [7389, 3438], [7336, 3559], [7410, 3577], [7415, 3609], [7487, 3620], [7550, 3577], [7613, 3582], [7696, 3641], [7775, 3615]]]}, "type": "Feature", "properties": {"labelrank": 8, "code_hasc": "LV.JJ", "name": "Jaunjelgavas", "admin": "Latvia", "type_en": "Municipality", "region": "Zemgale", "woe_id": -2346026, "longitude": 25, "woe_name": "Jekabpils", "fips": "LG", "woe_label": "Jekabpils Rajons, LV, Latvia", "latitude": 56, "iso_a2": "LV", "postal": "JK", "type": "Novads", "id": "LV.JJ"}}, {"geometry": {"type": "Polygon", "coordinates": [[[7977, 3239], [7979, 3164], [7936, 3153], [7949, 3059], [7916, 2934], [7670, 2952], [7718, 2980], [7712, 3058], [7635, 3138], [7682, 3197], [7622, 3210], [7618, 3314], [7749, 3324], [7860, 3406], [7929, 3260], [7971, 3264], [7977, 3239]]]}, "type": "Feature", "properties": {"labelrank": 8, "code_hasc": "LV.VT", "name": "Viesites", "admin": "Latvia", "type_en": "Municipality", "region": "Zemgale", "woe_id": -2346026, "longitude": 25, "woe_name": "Jekabpils", "fips": "LG", "woe_label": "Jekabpils Rajons, LV, Latvia", "latitude": 56, "iso_a2": "LV", "postal": "JK", "type": "Novads", "id": "LV.VT"}}, {"geometry": {"type": "Polygon", "coordinates": [[[8225, 2848], [8157, 2820], [8065, 2907], [8090, 2848], [8039, 2785], [7916, 2934], [7949, 3059], [8098, 3053], [8225, 2848]]]}, "type": "Feature", "properties": {"labelrank": 8, "code_hasc": "LV.AN", "name": "Aknistes", "admin": "Latvia", "type_en": "Municipality", "region": "Zemgale", "woe_id": -2346026, "longitude": 25, "woe_name": "Jekabpils", "fips": "LG", "woe_label": "Jekabpils Rajons, LV, Latvia", "latitude": 56, "iso_a2": "LV", "postal": "JK", "type": "Novads", "id": "LV.AN"}}, {"geometry": {"type": "Polygon", "coordinates": [[[7336, 3559], [7389, 3438], [7314, 3424], [7275, 3359], [7255, 3304], [7120, 3262], [7035, 3162], [6960, 3162], [6980, 3238], [6932, 3266], [6999, 3308], [6984, 3374], [6952, 3415], [6923, 3402], [6877, 3483], [6882, 3517], [6829, 3532], [6818, 3603], [6866, 3614], [6855, 3676], [6989, 3753], [7052, 3744], [7079, 3700], [7047, 3650], [7132, 3557], [7100, 3505], [7336, 3559]]]}, "type": "Feature", "properties": {"labelrank": 8, "code_hasc": "LV.VC", "name": "Vecumnieku", "admin": "Latvia", "type_en": "Municipality", "region": "Zemgale", "woe_id": -2346026, "longitude": 24, "woe_name": "Jekabpils", "fips": "LG", "woe_label": "Jekabpils Rajons, LV, Latvia", "latitude": 56, "iso_a2": "LV", "postal": "JK", "type": "Novads", "id": "LV.VC"}}, {"geometry": {"type": "Polygon", "coordinates": [[[6855, 3676], [6866, 3614], [6818, 3603], [6829, 3532], [6882, 3517], [6877, 3483], [6812, 3490], [6758, 3440], [6633, 3491], [6658, 3548], [6590, 3589], [6615, 3613], [6574, 3680], [6603, 3674], [6596, 3714], [6639, 3705], [6689, 3685], [6698, 3688], [6708, 3700], [6718, 3720], [6737, 3722], [6754, 3731], [6855, 3676]]]}, "type": "Feature", "properties": {"labelrank": 8, "code_hasc": "LV.IE", "name": "Iecavas", "admin": "Latvia", "type_en": "Municipality", "region": "Zemgale", "woe_id": -2346026, "longitude": 24, "woe_name": "Jekabpils", "fips": "LG", "woe_label": "Jekabpils Rajons, LV, Latvia", "latitude": 56, "iso_a2": "LV", "postal": "JK", "type": "Novads", "id": "LV.IE"}}, {"geometry": {"type": "Polygon", "coordinates": [[[6566, 3776], [6568, 3763], [6576, 3746], [6570, 3725], [6596, 3714], [6603, 3674], [6574, 3680], [6615, 3613], [6590, 3589], [6658, 3548], [6633, 3491], [6583, 3442], [6563, 3442], [6498, 3597], [6401, 3654], [6403, 3704], [6353, 3718], [6304, 3755], [6373, 3796], [6382, 3787], [6395, 3778], [6409, 3775], [6489, 3798], [6499, 3798], [6522, 3773], [6566, 3776]]]}, "type": "Feature", "properties": {"labelrank": 8, "code_hasc": "LV.OZ", "name": "Ozolnieku", "admin": "Latvia", "type_en": "Municipality", "region": "Zemgale", "woe_id": -2346026, "longitude": 23, "woe_name": "Jekabpils", "fips": "LG", "woe_label": "Jekabpils Rajons, LV, Latvia", "latitude": 56, "iso_a2": "LV", "postal": "JK", "type": "Novads", "id": "LV.OZ"}}, {"geometry": {"type": "Polygon", "coordinates": [[[6583, 3442], [6599, 3330], [6695, 3273], [6672, 3247], [6624, 3268], [6554, 3164], [6464, 3193], [6440, 3343], [6563, 3442], [6583, 3442]]]}, "type": "Feature", "properties": {"labelrank": 8, "code_hasc": "LV.RD", "name": "Rundales", "admin": "Latvia", "type_en": "Municipality", "region": "Zemgale", "woe_id": -2346026, "longitude": 23, "woe_name": "Jekabpils", "fips": "LG", "woe_label": "Jekabpils Rajons, LV, Latvia", "latitude": 56, "iso_a2": "LV", "postal": "JK", "type": "Novads", "id": "LV.RD"}}, {"geometry": {"type": "Polygon", "coordinates": [[[6096, 3431], [6133, 3291], [6064, 3228], [5992, 3256], [5897, 3235], [5854, 3311], [5879, 3345], [6010, 3383], [5982, 3428], [6049, 3508], [6096, 3431]]]}, "type": "Feature", "properties": {"labelrank": 8, "code_hasc": "LV.TE", "name": "Tervetes", "admin": "Latvia", "type_en": "Municipality", "region": "Zemgale", "woe_id": -2346026, "longitude": 23, "woe_name": "Jekabpils", "fips": "LG", "woe_label": "Jekabpils Rajons, LV, Latvia", "latitude": 56, "iso_a2": "LV", "postal": "JK", "type": "Novads", "id": "LV.TE"}}, {"geometry": {"type": "Polygon", "coordinates": [[[5879, 3345], [5854, 3311], [5897, 3235], [5807, 3157], [5723, 3302], [5644, 3296], [5537, 3338], [5529, 3544], [5599, 3547], [5639, 3503], [5731, 3593], [5746, 3559], [5780, 3576], [5832, 3510], [5833, 3414], [5879, 3345]]]}, "type": "Feature", "properties": {"labelrank": 8, "code_hasc": "LV.AU", "name": "Auces", "admin": "Latvia", "type_en": "Municipality", "region": "Zemgale", "woe_id": -2346026, "longitude": 22, "woe_name": "Jekabpils", "fips": "LG", "woe_label": "Jekabpils Rajons, LV, Latvia", "latitude": 56, "iso_a2": "LV", "postal": "JK", "type": "Novads", "id": "LV.AU"}}, {"geometry": {"type": "Polygon", "coordinates": [[[8959, 4044], [8894, 4181], [8852, 4193], [8851, 4244], [8962, 4390], [9218, 4325], [9167, 4222], [9174, 4192], [9215, 4204], [9233, 4142], [9132, 4027], [8959, 4044]]]}, "type": "Feature", "properties": {"labelrank": 8, "code_hasc": "LV.RJ", "name": "Rugaju", "admin": "Latvia", "type_en": "Municipality", "region": "Latgale", "woe_id": -2346042, "longitude": 27, "woe_name": "Balvi", "fips": "LG", "woe_label": "Balvu Rajons, LV, Latvia", "latitude": 56, "iso_a2": "LV", "postal": "BL", "type": "Novads", "id": "LV.RJ"}}, {"geometry": {"type": "Polygon", "coordinates": [[[9555, 4298], [9470, 4274], [9463, 4304], [9401, 4300], [9389, 4357], [9273, 4471], [9331, 4641], [9386, 4622], [9489, 4770], [9598, 4701], [9616, 4647], [9607, 4488], [9499, 4401], [9552, 4351], [9555, 4298]]]}, "type": "Feature", "properties": {"labelrank": 8, "code_hasc": "LV.VL", "name": "Vilakas", "admin": "Latvia", "type_en": "Municipality", "region": "Latgale", "woe_id": -2346042, "longitude": 27, "woe_name": "Balvi", "fips": "LG", "woe_label": "Balvu Rajons, LV, Latvia", "latitude": 57, "iso_a2": "LV", "postal": "BL", "type": "Novads", "id": "LV.VL"}}, {"geometry": {"type": "Polygon", "coordinates": [[[9489, 4016], [9421, 4055], [9330, 4024], [9302, 4095], [9494, 4232], [9470, 4274], [9555, 4298], [9489, 4016]]]}, "type": "Feature", "properties": {"labelrank": 8, "code_hasc": "LV.BA", "name": "Baltinavas", "admin": "Latvia", "type_en": "Municipality", "region": "Latgale", "woe_id": -2346042, "longitude": 27, "woe_name": "Balvi", "fips": "LG", "woe_label": "Balvu Rajons, LV, Latvia", "latitude": 56, "iso_a2": "LV", "postal": "BL", "type": "Novads", "id": "LV.BA"}}, {"geometry": {"type": "Polygon", "coordinates": [[[9674, 3881], [9640, 3857], [9630, 3766], [9595, 3802], [9501, 3789], [9455, 3689], [9364, 3748], [9343, 3906], [9250, 3917], [9259, 3975], [9330, 4024], [9421, 4055], [9489, 4016], [9637, 4057], [9712, 3976], [9674, 3881]]]}, "type": "Feature", "properties": {"labelrank": 8, "code_hasc": "LV.KA", "name": "Karsavas", "admin": "Latvia", "type_en": "Municipality", "region": "Latgale", "woe_id": -2346042, "longitude": 27, "woe_name": "Balvi", "fips": "LG", "woe_label": "Balvu Rajons, LV, Latvia", "latitude": 56, "iso_a2": "LV", "postal": "BL", "type": "Novads", "id": "LV.KA"}}, {"geometry": {"type": "Polygon", "coordinates": [[[9674, 3881], [9772, 3805], [9805, 3661], [9901, 3609], [9878, 3540], [9792, 3566], [9739, 3503], [9648, 3600], [9604, 3552], [9548, 3617], [9443, 3624], [9455, 3689], [9501, 3789], [9595, 3802], [9630, 3766], [9640, 3857], [9674, 3881]]]}, "type": "Feature", "properties": {"labelrank": 8, "code_hasc": "LV.CI", "name": "Ciblas", "admin": "Latvia", "type_en": "Municipality", "region": "Latgale", "woe_id": -2346042, "longitude": 27, "woe_name": "Balvi", "fips": "LG", "woe_label": "Balvu Rajons, LV, Latvia", "latitude": 56, "iso_a2": "LV", "postal": "BL", "type": "Novads", "id": "LV.CI"}}, {"geometry": {"type": "Polygon", "coordinates": [[[9945, 3434], [9999, 3187], [9955, 3018], [9923, 3037], [9875, 3010], [9885, 3110], [9921, 3210], [9897, 3242], [9821, 3287], [9753, 3215], [9711, 3213], [9689, 3265], [9823, 3363], [9791, 3434], [9945, 3434]]]}, "type": "Feature", "properties": {"labelrank": 8, "code_hasc": "LV.ZI", "name": "Zilupes", "admin": "Latvia", "type_en": "Municipality", "region": "Latgale", "woe_id": -2346042, "longitude": 28, "woe_name": "Balvi", "fips": "LG", "woe_label": "Balvu Rajons, LV, Latvia", "latitude": 56, "iso_a2": "LV", "postal": "BL", "type": "Novads", "id": "LV.ZI"}}, {"geometry": {"type": "Polygon", "coordinates": [[[9555, 3138], [9699, 3061], [9885, 3110], [9875, 3010], [9777, 2959], [9651, 2755], [9561, 2818], [9556, 2768], [9401, 2832], [9326, 2809], [9324, 2893], [9238, 2877], [9216, 2933], [9295, 2978], [9255, 3069], [9378, 3084], [9445, 3163], [9555, 3138]]]}, "type": "Feature", "properties": {"labelrank": 8, "code_hasc": "LV.DD", "name": "Dagdas", "admin": "Latvia", "type_en": "Municipality", "region": "Latgale", "woe_id": -2346042, "longitude": 27, "woe_name": "Balvi", "fips": "LG", "woe_label": "Balvu Rajons, LV, Latvia", "latitude": 56, "iso_a2": "LV", "postal": "BL", "type": "Novads", "id": "LV.DD"}}, {"geometry": {"type": "Polygon", "coordinates": [[[9255, 3069], [9295, 2978], [9216, 2933], [9238, 2877], [9178, 2848], [9185, 2784], [9149, 2744], [9062, 2736], [9000, 2771], [8997, 2848], [8967, 2844], [8928, 2945], [8961, 2940], [8961, 2988], [9046, 3025], [9099, 3014], [9146, 3075], [9255, 3069]]]}, "type": "Feature", "properties": {"labelrank": 8, "code_hasc": "LV.AG", "name": "Aglonas", "admin": "Latvia", "type_en": "Municipality", "region": "Latgale", "woe_id": -2346042, "longitude": 27, "woe_name": "Balvi", "fips": "LG", "woe_label": "Balvu Rajons, LV, Latvia", "latitude": 56, "iso_a2": "LV", "postal": "BL", "type": "Novads", "id": "LV.AG"}}, {"geometry": {"type": "Polygon", "coordinates": [[[8486, 2877], [8531, 2709], [8449, 2652], [8474, 2604], [8440, 2564], [8503, 2462], [8403, 2440], [8361, 2516], [8039, 2785], [8090, 2848], [8065, 2907], [8157, 2820], [8225, 2848], [8253, 2832], [8328, 2895], [8316, 2926], [8399, 2982], [8457, 2959], [8486, 2877]]]}, "type": "Feature", "properties": {"labelrank": 8, "code_hasc": "LV.IL", "name": "Ilukstes", "admin": "Latvia", "type_en": "Municipality", "region": "Latgale", "woe_id": -2346042, "longitude": 26, "woe_name": "Balvi", "fips": "LG", "woe_label": "Balvu Rajons, LV, Latvia", "latitude": 55, "iso_a2": "LV", "postal": "BL", "type": "Novads", "id": "LV.IL"}}, {"geometry": {"type": "Polygon", "coordinates": [[[8624, 3462], [8624, 3397], [8656, 3380], [8631, 3294], [8580, 3317], [8566, 3268], [8674, 3214], [8685, 3160], [8556, 3131], [8483, 3195], [8483, 3141], [8434, 3154], [8473, 3017], [8445, 3007], [8356, 3067], [8319, 3291], [8262, 3328], [8394, 3486], [8441, 3488], [8482, 3400], [8571, 3466], [8624, 3462]]]}, "type": "Feature", "properties": {"labelrank": 8, "code_hasc": "LV.LV", "name": "Livanu", "admin": "Latvia", "type_en": "Municipality", "region": "Latgale", "woe_id": -2346042, "longitude": 26, "woe_name": "Balvi", "fips": "LG", "woe_label": "Balvu Rajons, LV, Latvia", "latitude": 56, "iso_a2": "LV", "postal": "BL", "type": "Novads", "id": "LV.LV"}}, {"geometry": {"type": "Polygon", "coordinates": [[[8685, 3160], [8717, 3152], [8747, 3069], [8748, 3008], [8693, 2991], [8731, 2947], [8713, 2925], [8655, 2975], [8616, 2938], [8571, 3007], [8473, 3017], [8434, 3154], [8483, 3141], [8483, 3195], [8556, 3131], [8685, 3160]]]}, "type": "Feature", "properties": {"labelrank": 8, "code_hasc": "LV.VV", "name": "Varkavas", "admin": "Latvia", "type_en": "Municipality", "region": "Latgale", "woe_id": -2346042, "longitude": 26, "woe_name": "Balvi", "fips": "LG", "woe_label": "Balvu Rajons, LV, Latvia", "latitude": 56, "iso_a2": "LV", "postal": "BL", "type": "Novads", "id": "LV.VV"}}, {"geometry": {"type": "Polygon", "coordinates": [[[8938, 3412], [8918, 3358], [8999, 3245], [8964, 3204], [9046, 3025], [8961, 2988], [8961, 2940], [8928, 2945], [8853, 3025], [8882, 3068], [8833, 3166], [8722, 3240], [8786, 3331], [8694, 3406], [8656, 3380], [8624, 3397], [8624, 3462], [8669, 3462], [8692, 3543], [8784, 3569], [8844, 3544], [8813, 3502], [8840, 3483], [8958, 3456], [8938, 3412]]]}, "type": "Feature", "properties": {"labelrank": 8, "code_hasc": "LV.RB", "name": "Riebinu", "admin": "Latvia", "type_en": "Municipality", "region": "Latgale", "woe_id": -2346042, "longitude": 26, "woe_name": "Balvi", "fips": "LG", "woe_label": "Balvu Rajons, LV, Latvia", "latitude": 56, "iso_a2": "LV", "postal": "BL", "type": "Novads", "id": "LV.RB"}}, {"geometry": {"type": "Polygon", "coordinates": [[[8938, 3412], [8958, 3456], [8840, 3483], [8813, 3502], [8844, 3544], [8784, 3569], [8777, 3610], [8821, 3646], [8800, 3748], [8995, 3583], [9025, 3417], [8938, 3412]]]}, "type": "Feature", "properties": {"labelrank": 8, "code_hasc": "LV.VI", "name": "Vilanu", "admin": "Latvia", "type_en": "Municipality", "region": "Latgale", "woe_id": -2346042, "longitude": 26, "woe_name": "Balvi", "fips": "LG", "woe_label": "Balvu Rajons, LV, Latvia", "latitude": 56, "iso_a2": "LV", "postal": "BL", "type": "Novads", "id": "LV.VI"}}, {"geometry": {"type": "Polygon", "coordinates": [[[6865, 4437], [6940, 4438], [6974, 4326], [6825, 4212], [6766, 4258], [6780, 4315], [6838, 4358], [6846, 4439], [6865, 4437]]]}, "type": "Feature", "properties": {"labelrank": 8, "code_hasc": "LV.AD", "name": "Ādaži", "admin": "Latvia", "type_en": "Municipality", "region": "Riga", "woe_id": -2346037, "longitude": 24, "woe_name": "Riga", "fips": "LG", "woe_label": "Rigas Rajons, LV, Latvia", "latitude": 57, "iso_a2": "LV", "postal": "R", "type": "Novads", "id": "LV.AD"}}, {"geometry": {"type": "Polygon", "coordinates": [[[7212, 5610], [7272, 5382], [7364, 5341], [7429, 5253], [7427, 5132], [7402, 5089], [7261, 5088], [7218, 5226], [7076, 5299], [7016, 5462], [7022, 5555], [7102, 5558], [7139, 5624], [7212, 5610]]]}, "type": "Feature", "properties": {"labelrank": 8, "code_hasc": "LV.AJ", "name": "Alojas", "admin": "Latvia", "type_en": "Municipality", "region": "Riga", "woe_id": -2346037, "longitude": 24, "woe_name": "Riga", "fips": "LG", "woe_label": "Rigas Rajons, LV, Latvia", "latitude": 57, "iso_a2": "LV", "postal": "R", "type": "Novads", "id": "LV.AJ"}}, {"geometry": {"type": "Polygon", "coordinates": [[[6523, 4080], [6427, 4000], [6444, 3948], [6453, 3916], [6428, 3882], [6394, 3908], [6384, 3878], [6304, 3988], [6174, 4017], [6163, 4076], [6334, 4071], [6492, 4115], [6533, 4157], [6570, 4140], [6523, 4080]]]}, "type": "Feature", "properties": {"labelrank": 8, "code_hasc": "LV.BB", "name": "Babites", "admin": "Latvia", "type_en": "Municipality", "region": "Riga", "woe_id": -2346037, "longitude": 23, "woe_name": "Riga", "fips": "LG", "woe_label": "Rigas Rajons, LV, Latvia", "latitude": 56, "iso_a2": "LV", "postal": "R", "type": "Novads", "id": "LV.BB"}}, {"geometry": {"type": "Polygon", "coordinates": [[[6991, 3809], [6989, 3753], [6855, 3676], [6754, 3731], [6734, 3752], [6720, 3758], [6726, 3791], [6786, 3799], [6773, 3856], [6991, 3809]]]}, "type": "Feature", "properties": {"labelrank": 8, "code_hasc": "LV.BD", "name": "Baldones", "admin": "Latvia", "type_en": "Municipality", "region": "Riga", "woe_id": -2346037, "longitude": 24, "woe_name": "Riga", "fips": "LG", "woe_label": "Rigas Rajons, LV, Latvia", "latitude": 56, "iso_a2": "LV", "postal": "R", "type": "Novads", "id": "LV.BD"}}, {"geometry": {"type": "Polygon", "coordinates": [[[6846, 4439], [6838, 4358], [6780, 4315], [6766, 4258], [6698, 4247], [6659, 4300], [6832, 4463], [6846, 4439]]]}, "type": "Feature", "properties": {"labelrank": 8, "code_hasc": "LV.CR", "name": "Carnikavas", "admin": "Latvia", "type_en": "Municipality", "region": "Riga", "woe_id": -2346037, "longitude": 24, "woe_name": "Riga", "fips": "LG", "woe_label": "Rigas Rajons, LV, Latvia", "latitude": 57, "iso_a2": "LV", "postal": "R", "type": "Novads", "id": "LV.CR"}}, {"geometry": {"type": "Polygon", "coordinates": [[[6233, 4145], [6151, 4079], [6067, 4041], [5888, 4059], [5956, 4270], [5854, 4402], [5866, 4562], [5905, 4640], [5981, 4318], [6043, 4258], [6177, 4217], [6233, 4145]]]}, "type": "Feature", "properties": {"labelrank": 8, "code_hasc": "LV.EN", "name": "Engures", "admin": "Latvia", "type_en": "Municipality", "region": "Riga", "woe_id": -2346037, "longitude": 23, "woe_name": "Riga", "fips": "LG", "woe_label": "Rigas Rajons, LV, Latvia", "latitude": 57, "iso_a2": "LV", "postal": "R", "type": "Novads", "id": "LV.EN"}}, {"geometry": {"type": "Polygon", "coordinates": [[[7020, 4259], [6984, 4248], [6993, 4174], [6889, 4163], [6866, 4089], [6825, 4125], [6698, 4247], [6766, 4258], [6825, 4212], [6974, 4326], [7020, 4259]]]}, "type": "Feature", "properties": {"labelrank": 8, "code_hasc": "LV.GA", "name": "Garkalnes", "admin": "Latvia", "type_en": "Municipality", "region": "Riga", "woe_id": -2346037, "longitude": 24, "woe_name": "Riga", "fips": "LG", "woe_label": "Rigas Rajons, LV, Latvia", "latitude": 57, "iso_a2": "LV", "postal": "R", "type": "Novads", "id": "LV.GA"}}, {"geometry": {"type": "Polygon", "coordinates": [[[7124, 4020], [7159, 3977], [7040, 3897], [6980, 3904], [6925, 3934], [6935, 4006], [6969, 3982], [6985, 4025], [7124, 4020]]]}, "type": "Feature", "properties": {"labelrank": 8, "code_hasc": "LV.IK", "name": "Ikskiles", "admin": "Latvia", "type_en": "Municipality", "region": "Riga", "woe_id": -2346037, "longitude": 24, "woe_name": "Riga", "fips": "LG", "woe_label": "Rigas Rajons, LV, Latvia", "latitude": 56, "iso_a2": "LV", "postal": "R", "type": "Novads", "id": "LV.IK"}}, {"geometry": {"type": "Polygon", "coordinates": [[[7189, 4371], [7174, 4287], [7071, 4261], [7020, 4259], [6974, 4326], [7021, 4373], [7099, 4356], [7155, 4389], [7189, 4371]]]}, "type": "Feature", "properties": {"labelrank": 8, "code_hasc": "LV.IN", "name": "Incukalna", "admin": "Latvia", "type_en": "Municipality", "region": "Riga", "woe_id": -2346037, "longitude": 24, "woe_name": "Riga", "fips": "LG", "woe_label": "Rigas Rajons, LV, Latvia", "latitude": 57, "iso_a2": "LV", "postal": "R", "type": "Novads", "id": "LV.IN"}}, {"geometry": {"type": "Polygon", "coordinates": [[[5722, 3964], [5713, 3899], [5796, 3893], [5864, 3734], [5625, 3736], [5597, 3892], [5644, 3926], [5636, 3958], [5722, 3964]]]}, "type": "Feature", "properties": {"labelrank": 8, "code_hasc": "LV.JU", "name": "Jaunpils", "admin": "Latvia", "type_en": "Municipality", "region": "Riga", "woe_id": -2346037, "longitude": 22, "woe_name": "Riga", "fips": "LG", "woe_label": "Rigas Rajons, LV, Latvia", "latitude": 56, "iso_a2": "LV", "postal": "R", "type": "Novads", "id": "LV.JU"}}, {"geometry": {"type": "Polygon", "coordinates": [[[6533, 4157], [6492, 4115], [6334, 4071], [6163, 4076], [6151, 4079], [6233, 4145], [6326, 4123], [6512, 4180], [6533, 4157]]]}, "type": "Feature", "properties": {"labelrank": 8, "code_hasc": "LV.JM", "name": "Jurmala", "admin": "Latvia", "type_en": "Republican City", "region": "Riga", "woe_id": -2346037, "longitude": 23, "woe_name": "Riga", "fips": "LG", "woe_label": "Rigas Rajons, LV, Latvia", "latitude": 56, "iso_a2": "LV", "postal": "R", "type": "Republikas Pilsētas", "id": "LV.JM"}}, {"geometry": {"type": "Polygon", "coordinates": [[[5722, 3964], [5636, 3958], [5644, 3926], [5597, 3892], [5480, 3900], [5360, 3966], [5392, 4049], [5333, 4063], [5379, 4203], [5481, 4204], [5488, 4319], [5719, 4388], [5727, 4343], [5646, 4292], [5675, 4206], [5625, 4141], [5702, 4054], [5722, 3964]]]}, "type": "Feature", "properties": {"labelrank": 8, "code_hasc": "LV.KN", "name": "Kandavas", "admin": "Latvia", "type_en": "Municipality", "region": "Riga", "woe_id": -2346037, "longitude": 22, "woe_name": "Riga", "fips": "LG", "woe_label": "Rigas Rajons, LV, Latvia", "latitude": 56, "iso_a2": "LV", "postal": "R", "type": "Novads", "id": "LV.KN"}}, {"geometry": {"type": "Polygon", "coordinates": [[[7310, 3883], [7212, 3757], [7268, 3729], [7310, 3649], [7395, 3627], [7415, 3609], [7410, 3577], [7336, 3559], [7100, 3505], [7132, 3557], [7047, 3650], [7079, 3700], [7052, 3744], [6989, 3753], [6991, 3809], [6980, 3904], [7040, 3897], [7152, 3787], [7224, 3931], [7310, 3883]]]}, "type": "Feature", "properties": {"labelrank": 8, "code_hasc": "LV.KG", "name": "Keguma", "admin": "Latvia", "type_en": "Municipality", "region": "Riga", "woe_id": -2346037, "longitude": 24, "woe_name": "Riga", "fips": "LG", "woe_label": "Rigas Rajons, LV, Latvia", "latitude": 56, "iso_a2": "LV", "postal": "R", "type": "Novads", "id": "LV.KG"}}, {"geometry": {"type": "Polygon", "coordinates": [[[6727, 3998], [6744, 3919], [6818, 3914], [6843, 3953], [6925, 3934], [6980, 3904], [6991, 3809], [6773, 3856], [6786, 3799], [6726, 3791], [6720, 3758], [6686, 3772], [6598, 3762], [6576, 3746], [6568, 3763], [6566, 3776], [6573, 3822], [6638, 3822], [6661, 3879], [6668, 3908], [6652, 3929], [6642, 3945], [6640, 3989], [6649, 3992], [6659, 4013], [6693, 4027], [6727, 3998]]]}, "type": "Feature", "properties": {"labelrank": 8, "code_hasc": "LV.KK", "name": "Kekavas", "admin": "Latvia", "type_en": "Municipality", "region": "Riga", "woe_id": -2346037, "longitude": 24, "woe_name": "Riga", "fips": "LG", "woe_label": "Rigas Rajons, LV, Latvia", "latitude": 56, "iso_a2": "LV", "postal": "R", "type": "Novads", "id": "LV.KK"}}, {"geometry": {"type": "Polygon", "coordinates": [[[7226, 4752], [7309, 4535], [7283, 4494], [7189, 4371], [7155, 4389], [7099, 4356], [7105, 4421], [7062, 4431], [7058, 4469], [7110, 4499], [7129, 4527], [7073, 4640], [7124, 4684], [7112, 4742], [7159, 4773], [7226, 4752]]]}, "type": "Feature", "properties": {"labelrank": 8, "code_hasc": "LV.KM", "name": "Krimuldas", "admin": "Latvia", "type_en": "Municipality", "region": "Riga", "woe_id": -2346037, "longitude": 24, "woe_name": "Riga", "fips": "LG", "woe_label": "Rigas Rajons, LV, Latvia", "latitude": 57, "iso_a2": "LV", "postal": "R", "type": "Novads", "id": "LV.KM"}}, {"geometry": {"type": "Polygon", "coordinates": [[[7451, 3793], [7396, 3777], [7418, 3740], [7388, 3710], [7395, 3627], [7310, 3649], [7268, 3729], [7212, 3757], [7310, 3883], [7405, 3868], [7451, 3793]]]}, "type": "Feature", "properties": {"labelrank": 8, "code_hasc": "LV.LL", "name": "Lielvardes", "admin": "Latvia", "type_en": "Municipality", "region": "Riga", "woe_id": -2346037, "longitude": 24, "woe_name": "Riga", "fips": "LG", "woe_label": "Rigas Rajons, LV, Latvia", "latitude": 56, "iso_a2": "LV", "postal": "R", "type": "Novads", "id": "LV.LL"}}, {"geometry": {"type": "Polygon", "coordinates": [[[7485, 4162], [7482, 4106], [7271, 4060], [7215, 4077], [7222, 4158], [7279, 4191], [7268, 4327], [7353, 4292], [7485, 4162]]]}, "type": "Feature", "properties": {"labelrank": 8, "code_hasc": "LV.ML", "name": "Malpils", "admin": "Latvia", "type_en": "Municipality", "region": "Riga", "woe_id": -2346037, "longitude": 24, "woe_name": "Riga", "fips": "LG", "woe_label": "Rigas Rajons, LV, Latvia", "latitude": 57, "iso_a2": "LV", "postal": "R", "type": "Novads", "id": "LV.ML"}}, {"geometry": {"type": "Polygon", "coordinates": [[[6622, 4003], [6579, 3953], [6543, 3950], [6477, 3940], [6453, 3916], [6444, 3948], [6427, 4000], [6523, 4080], [6590, 4052], [6619, 4021], [6622, 4003]]]}, "type": "Feature", "properties": {"labelrank": 8, "code_hasc": "LV.MR", "name": "Marupes", "admin": "Latvia", "type_en": "Municipality", "region": "Riga", "woe_id": -2346037, "longitude": 23, "woe_name": "Riga", "fips": "LG", "woe_label": "Rigas Rajons, LV, Latvia", "latitude": 56, "iso_a2": "LV", "postal": "R", "type": "Novads", "id": "LV.MR"}}, {"geometry": {"type": "MultiPolygon", "coordinates": [[[[6737, 3722], [6718, 3720], [6713, 3717], [6708, 3700], [6698, 3688], [6689, 3685], [6675, 3685], [6639, 3705], [6596, 3714], [6570, 3725], [6576, 3746], [6598, 3762], [6686, 3772], [6720, 3758], [6734, 3752], [6754, 3731], [6737, 3722]]], [[[6622, 4003], [6626, 3983], [6640, 3989], [6642, 3945], [6652, 3929], [6668, 3908], [6661, 3879], [6639, 3848], [6638, 3822], [6573, 3822], [6566, 3776], [6522, 3773], [6499, 3798], [6489, 3798], [6409, 3775], [6395, 3778], [6382, 3787], [6373, 3796], [6380, 3831], [6376, 3837], [6394, 3908], [6428, 3882], [6453, 3916], [6477, 3940], [6543, 3950], [6579, 3953], [6598, 3976], [6622, 4003]]]]}, "type": "Feature", "properties": {"labelrank": 8, "code_hasc": "LV.OL", "name": "Olaines", "admin": "Latvia", "type_en": "Municipality", "region": "Riga", "woe_id": -2346037, "longitude": 23, "woe_name": "Riga", "fips": "LG", "woe_label": "Rigas Rajons, LV, Latvia", "latitude": 56, "iso_a2": "LV", "postal": "R", "type": "Novads", "id": "LV.OL"}}, {"geometry": {"type": "Polygon", "coordinates": [[[7222, 4158], [7215, 4077], [7124, 4020], [6985, 4025], [6969, 3982], [6935, 4006], [6893, 4063], [6866, 4089], [6889, 4163], [6993, 4174], [6984, 4248], [7020, 4259], [7071, 4261], [7149, 4158], [7222, 4158]]]}, "type": "Feature", "properties": {"labelrank": 8, "code_hasc": "LV.RP", "name": "Ropazu", "admin": "Latvia", "type_en": "Municipality", "region": "Riga", "woe_id": -2346037, "longitude": 24, "woe_name": "Riga", "fips": "LG", "woe_label": "Rigas Rajons, LV, Latvia", "latitude": 56, "iso_a2": "LV", "postal": "R", "type": "Novads", "id": "LV.RP"}}, {"geometry": {"type": "Polygon", "coordinates": [[[7022, 5555], [7016, 5462], [7076, 5299], [7038, 5273], [7046, 5218], [7010, 5222], [7011, 5156], [6897, 5152], [6910, 5001], [7004, 4963], [6986, 4935], [7025, 4851], [6881, 4756], [6854, 5154], [6803, 5258], [6794, 5407], [6808, 5440], [6882, 5438], [6913, 5499], [7022, 5555]]]}, "type": "Feature", "properties": {"labelrank": 8, "code_hasc": "LV.SL", "name": "Salacgrivas", "admin": "Latvia", "type_en": "Municipality", "region": "Riga", "woe_id": -2346037, "longitude": 24, "woe_name": "Riga", "fips": "LG", "woe_label": "Rigas Rajons, LV, Latvia", "latitude": 57, "iso_a2": "LV", "postal": "R", "type": "Novads", "id": "LV.SL"}}, {"geometry": {"type": "Polygon", "coordinates": [[[6893, 4063], [6935, 4006], [6925, 3934], [6843, 3953], [6818, 3914], [6744, 3919], [6727, 3998], [6776, 3984], [6757, 4068], [6838, 4019], [6893, 4063]]]}, "type": "Feature", "properties": {"labelrank": 8, "code_hasc": "LV.SS", "name": "Salaspils", "admin": "Latvia", "type_en": "Municipality", "region": "Riga", "woe_id": -2346037, "longitude": 24, "woe_name": "Riga", "fips": "LG", "woe_label": "Rigas Rajons, LV, Latvia", "latitude": 56, "iso_a2": "LV", "postal": "R", "type": "Novads", "id": "LV.SS"}}, {"geometry": {"type": "Polygon", "coordinates": [[[6934, 4602], [6956, 4519], [6865, 4437], [6846, 4439], [6832, 4463], [6887, 4548], [6889, 4680], [6908, 4597], [6934, 4602]]]}, "type": "Feature", "properties": {"labelrank": 8, "code_hasc": "LV.SU", "name": "Saulkrastu", "admin": "Latvia", "type_en": "Municipality", "region": "Riga", "woe_id": -2346037, "longitude": 24, "woe_name": "Riga", "fips": "LG", "woe_label": "Rigas Rajons, LV, Latvia", "latitude": 57, "iso_a2": "LV", "postal": "R", "type": "Novads", "id": "LV.SU"}}, {"geometry": {"type": "Polygon", "coordinates": [[[7110, 4499], [7058, 4469], [7062, 4431], [7105, 4421], [7099, 4356], [7021, 4373], [6974, 4326], [6940, 4438], [6865, 4437], [6956, 4519], [6934, 4602], [7004, 4634], [7110, 4499]]]}, "type": "Feature", "properties": {"labelrank": 8, "code_hasc": "LV.SE", "name": "Sejas", "admin": "Latvia", "type_en": "Municipality", "region": "Riga", "woe_id": -2346037, "longitude": 24, "woe_name": "Riga", "fips": "LG", "woe_label": "Rigas Rajons, LV, Latvia", "latitude": 57, "iso_a2": "LV", "postal": "R", "type": "Novads", "id": "LV.SE"}}, {"geometry": {"type": "Polygon", "coordinates": [[[7454, 4338], [7500, 4277], [7472, 4253], [7502, 4199], [7485, 4162], [7353, 4292], [7268, 4327], [7279, 4191], [7222, 4158], [7149, 4158], [7071, 4261], [7174, 4287], [7189, 4371], [7283, 4494], [7337, 4446], [7354, 4358], [7454, 4338]]]}, "type": "Feature", "properties": {"labelrank": 8, "code_hasc": "LV.SI", "name": "Siguldas", "admin": "Latvia", "type_en": "Municipality", "region": "Riga", "woe_id": -2346037, "longitude": 24, "woe_name": "Riga", "fips": "LG", "woe_label": "Rigas Rajons, LV, Latvia", "latitude": 57, "iso_a2": "LV", "postal": "R", "type": "Novads", "id": "LV.SI"}}, {"geometry": {"type": "Polygon", "coordinates": [[[6866, 4089], [6893, 4063], [6838, 4019], [6757, 4068], [6825, 4125], [6866, 4089]]]}, "type": "Feature", "properties": {"labelrank": 8, "code_hasc": "LV.SP", "name": "Stopinu", "admin": "Latvia", "type_en": "Municipality", "region": "Riga", "woe_id": -2346037, "longitude": 24, "woe_name": "Riga", "fips": "LG", "woe_label": "Rigas Rajons, LV, Latvia", "latitude": 56, "iso_a2": "LV", "postal": "R", "type": "Novads", "id": "LV.SP"}}, {"geometry": {"type": "Polygon", "coordinates": [[[7812, 4400], [7795, 4363], [7838, 4345], [7857, 4282], [7804, 4214], [7771, 4236], [7770, 4175], [7757, 4175], [7724, 4170], [7685, 4090], [7642, 4147], [7570, 4084], [7482, 4106], [7485, 4162], [7502, 4199], [7472, 4253], [7500, 4277], [7454, 4338], [7533, 4392], [7489, 4510], [7434, 4539], [7525, 4566], [7544, 4612], [7615, 4558], [7614, 4519], [7648, 4520], [7665, 4456], [7812, 4400]]]}, "type": "Feature", "properties": {"labelrank": 8, "code_hasc": "LV.AM", "name": "Amatas", "admin": "Latvia", "type_en": "Municipality", "region": "Vidzeme", "woe_id": -2346042, "longitude": 25, "woe_name": "Valmiera", "fips": "LG", "woe_label": "Valmieras Rajons, LV, Latvia", "latitude": 57, "iso_a2": "LV", "postal": "VM", "type": "Novads", "id": "LV.AM"}}, {"geometry": {"type": "Polygon", "coordinates": [[[8766, 5051], [8780, 4952], [8712, 4929], [8702, 4832], [8632, 4823], [8617, 4781], [8523, 4798], [8524, 4754], [8461, 4716], [8486, 4690], [8369, 4684], [8389, 4931], [8428, 4952], [8416, 5050], [8536, 4960], [8607, 4970], [8665, 5037], [8766, 5051]]]}, "type": "Feature", "properties": {"labelrank": 8, "code_hasc": "LV.AP", "name": "Apes", "admin": "Latvia", "type_en": "Municipality", "region": "Vidzeme", "woe_id": -2346042, "longitude": 26, "woe_name": "Valmiera", "fips": "LG", "woe_label": "Valmieras Rajons, LV, Latvia", "latitude": 57, "iso_a2": "LV", "postal": "VM", "type": "Novads", "id": "LV.AP"}}, {"geometry": {"type": "Polygon", "coordinates": [[[7968, 4919], [7922, 4913], [7893, 4888], [7889, 4877], [7876, 4865], [7832, 4870], [7773, 4824], [7672, 4827], [7653, 4925], [7696, 4922], [7715, 4968], [7818, 5083], [7899, 5087], [7913, 5030], [7970, 4997], [7940, 4969], [8002, 4957], [7968, 4919]]]}, "type": "Feature", "properties": {"labelrank": 8, "code_hasc": "LV.BE", "name": "Beverinas", "admin": "Latvia", "type_en": "Municipality", "region": "Vidzeme", "woe_id": -2346042, "longitude": 25, "woe_name": "Valmiera", "fips": "LG", "woe_label": "Valmieras Rajons, LV, Latvia", "latitude": 57, "iso_a2": "LV", "postal": "VM", "type": "Novads", "id": "LV.BE"}}, {"geometry": {"type": "Polygon", "coordinates": [[[7542, 5349], [7562, 5318], [7706, 5337], [7782, 5343], [7890, 5265], [7838, 5236], [7824, 5163], [7753, 5128], [7818, 5083], [7715, 4968], [7701, 4995], [7653, 4985], [7501, 5163], [7427, 5132], [7429, 5253], [7364, 5341], [7376, 5367], [7450, 5345], [7437, 5402], [7460, 5412], [7542, 5349]]]}, "type": "Feature", "properties": {"labelrank": 8, "code_hasc": "LV.BT", "name": "Burtnieku", "admin": "Latvia", "type_en": "Municipality", "region": "Vidzeme", "woe_id": -2346042, "longitude": 25, "woe_name": "Valmiera", "fips": "LG", "woe_label": "Valmieras Rajons, LV, Latvia", "latitude": 57, "iso_a2": "LV", "postal": "VM", "type": "Novads", "id": "LV.BT"}}, {"geometry": {"type": "Polygon", "coordinates": [[[8458, 4268], [8489, 4188], [8455, 4102], [8346, 4094], [8304, 4129], [8307, 4318], [8417, 4344], [8458, 4268]]]}, "type": "Feature", "properties": {"labelrank": 8, "code_hasc": "LV.CV", "name": "Cesvaines", "admin": "Latvia", "type_en": "Municipality", "region": "Vidzeme", "woe_id": -2346042, "longitude": 26, "woe_name": "Valmiera", "fips": "LG", "woe_label": "Valmieras Rajons, LV, Latvia", "latitude": 57, "iso_a2": "LV", "postal": "VM", "type": "Novads", "id": "LV.CV"}}, {"geometry": {"type": "Polygon", "coordinates": [[[8076, 4138], [8127, 4055], [7990, 4028], [7985, 3937], [7928, 3851], [7776, 3910], [7757, 3988], [7815, 4000], [7757, 4175], [7770, 4175], [7877, 4178], [7871, 4131], [7947, 4185], [8076, 4138]]]}, "type": "Feature", "properties": {"labelrank": 8, "code_hasc": "LV.ER", "name": "Erglu", "admin": "Latvia", "type_en": "Municipality", "region": "Vidzeme", "woe_id": -2346042, "longitude": 25, "woe_name": "Valmiera", "fips": "LG", "woe_label": "Valmieras Rajons, LV, Latvia", "latitude": 56, "iso_a2": "LV", "postal": "VM", "type": "Novads", "id": "LV.ER"}}, {"geometry": {"type": "Polygon", "coordinates": [[[8255, 4310], [8100, 4334], [7980, 4413], [7975, 4479], [8012, 4492], [8053, 4461], [8073, 4461], [8114, 4472], [8148, 4495], [8166, 4517], [8227, 4502], [8293, 4407], [8255, 4310]]]}, "type": "Feature", "properties": {"labelrank": 8, "code_hasc": "LV.JA", "name": "Jaunpiebalgas", "admin": "Latvia", "type_en": "Municipality", "region": "Vidzeme", "woe_id": -2346042, "longitude": 26, "woe_name": "Valmiera", "fips": "LG", "woe_label": "Valmieras Rajons, LV, Latvia", "latitude": 57, "iso_a2": "LV", "postal": "VM", "type": "Novads", "id": "LV.JA"}}, {"geometry": {"type": "Polygon", "coordinates": [[[7653, 4985], [7653, 4925], [7672, 4827], [7664, 4746], [7525, 4788], [7453, 4901], [7419, 4908], [7358, 4998], [7272, 5004], [7261, 5088], [7402, 5089], [7427, 5132], [7501, 5163], [7653, 4985]]]}, "type": "Feature", "properties": {"labelrank": 8, "code_hasc": "LV.VR", "name": "Kocenu", "admin": "Latvia", "type_en": "Municipality", "region": "Vidzeme", "woe_id": -2346042, "longitude": 25, "woe_name": "Valmiera", "fips": "LG", "woe_label": "Valmieras Rajons, LV, Latvia", "latitude": 57, "iso_a2": "LV", "postal": "VM", "type": "Novads", "id": "LV.VR"}}, {"geometry": {"type": "Polygon", "coordinates": [[[7454, 4338], [7354, 4358], [7337, 4446], [7283, 4494], [7309, 4535], [7434, 4539], [7489, 4510], [7533, 4392], [7454, 4338]]]}, "type": "Feature", "properties": {"labelrank": 8, "code_hasc": "LV.LG", "name": "Ligatnes", "admin": "Latvia", "type_en": "Municipality", "region": "Vidzeme", "woe_id": -2346042, "longitude": 25, "woe_name": "Valmiera", "fips": "LG", "woe_label": "Valmieras Rajons, LV, Latvia", "latitude": 57, "iso_a2": "LV", "postal": "VM", "type": "Novads", "id": "LV.LG"}}, {"geometry": {"type": "Polygon", "coordinates": [[[8852, 4193], [8894, 4181], [8959, 4044], [8935, 3997], [8858, 4072], [8739, 4071], [8661, 3944], [8603, 3917], [8550, 3993], [8621, 4133], [8770, 4204], [8852, 4193]]]}, "type": "Feature", "properties": {"labelrank": 8, "code_hasc": "LV.LB", "name": "Lubanas", "admin": "Latvia", "type_en": "Municipality", "region": "Vidzeme", "woe_id": -2346042, "longitude": 26, "woe_name": "Valmiera", "fips": "LG", "woe_label": "Valmieras Rajons, LV, Latvia", "latitude": 56, "iso_a2": "LV", "postal": "VM", "type": "Novads", "id": "LV.LB"}}, {"geometry": {"type": "Polygon", "coordinates": [[[7542, 5349], [7460, 5412], [7437, 5402], [7450, 5345], [7376, 5367], [7364, 5341], [7272, 5382], [7212, 5610], [7417, 5738], [7427, 5613], [7542, 5425], [7542, 5349]]]}, "type": "Feature", "properties": {"labelrank": 8, "code_hasc": "LV.MZ", "name": "Mazsalacas", "admin": "Latvia", "type_en": "Municipality", "region": "Vidzeme", "woe_id": -2346042, "longitude": 25, "woe_name": "Valmiera", "fips": "LG", "woe_label": "Valmieras Rajons, LV, Latvia", "latitude": 57, "iso_a2": "LV", "postal": "VM", "type": "Novads", "id": "LV.MZ"}}, {"geometry": {"type": "Polygon", "coordinates": [[[7866, 5523], [7858, 5449], [7802, 5476], [7714, 5460], [7782, 5343], [7706, 5337], [7646, 5473], [7558, 5515], [7550, 5551], [7600, 5630], [7615, 5593], [7660, 5601], [7671, 5656], [7767, 5592], [7798, 5529], [7866, 5523]]]}, "type": "Feature", "properties": {"labelrank": 8, "code_hasc": "LV.NA", "name": "Nauksenu", "admin": "Latvia", "type_en": "Municipality", "region": "Vidzeme", "woe_id": -2346042, "longitude": 25, "woe_name": "Valmiera", "fips": "LG", "woe_label": "Valmieras Rajons, LV, Latvia", "latitude": 57, "iso_a2": "LV", "postal": "VM", "type": "Novads", "id": "LV.NA"}}, {"geometry": {"type": "Polygon", "coordinates": [[[7664, 4746], [7641, 4703], [7586, 4706], [7543, 4662], [7544, 4612], [7525, 4566], [7434, 4539], [7309, 4535], [7226, 4752], [7200, 4784], [7260, 4778], [7419, 4908], [7453, 4901], [7525, 4788], [7664, 4746]]]}, "type": "Feature", "properties": {"labelrank": 8, "code_hasc": "LV.PG", "name": "Pargaujas", "admin": "Latvia", "type_en": "Municipality", "region": "Vidzeme", "woe_id": -2346042, "longitude": 25, "woe_name": "Valmiera", "fips": "LG", "woe_label": "Valmieras Rajons, LV, Latvia", "latitude": 57, "iso_a2": "LV", "postal": "VM", "type": "Novads", "id": "LV.PG"}}, {"geometry": {"type": "Polygon", "coordinates": [[[7876, 4865], [7870, 4829], [7853, 4779], [7835, 4737], [7790, 4736], [7764, 4710], [7766, 4690], [7800, 4631], [7838, 4572], [7807, 4510], [7777, 4488], [7731, 4588], [7673, 4623], [7624, 4606], [7543, 4662], [7586, 4706], [7641, 4703], [7664, 4746], [7672, 4827], [7773, 4824], [7832, 4870], [7876, 4865]]]}, "type": "Feature", "properties": {"labelrank": 8, "code_hasc": "LV.PU", "name": "Priekulu", "admin": "Latvia", "type_en": "Municipality", "region": "Vidzeme", "woe_id": -2346042, "longitude": 25, "woe_name": "Valmiera", "fips": "LG", "woe_label": "Valmieras Rajons, LV, Latvia", "latitude": 57, "iso_a2": "LV", "postal": "VM", "type": "Novads", "id": "LV.PU"}}, {"geometry": {"type": "Polygon", "coordinates": [[[8099, 4967], [8094, 4888], [7968, 4919], [8002, 4957], [7940, 4969], [7970, 4997], [7913, 5030], [7899, 5087], [7818, 5083], [7753, 5128], [7824, 5163], [7838, 5236], [7890, 5265], [8014, 5290], [8000, 5222], [8026, 5190], [8128, 5175], [8107, 5100], [8042, 5073], [8061, 4966], [8099, 4967]]]}, "type": "Feature", "properties": {"labelrank": 8, "code_hasc": "LV.ST", "name": "Strencu", "admin": "Latvia", "type_en": "Municipality", "region": "Vidzeme", "woe_id": -2346042, "longitude": 25, "woe_name": "Valmiera", "fips": "LG", "woe_label": "Valmieras Rajons, LV, Latvia", "latitude": 57, "iso_a2": "LV", "postal": "VM", "type": "Novads", "id": "LV.ST"}}, {"geometry": {"type": "Polygon", "coordinates": [[[7671, 5656], [7660, 5601], [7615, 5593], [7600, 5630], [7550, 5551], [7558, 5515], [7646, 5473], [7706, 5337], [7562, 5318], [7542, 5349], [7542, 5425], [7427, 5613], [7417, 5738], [7474, 5726], [7514, 5620], [7566, 5654], [7548, 5752], [7671, 5656]]]}, "type": "Feature", "properties": {"labelrank": 8, "code_hasc": "LV.RU", "name": "Rujienas", "admin": "Latvia", "type_en": "Municipality", "region": "Vidzeme", "woe_id": -2346042, "longitude": 25, "woe_name": "Valmiera", "fips": "LG", "woe_label": "Valmieras Rajons, LV, Latvia", "latitude": 57, "iso_a2": "LV", "postal": "VM", "type": "Novads", "id": "LV.RU"}}, {"geometry": {"type": "Polygon", "coordinates": [[[7975, 4479], [7980, 4413], [8100, 4334], [8103, 4165], [8076, 4138], [7947, 4185], [7871, 4131], [7877, 4178], [7770, 4175], [7771, 4236], [7804, 4214], [7857, 4282], [7838, 4345], [7795, 4363], [7812, 4400], [7807, 4510], [7838, 4572], [7892, 4587], [7923, 4576], [7951, 4590], [7971, 4596], [7965, 4561], [7959, 4545], [7954, 4499], [7975, 4479]]]}, "type": "Feature", "properties": {"labelrank": 8, "code_hasc": "LV.VB", "name": "Vecpiebalgas", "admin": "Latvia", "type_en": "Municipality", "region": "Vidzeme", "woe_id": -2346042, "longitude": 25, "woe_name": "Valmiera", "fips": "LG", "woe_label": "Valmieras Rajons, LV, Latvia", "latitude": 57, "iso_a2": "LV", "postal": "VM", "type": "Novads", "id": "LV.VB"}}, {"geometry": {"type": "Polygon", "coordinates": [[[8389, 4931], [8369, 4684], [8361, 4612], [8200, 4582], [8188, 4604], [8175, 4606], [8163, 4614], [8146, 4617], [8082, 4610], [8067, 4612], [8058, 4609], [7971, 4596], [7951, 4590], [7945, 4604], [7941, 4621], [7945, 4645], [7943, 4654], [7946, 4665], [7956, 4670], [7954, 4682], [7930, 4715], [7916, 4748], [7876, 4865], [7889, 4877], [7893, 4888], [7922, 4913], [7968, 4919], [8094, 4888], [8099, 4967], [8238, 5028], [8331, 4992], [8336, 4964], [8380, 4972], [8389, 4931]]]}, "type": "Feature", "properties": {"labelrank": 8, "code_hasc": "LV.SM", "name": "Smiltenes", "admin": "Latvia", "type_en": "Municipality", "region": "Vidzeme", "woe_id": -2346042, "longitude": 26, "woe_name": "Valmiera", "fips": "LG", "woe_label": "Valmieras Rajons, LV, Latvia", "latitude": 57, "iso_a2": "LV", "postal": "VM", "type": "Novads", "id": "LV.SM"}}, {"geometry": {"type": "MultiPolygon", "coordinates": [[[[8163, 4614], [8188, 4604], [8200, 4582], [8201, 4562], [8166, 4559], [8161, 4554], [8158, 4550], [8166, 4517], [8148, 4495], [8114, 4472], [8053, 4461], [8012, 4492], [7975, 4479], [7954, 4499], [7959, 4545], [7965, 4561], [7971, 4596], [8058, 4609], [8067, 4612], [8082, 4610], [8146, 4617], [8163, 4614]]], [[[7916, 4748], [7930, 4715], [7954, 4682], [7956, 4670], [7946, 4665], [7943, 4654], [7941, 4621], [7945, 4604], [7951, 4590], [7923, 4576], [7892, 4587], [7838, 4572], [7834, 4602], [7800, 4631], [7764, 4710], [7790, 4736], [7835, 4737], [7837, 4764], [7853, 4779], [7870, 4829], [7876, 4865], [7883, 4848], [7922, 4773], [7916, 4748]]]]}, "type": "Feature", "properties": {"labelrank": 8, "code_hasc": "LV.RN", "name": "Raunas", "admin": "Latvia", "type_en": "Municipality", "region": "Vidzeme", "woe_id": -2346042, "longitude": 25, "woe_name": "Valmiera", "fips": "LG", "woe_label": "Valmieras Rajons, LV, Latvia", "latitude": 57, "iso_a2": "LV", "postal": "VM", "type": "Novads", "id": "LV.RN"}}, {"geometry": {"type": "Polygon", "coordinates": [[[8800, 3748], [8821, 3646], [8777, 3610], [8784, 3569], [8692, 3543], [8658, 3553], [8661, 3617], [8483, 3671], [8492, 3732], [8610, 3736], [8726, 3805], [8800, 3748]]]}, "type": "Feature", "properties": {"labelrank": 8, "code_hasc": "LV.VX", "name": "Varaklanu", "admin": "Latvia", "type_en": "Municipality", "region": "Vidzeme", "woe_id": -2346042, "longitude": 26, "woe_name": "Valmiera", "fips": "LG", "woe_label": "Valmieras Rajons, LV, Latvia", "latitude": 56, "iso_a2": "LV", "postal": "VM", "type": "Novads", "id": "LV.VX"}}, {"geometry": {"type": "Polygon", "coordinates": [[[5195, 4769], [5230, 4609], [5136, 4499], [5145, 4449], [5131, 4371], [5053, 4340], [4990, 4359], [4804, 4323], [4810, 4351], [4703, 4372], [4637, 4329], [4583, 4317], [4550, 4165], [4488, 4125], [4435, 4173], [4509, 4316], [4527, 4631], [4603, 4760], [4626, 4704], [4693, 4721], [4691, 4772], [4733, 4788], [4695, 4895], [4785, 5039], [4998, 5071], [5154, 5150], [5209, 4929], [5053, 4810], [5195, 4769]]]}, "type": "Feature", "properties": {"labelrank": 8, "code_hasc": "LV.VN", "name": "Ventspils", "admin": "Latvia", "type_en": "Municipality", "region": "Kurzeme", "woe_id": -2346043, "longitude": 21, "woe_name": "Ventspils", "fips": "LG", "woe_label": "Ventspils Rajons, LV, Latvia", "latitude": 57, "iso_a2": "LV", "postal": "VN", "type": "Novads", "id": "LV.VN"}}], "ac-tx": {"default": {"crs": "+proj=tmerc +lat_0=0 +lon_0=24 +k=0.9996 +x_0=500000 +y_0=-6000000 +ellps=GRS80 +towgs84=0,0,0,0,0,0,0 +units=m +no_defs", "scale": 0.013138098746411}}}