{"crs": {"type": "name", "properties": {"name": "urn:ogc:def:crs:EPSG:4326"}}, "type": "FeatureCollection", "features": [{"geometry": {"type": "Polygon", "coordinates": [[[-9974, 5898], [-9921, 5896], [-9915, 5890], [-9922, 5870], [-9939, 5871], [-9941, 5845], [-9929, 5845], [-9930, 5819], [-9977, 5820], [-9974, 5898]]]}, "type": "Feature", "properties": {"name": "Bennington County", "stateAbbrev": "VT", "state": "Vermont", "fips": "003", "incits": "50003", "id": "US.VT.003", "population": 36659}}, {"geometry": {"type": "Polygon", "coordinates": [[[-9915, 5890], [-9897, 5885], [-9862, 5886], [-9862, 5866], [-9868, 5851], [-9876, 5849], [-9877, 5828], [-9866, 5818], [-9930, 5819], [-9929, 5845], [-9941, 5845], [-9939, 5871], [-9922, 5870], [-9915, 5890]]]}, "type": "Feature", "properties": {"name": "Windham County", "stateAbbrev": "VT", "state": "Vermont", "fips": "025", "incits": "50025", "id": "US.VT.025", "population": 43857}}, {"geometry": {"type": "Polygon", "coordinates": [[[-9911, 5986], [-9910, 5981], [-9831, 5960], [-9840, 5955], [-9858, 5924], [-9860, 5905], [-9857, 5897], [-9862, 5886], [-9897, 5885], [-9915, 5890], [-9921, 5896], [-9916, 5906], [-9907, 5903], [-9902, 5919], [-9911, 5922], [-9899, 5948], [-9915, 5952], [-9910, 5964], [-9922, 5969], [-9934, 5967], [-9933, 5974], [-9911, 5986]]]}, "type": "Feature", "properties": {"name": "Windsor County", "stateAbbrev": "VT", "state": "Vermont", "fips": "027", "incits": "50027", "id": "US.VT.027", "population": 56067}}, {"geometry": {"type": "Polygon", "coordinates": [[[-9989, 5957], [-9967, 5959], [-9969, 5969], [-9943, 5970], [-9934, 5967], [-9922, 5969], [-9910, 5964], [-9915, 5952], [-9899, 5948], [-9911, 5922], [-9902, 5919], [-9907, 5903], [-9916, 5906], [-9921, 5896], [-9974, 5898], [-9973, 5928], [-9981, 5940], [-9998, 5941], [-9989, 5957]]]}, "type": "Feature", "properties": {"name": "Rutland County", "stateAbbrev": "VT", "state": "Vermont", "fips": "021", "incits": "50021", "id": "US.VT.021", "population": 60622}}, {"geometry": {"type": "Polygon", "coordinates": [[[-9966, 6129], [-9972, 6120], [-9966, 6114], [-9975, 6095], [-9971, 6089], [-9971, 6079], [-9980, 6070], [-9989, 6068], [-9992, 6075], [-9985, 6100], [-9991, 6106], [-9985, 6117], [-9986, 6128], [-9966, 6129]]]}, "type": "Feature", "properties": {"name": "Grand Isle County", "stateAbbrev": "VT", "state": "Vermont", "fips": "013", "incits": "50013", "id": "US.VT.013", "population": 6987}}, {"geometry": {"type": "Polygon", "coordinates": [[[-9966, 6129], [-9890, 6129], [-9879, 6128], [-9876, 6104], [-9882, 6097], [-9905, 6098], [-9929, 6077], [-9945, 6079], [-9971, 6089], [-9975, 6095], [-9966, 6114], [-9972, 6120], [-9966, 6129]]]}, "type": "Feature", "properties": {"name": "Franklin County", "stateAbbrev": "VT", "state": "Vermont", "fips": "011", "incits": "50011", "id": "US.VT.011", "population": 48294}}, {"geometry": {"type": "Polygon", "coordinates": [[[-9989, 6068], [-9980, 6070], [-9971, 6079], [-9971, 6089], [-9945, 6079], [-9929, 6077], [-9916, 6066], [-9913, 6052], [-9927, 6029], [-9933, 6013], [-9936, 6031], [-9982, 6027], [-9985, 6042], [-9980, 6056], [-9989, 6068]]]}, "type": "Feature", "properties": {"name": "Chittenden County", "stateAbbrev": "VT", "state": "Vermont", "fips": "007", "incits": "50007", "id": "US.VT.007", "population": 159515}}, {"geometry": {"type": "Polygon", "coordinates": [[[-9982, 6027], [-9936, 6031], [-9933, 6013], [-9928, 6001], [-9904, 5995], [-9911, 5986], [-9933, 5974], [-9934, 5967], [-9943, 5970], [-9969, 5969], [-9967, 5959], [-9989, 5957], [-9990, 5974], [-9999, 5997], [-9993, 6017], [-9982, 6027]]]}, "type": "Feature", "properties": {"name": "Addison County", "stateAbbrev": "VT", "state": "Vermont", "fips": "001", "incits": "50001", "id": "US.VT.001", "population": 36791}}, {"geometry": {"type": "Polygon", "coordinates": [[[-9933, 6013], [-9927, 6029], [-9913, 6052], [-9892, 6045], [-9885, 6056], [-9870, 6049], [-9862, 6060], [-9834, 6049], [-9853, 6019], [-9864, 6008], [-9883, 6013], [-9896, 5993], [-9904, 5995], [-9928, 6001], [-9933, 6013]]]}, "type": "Feature", "properties": {"name": "Washington County", "stateAbbrev": "VT", "state": "Vermont", "fips": "023", "incits": "50023", "id": "US.VT.023", "population": 59319}}, {"geometry": {"type": "Polygon", "coordinates": [[[-9882, 6097], [-9860, 6089], [-9869, 6077], [-9854, 6070], [-9862, 6060], [-9870, 6049], [-9885, 6056], [-9892, 6045], [-9913, 6052], [-9916, 6066], [-9929, 6077], [-9905, 6098], [-9882, 6097]]]}, "type": "Feature", "properties": {"name": "Lamoille County", "stateAbbrev": "VT", "state": "Vermont", "fips": "015", "incits": "50015", "id": "US.VT.015", "population": 25067}}, {"geometry": {"type": "Polygon", "coordinates": [[[-9882, 6097], [-9876, 6104], [-9879, 6128], [-9789, 6128], [-9794, 6114], [-9786, 6110], [-9795, 6096], [-9805, 6086], [-9819, 6093], [-9839, 6065], [-9854, 6070], [-9869, 6077], [-9860, 6089], [-9882, 6097]]]}, "type": "Feature", "properties": {"name": "Orleans County", "stateAbbrev": "VT", "state": "Vermont", "fips": "019", "incits": "50019", "id": "US.VT.019", "population": 27169}}, {"geometry": {"type": "Polygon", "coordinates": [[[-9862, 6060], [-9854, 6070], [-9839, 6065], [-9819, 6093], [-9805, 6086], [-9795, 6096], [-9781, 6088], [-9791, 6079], [-9782, 6074], [-9791, 6065], [-9784, 6058], [-9794, 6051], [-9781, 6038], [-9801, 6037], [-9812, 6029], [-9809, 6012], [-9826, 6017], [-9853, 6019], [-9834, 6049], [-9862, 6060]]]}, "type": "Feature", "properties": {"name": "Caledonia County", "stateAbbrev": "VT", "state": "Vermont", "fips": "005", "incits": "50005", "id": "US.VT.005", "population": 31157}}, {"geometry": {"type": "Polygon", "coordinates": [[[-9911, 5986], [-9904, 5995], [-9896, 5993], [-9883, 6013], [-9864, 6008], [-9853, 6019], [-9826, 6017], [-9809, 6012], [-9808, 6003], [-9819, 5990], [-9831, 5960], [-9910, 5981], [-9911, 5986]]]}, "type": "Feature", "properties": {"name": "Orange County", "stateAbbrev": "VT", "state": "Vermont", "fips": "017", "incits": "50017", "id": "US.VT.017", "population": 28915}}, {"geometry": {"type": "Polygon", "coordinates": [[[-9789, 6128], [-9740, 6126], [-9735, 6115], [-9741, 6109], [-9752, 6090], [-9741, 6071], [-9749, 6057], [-9764, 6047], [-9775, 6045], [-9781, 6038], [-9794, 6051], [-9784, 6058], [-9791, 6065], [-9782, 6074], [-9791, 6079], [-9781, 6088], [-9795, 6096], [-9786, 6110], [-9794, 6114], [-9789, 6128]]]}, "type": "Feature", "properties": {"name": "Essex County", "stateAbbrev": "VT", "state": "Vermont", "fips": "009", "incits": "50009", "id": "US.VT.009", "population": 6211}}], "ac-tx": {"default": {"crs": "wsg84", "scale": 136.15615096019587, "xoffset": 0, "yoffset": 0}}}