{"type":"Topology","arcs":[[[92,363],[195,-9]],[[287,354],[22,-27]],[[309,327],[-26,-91],[-63,4],[-7,-118],[44,0],[-3,-117]],[[254,5],[-173,4],[11,354]],[[309,327],[66,-23],[128,5]],[[503,309],[0,-91],[-22,-68],[-29,-9],[-4,-96],[41,-45],[-235,5]],[[323,762],[4,-22],[290,-96]],[[617,644],[-33,-22],[-66,-141],[-7,-86],[11,-37],[-19,-49]],[[287,354],[18,45],[33,-13],[18,72],[-33,14],[44,118],[-58,18],[18,54],[-44,23],[-44,-9]],[[239,676],[4,32],[80,54]],[[37,631],[81,9],[-8,45],[96,5],[33,-14]],[[92,363],[4,136],[-30,55],[-62,4],[33,73]],[[121,1411],[-22,-41],[22,-27],[-33,-86],[15,-27]],[[103,1230],[0,-46],[-33,-41],[-33,-9]],[[37,1134],[-11,32],[25,113],[-22,28],[22,50],[-3,49],[73,5]],[[121,1411],[279,0],[41,-5]],[[441,1406],[11,-108],[-22,-32]],[[430,1266],[-85,4],[-88,-95]],[[257,1175],[-59,9],[-95,46]],[[257,1175],[48,-50],[11,-63]],[[316,1062],[-51,-105],[-22,-72]],[[243,885],[-12,81],[-169,-18]],[[62,948],[-11,68],[19,64],[-33,54]],[[243,885],[18,-55],[88,-27]],[[349,803],[-26,-41]],[[37,631],[-4,77],[-33,104],[22,91],[40,45]],[[316,1062],[77,-32],[26,50],[55,-32],[29,50]],[[503,1098],[103,-50],[-70,-136]],[[536,912],[-40,-50],[-70,23],[-48,-91],[-29,9]],[[430,1266],[81,-36],[-33,-55],[55,-32]],[[533,1143],[-30,-45]],[[441,1406],[331,0]],[[772,1406],[-19,-63],[30,-18],[-33,-64]],[[750,1261],[-37,-45],[-52,32],[-73,-127],[-55,22]],[[750,1261],[51,-36],[-37,-41],[33,-23],[-33,-40],[26,-32],[-37,-32],[48,-59]],[[801,998],[-73,-4],[-41,-37],[11,-77]],[[698,880],[-62,23],[-100,9]],[[698,880],[4,-41],[-41,-59],[-44,-136]],[[772,1406],[180,-9],[18,-50],[-22,-27],[-40,-86],[40,-86],[-29,-64],[-56,-45],[-40,-9],[-22,-32]]],"transform":{"scale":[0.2721649484536082,0.2204110559886605],"translate":[-9999,5818]},"objects":{"vermont":{"type":"GeometryCollection","geometries":[{"arcs":[[0,1,2,3]],"type":"Polygon","properties":{"name":"Bennington County","stateAbbrev":"VT","state":"Vermont","fips":"003","incits":"50003","id":"US.VT.003","population":36659}},{"arcs":[[4,5,-3]],"type":"Polygon","properties":{"name":"Windham County","stateAbbrev":"VT","state":"Vermont","fips":"025","incits":"50025","id":"US.VT.025","population":43857}},{"arcs":[[6,7,-5,-2,8,9]],"type":"Polygon","properties":{"name":"Windsor County","stateAbbrev":"VT","state":"Vermont","fips":"027","incits":"50027","id":"US.VT.027","population":56067}},{"arcs":[[10,-9,-1,11]],"type":"Polygon","properties":{"name":"Rutland County","stateAbbrev":"VT","state":"Vermont","fips":"021","incits":"50021","id":"US.VT.021","population":60622}},{"arcs":[[12,13,14]],"type":"Polygon","properties":{"name":"Grand Isle County","stateAbbrev":"VT","state":"Vermont","fips":"013","incits":"50013","id":"US.VT.013","population":6987}},{"arcs":[[15,16,17,18,-13]],"type":"Polygon","properties":{"name":"Franklin County","stateAbbrev":"VT","state":"Vermont","fips":"011","incits":"50011","id":"US.VT.011","population":48294}},{"arcs":[[-14,-19,19,20,21,22]],"type":"Polygon","properties":{"name":"Chittenden County","stateAbbrev":"VT","state":"Vermont","fips":"007","incits":"50007","id":"US.VT.007","population":159515}},{"arcs":[[-22,23,24,-10,-11,25]],"type":"Polygon","properties":{"name":"Addison County","stateAbbrev":"VT","state":"Vermont","fips":"001","incits":"50001","id":"US.VT.001","population":36791}},{"arcs":[[-21,26,27,28,-24]],"type":"Polygon","properties":{"name":"Washington County","stateAbbrev":"VT","state":"Vermont","fips":"023","incits":"50023","id":"US.VT.023","population":59319}},{"arcs":[[29,30,-27,-20,-18]],"type":"Polygon","properties":{"name":"Lamoille County","stateAbbrev":"VT","state":"Vermont","fips":"015","incits":"50015","id":"US.VT.015","population":25067}},{"arcs":[[-17,31,32,33,-30]],"type":"Polygon","properties":{"name":"Orleans County","stateAbbrev":"VT","state":"Vermont","fips":"019","incits":"50019","id":"US.VT.019","population":27169}},{"arcs":[[-31,-34,34,35,36,-28]],"type":"Polygon","properties":{"name":"Caledonia County","stateAbbrev":"VT","state":"Vermont","fips":"005","incits":"50005","id":"US.VT.005","population":31157}},{"arcs":[[-25,-29,-37,37,-7]],"type":"Polygon","properties":{"name":"Orange County","stateAbbrev":"VT","state":"Vermont","fips":"017","incits":"50017","id":"US.VT.017","population":28915}},{"arcs":[[38,-35,-33]],"type":"Polygon","properties":{"name":"Essex County","stateAbbrev":"VT","state":"Vermont","fips":"009","incits":"50009","id":"US.VT.009","population":6211}}]}},"crs":{"type":"name","properties":{"name":"urn:ogc:def:crs:EPSG:4326"}},"ac-tx":{"default":{"crs":"wsg84","scale":136.15615096019587,"xoffset":0,"yoffset":0}}}