{"type":"Topology","arcs":[[[648,0],[42,9],[19,33],[45,5],[23,32],[5,37],[34,24],[3,56],[19,23]],[[838,219],[37,56],[22,84],[45,4],[20,47],[17,0],[14,42],[22,19]],[[1015,471],[3,46],[-31,47],[3,46]],[[990,610],[238,0]],[[1228,610],[3,-135],[0,-247],[0,-228],[-143,0],[-208,0],[-8,0],[-224,0]],[[561,610],[115,5]],[[676,615],[0,-5],[314,0]],[[1015,471],[-188,0],[-283,0]],[[544,471],[-3,111],[20,28]],[[990,1007],[227,0],[11,14]],[[1228,1021],[0,-411]],[[990,610],[8,28],[-28,52],[3,32],[-17,38],[6,28],[0,65],[17,74],[11,33],[0,47]],[[995,1556],[0,75]],[[995,1631],[236,5],[0,-145]],[[1231,1491],[-28,14],[-11,70],[-48,0],[0,-28],[-20,-19],[-14,33],[-81,-23],[-28,18]],[[1001,1556],[-6,0]],[[1004,1146],[-3,410]],[[1231,1491],[-3,-261],[0,-209]],[[990,1007],[-3,41],[17,56],[0,42]],[[625,1808],[17,42],[3,61],[-11,102],[-9,28]],[[625,2041],[115,0],[-3,-303]],[[737,1738],[-53,-46]],[[684,1692],[11,18],[-28,70],[-19,0]],[[648,1780],[-23,28]],[[592,1552],[31,-5],[8,28],[-11,79],[36,14],[28,24]],[[737,1738],[0,-107],[258,0]],[[995,1556],[-64,10],[-28,-19],[-67,-19],[-26,0],[-36,-28]],[[774,1500],[-17,-32],[-36,0],[-6,-19],[-56,33],[-45,-9]],[[614,1473],[-22,79]],[[465,2041],[26,-56],[3,-51],[11,-75],[19,-4],[9,-47]],[[533,1808],[-37,-37],[-50,0],[-62,-107]],[[384,1664],[-76,-28],[-305,-5]],[[3,1631],[0,410],[36,-5],[250,5],[176,0]],[[465,2041],[160,0]],[[625,1808],[-39,0],[-14,-23],[-39,23]],[[0,643],[137,0],[242,0]],[[379,643],[0,-28]],[[379,615],[2,-19],[40,-51],[-23,-74]],[[398,471],[-11,-5]],[[387,466],[-196,5],[-191,0]],[[0,471],[0,172]],[[690,1104],[0,47]],[[690,1151],[95,-5]],[[785,1146],[219,0]],[[990,1007],[-258,0],[-14,60],[-28,37]],[[384,1664],[73,32],[84,-4]],[[541,1692],[3,-47],[25,-70]],[[569,1575],[-33,-14],[-23,14],[-11,28],[-62,-65]],[[440,1538],[-56,126]],[[785,1146],[-8,38]],[[777,1184],[-3,316]],[[676,829],[0,178],[14,0],[0,97]],[[676,615],[0,214]],[[398,471],[146,0]],[[838,219],[-263,0],[-160,0],[-79,0]],[[336,219],[-2,112],[28,0],[0,28],[28,9],[-3,98]],[[336,219],[-53,5],[0,-19]],[[283,205],[-33,-14],[-54,5],[0,18],[-56,0],[0,38],[-28,-5],[-112,0]],[[0,247],[0,224]],[[0,1188],[308,-4],[113,4],[39,42]],[[460,1230],[22,-23],[12,-75],[16,14],[17,38],[20,14],[45,-52]],[[592,1146],[14,-9],[-31,-37],[0,-98],[-9,-28],[-42,0],[-25,-28]],[[499,946],[-42,9],[-6,89],[-92,0],[-300,0],[-59,-5]],[[0,1039],[0,149]],[[648,0],[-143,0],[-222,0]],[[283,0],[0,205]],[[0,643],[0,396]],[[499,946],[3,-112]],[[502,834],[-14,-33],[-17,-4],[-22,-37],[-3,-56],[-17,-19],[-34,0],[-16,-42]],[[592,1552],[-23,23]],[[541,1692],[20,32],[28,-14],[14,19],[25,-5],[20,56]],[[379,615],[109,0],[73,-5]],[[614,1473],[-11,-10]],[[603,1463],[-39,-23],[-54,-47],[-47,24]],[[463,1417],[-6,93],[-17,28]],[[592,1146],[98,5]],[[676,829],[-135,0],[-39,5]],[[463,1417],[-6,-84],[11,-38],[-8,-65]],[[0,1188],[3,201],[0,242]],[[603,1463],[3,-60],[70,-66],[19,-42],[-5,-46],[39,-47],[0,-18],[48,0]],[[283,0],[-283,0],[0,247]]],"transform":{"scale":[0.3566206336311942,0.21460068593826556],"translate":[-9999,3244]},"objects":{"utah":{"type":"GeometryCollection","geometries":[{"arcs":[[0,1,2,3,4]],"type":"Polygon","properties":{"name":"San Juan County","stateAbbrev":"UT","state":"Utah","fips":"037","incits":"49037","id":"US.UT.037","population":14973}},{"arcs":[[5,6,-3,7,8]],"type":"Polygon","properties":{"name":"Wayne County","stateAbbrev":"UT","state":"Utah","fips":"055","incits":"49055","id":"US.UT.055","population":2747}},{"arcs":[[9,10,-4,11]],"type":"Polygon","properties":{"name":"Grand County","stateAbbrev":"UT","state":"Utah","fips":"019","incits":"49019","id":"US.UT.019","population":9360}},{"arcs":[[12,13,14,15]],"type":"Polygon","properties":{"name":"Daggett County","stateAbbrev":"UT","state":"Utah","fips":"009","incits":"49009","id":"US.UT.009","population":1127}},{"arcs":[[16,-15,17,-10,18]],"type":"Polygon","properties":{"name":"Uintah County","stateAbbrev":"UT","state":"Utah","fips":"047","incits":"49047","id":"US.UT.047","population":35555}},{"arcs":[[19,20,21,22,23]],"type":"Polygon","properties":{"name":"Rich County","stateAbbrev":"UT","state":"Utah","fips":"033","incits":"49033","id":"US.UT.033","population":2288}},{"arcs":[[24,-22,25,-13,26,27,28]],"type":"Polygon","properties":{"name":"Summit County","stateAbbrev":"UT","state":"Utah","fips":"043","incits":"49043","id":"US.UT.043","population":38486}},{"arcs":[[29,30,31,32]],"type":"Polygon","properties":{"name":"Box Elder County","stateAbbrev":"UT","state":"Utah","fips":"003","incits":"49003","id":"US.UT.003","population":50794}},{"arcs":[[33,-20,34,-30]],"type":"Polygon","properties":{"name":"Cache County","stateAbbrev":"UT","state":"Utah","fips":"005","incits":"49005","id":"US.UT.005","population":116909}},{"arcs":[[35,36,37,38,39,40]],"type":"Polygon","properties":{"name":"Beaver County","stateAbbrev":"UT","state":"Utah","fips":"001","incits":"49001","id":"US.UT.001","population":6459}},{"arcs":[[41,42,43,-19,44]],"type":"Polygon","properties":{"name":"Carbon County","stateAbbrev":"UT","state":"Utah","fips":"007","incits":"49007","id":"US.UT.007","population":20988}},{"arcs":[[45,46,47,48]],"type":"Polygon","properties":{"name":"Davis County","stateAbbrev":"UT","state":"Utah","fips":"011","incits":"49011","id":"US.UT.011","population":322094}},{"arcs":[[-16,-17,-44,49,50,-27]],"type":"Polygon","properties":{"name":"Duchesne County","stateAbbrev":"UT","state":"Utah","fips":"013","incits":"49013","id":"US.UT.013","population":20308}},{"arcs":[[51,-45,-12,-7,52]],"type":"Polygon","properties":{"name":"Emery County","stateAbbrev":"UT","state":"Utah","fips":"015","incits":"49015","id":"US.UT.015","population":10749}},{"arcs":[[-39,53,-8,-2,54,55]],"type":"Polygon","properties":{"name":"Garfield County","stateAbbrev":"UT","state":"Utah","fips":"017","incits":"49017","id":"US.UT.017","population":5083}},{"arcs":[[-40,-56,56,57,58]],"type":"Polygon","properties":{"name":"Iron County","stateAbbrev":"UT","state":"Utah","fips":"021","incits":"49021","id":"US.UT.021","population":46780}},{"arcs":[[59,60,61,62,63]],"type":"Polygon","properties":{"name":"Juab County","stateAbbrev":"UT","state":"Utah","fips":"023","incits":"49023","id":"US.UT.023","population":10348}},{"arcs":[[-55,-1,64,65,-57]],"type":"Polygon","properties":{"name":"Kane County","stateAbbrev":"UT","state":"Utah","fips":"025","incits":"49025","id":"US.UT.025","population":7260}},{"arcs":[[66,-63,67,68,-36]],"type":"Polygon","properties":{"name":"Millard County","stateAbbrev":"UT","state":"Utah","fips":"027","incits":"49027","id":"US.UT.027","population":12662}},{"arcs":[[-23,-25,69,-47,70]],"type":"Polygon","properties":{"name":"Morgan County","stateAbbrev":"UT","state":"Utah","fips":"029","incits":"49029","id":"US.UT.029","population":10173}},{"arcs":[[71,-9,-54,-38]],"type":"Polygon","properties":{"name":"Piute County","stateAbbrev":"UT","state":"Utah","fips":"031","incits":"49031","id":"US.UT.031","population":1510}},{"arcs":[[-48,-70,-29,72,73,74]],"type":"Polygon","properties":{"name":"Salt Lake County","stateAbbrev":"UT","state":"Utah","fips":"035","incits":"49035","id":"US.UT.035","population":1079721}},{"arcs":[[-62,75,-42,-52,76,-68]],"type":"Polygon","properties":{"name":"Sanpete County","stateAbbrev":"UT","state":"Utah","fips":"039","incits":"49039","id":"US.UT.039","population":28237}},{"arcs":[[-69,-77,-53,-6,-72,-37]],"type":"Polygon","properties":{"name":"Sevier County","stateAbbrev":"UT","state":"Utah","fips":"041","incits":"49041","id":"US.UT.041","population":20852}},{"arcs":[[-32,-49,-75,77,-60,78]],"type":"Polygon","properties":{"name":"Tooele County","stateAbbrev":"UT","state":"Utah","fips":"045","incits":"49045","id":"US.UT.045","population":60762}},{"arcs":[[-74,79,-50,-43,-76,-61,-78]],"type":"Polygon","properties":{"name":"Utah County","stateAbbrev":"UT","state":"Utah","fips":"049","incits":"49049","id":"US.UT.049","population":551891}},{"arcs":[[-73,-28,-51,-80]],"type":"Polygon","properties":{"name":"Wasatch County","stateAbbrev":"UT","state":"Utah","fips":"051","incits":"49051","id":"US.UT.051","population":26437}},{"arcs":[[-58,-66,80]],"type":"Polygon","properties":{"name":"Washington County","stateAbbrev":"UT","state":"Utah","fips":"053","incits":"49053","id":"US.UT.053","population":147800}},{"arcs":[[-31,-35,-24,-71,-46]],"type":"Polygon","properties":{"name":"Weber County","stateAbbrev":"UT","state":"Utah","fips":"057","incits":"49057","id":"US.UT.057","population":238519}}]}},"crs":{"type":"name","properties":{"name":"urn:ogc:def:crs:EPSG:4326"}},"ac-tx":{"default":{"crs":"wsg84","scale":87.67032893164773,"xoffset":0,"yoffset":0}}}