{"crs": {"type": "name", "properties": {"name": "urn:ogc:def:crs:EPSG:4326"}}, "type": "FeatureCollection", "features": [{"geometry": {"type": "Polygon", "coordinates": [[[-9963, 4548], [-9908, 4548], [-9901, 4548], [-9901, 4515], [-9920, 4515], [-9920, 4481], [-9957, 4481], [-9957, 4515], [-9963, 4515], [-9963, 4548]]]}, "type": "Feature", "properties": {"name": "Billings County", "stateAbbrev": "ND", "state": "North Dakota", "fips": "007", "incits": "38007", "id": "US.ND.007", "population": 874}}, {"geometry": {"type": "Polygon", "coordinates": [[[-9920, 4481], [-9920, 4515], [-9901, 4515], [-9853, 4515], [-9853, 4518], [-9816, 4518], [-9816, 4515], [-9811, 4515], [-9811, 4489], [-9811, 4481], [-9891, 4481], [-9920, 4481]]]}, "type": "Feature", "properties": {"name": "Stark County", "stateAbbrev": "ND", "state": "North Dakota", "fips": "089", "incits": "38089", "id": "US.ND.089", "population": 28212}}, {"geometry": {"type": "Polygon", "coordinates": [[[-9999, 4612], [-9995, 4610], [-9991, 4611], [-9988, 4608], [-9983, 4610], [-9979, 4614], [-9975, 4613], [-9974, 4618], [-9965, 4624], [-9957, 4623], [-9951, 4620], [-9953, 4616], [-9945, 4614], [-9939, 4616], [-9935, 4615], [-9926, 4617], [-9920, 4621], [-9921, 4623], [-9918, 4625], [-9908, 4627], [-9905, 4625], [-9895, 4626], [-9890, 4625], [-9887, 4626], [-9882, 4625], [-9875, 4625], [-9875, 4622], [-9866, 4620], [-9866, 4617], [-9861, 4617], [-9857, 4610], [-9863, 4605], [-9865, 4599], [-9864, 4596], [-9864, 4582], [-9908, 4581], [-9908, 4548], [-9963, 4548], [-9999, 4548], [-9998, 4588], [-9999, 4612]]]}, "type": "Feature", "properties": {"name": "McKenzie County", "stateAbbrev": "ND", "state": "North Dakota", "fips": "053", "incits": "38053", "id": "US.ND.053", "population": 9314}}, {"geometry": {"type": "Polygon", "coordinates": [[[-9908, 4548], [-9908, 4581], [-9864, 4582], [-9864, 4596], [-9856, 4592], [-9850, 4592], [-9841, 4589], [-9839, 4590], [-9835, 4594], [-9827, 4592], [-9830, 4588], [-9827, 4586], [-9828, 4578], [-9822, 4572], [-9822, 4548], [-9816, 4548], [-9816, 4518], [-9853, 4518], [-9853, 4515], [-9901, 4515], [-9901, 4548], [-9908, 4548]]]}, "type": "Feature", "properties": {"name": "Dunn County", "stateAbbrev": "ND", "state": "North Dakota", "fips": "025", "incits": "38025", "id": "US.ND.025", "population": 4162}}, {"geometry": {"type": "Polygon", "coordinates": [[[-9999, 4548], [-9963, 4548], [-9963, 4515], [-9957, 4515], [-9957, 4481], [-9975, 4481], [-9975, 4473], [-9999, 4473], [-9999, 4500], [-9999, 4548]]]}, "type": "Feature", "properties": {"name": "Golden Valley County", "stateAbbrev": "ND", "state": "North Dakota", "fips": "033", "incits": "38033", "id": "US.ND.033", "population": 1823}}, {"geometry": {"type": "Polygon", "coordinates": [[[-9999, 4473], [-9975, 4473], [-9975, 4481], [-9957, 4481], [-9920, 4481], [-9891, 4481], [-9891, 4447], [-9898, 4448], [-9945, 4447], [-9999, 4448], [-9999, 4473]]]}, "type": "Feature", "properties": {"name": "Slope County", "stateAbbrev": "ND", "state": "North Dakota", "fips": "087", "incits": "38087", "id": "US.ND.087", "population": 761}}, {"geometry": {"type": "Polygon", "coordinates": [[[-9898, 4448], [-9891, 4447], [-9850, 4448], [-9850, 4440], [-9802, 4440], [-9802, 4426], [-9802, 4415], [-9834, 4415], [-9898, 4415], [-9898, 4448]]]}, "type": "Feature", "properties": {"name": "Adams County", "stateAbbrev": "ND", "state": "North Dakota", "fips": "001", "incits": "38001", "id": "US.ND.001", "population": 2360}}, {"geometry": {"type": "Polygon", "coordinates": [[[-9999, 4448], [-9945, 4447], [-9898, 4448], [-9898, 4415], [-9952, 4415], [-9999, 4415], [-9999, 4448]]]}, "type": "Feature", "properties": {"name": "Bowman County", "stateAbbrev": "ND", "state": "North Dakota", "fips": "011", "incits": "38011", "id": "US.ND.011", "population": 3214}}, {"geometry": {"type": "Polygon", "coordinates": [[[-9514, 4448], [-9493, 4448], [-9421, 4448], [-9419, 4448], [-9419, 4414], [-9458, 4414], [-9514, 4415], [-9514, 4448]]]}, "type": "Feature", "properties": {"name": "Dickey County", "stateAbbrev": "ND", "state": "North Dakota", "fips": "021", "incits": "38021", "id": "US.ND.021", "population": 5248}}, {"geometry": {"type": "Polygon", "coordinates": [[[-9673, 4482], [-9618, 4481], [-9601, 4481], [-9602, 4448], [-9598, 4448], [-9598, 4415], [-9659, 4415], [-9659, 4418], [-9664, 4422], [-9669, 4428], [-9670, 4435], [-9664, 4442], [-9666, 4447], [-9662, 4453], [-9667, 4462], [-9667, 4465], [-9665, 4469], [-9662, 4472], [-9666, 4475], [-9664, 4478], [-9673, 4482]]]}, "type": "Feature", "properties": {"name": "Emmons County", "stateAbbrev": "ND", "state": "North Dakota", "fips": "029", "incits": "38029", "id": "US.ND.029", "population": 3486}}, {"geometry": {"type": "Polygon", "coordinates": [[[-9598, 4448], [-9550, 4448], [-9518, 4448], [-9514, 4448], [-9514, 4415], [-9561, 4415], [-9598, 4415], [-9598, 4448]]]}, "type": "Feature", "properties": {"name": "McIntosh County", "stateAbbrev": "ND", "state": "North Dakota", "fips": "051", "incits": "38051", "id": "US.ND.051", "population": 2754}}, {"geometry": {"type": "Polygon", "coordinates": [[[-9349, 4481], [-9301, 4481], [-9297, 4475], [-9297, 4467], [-9294, 4463], [-9290, 4457], [-9283, 4452], [-9282, 4438], [-9279, 4432], [-9279, 4427], [-9281, 4423], [-9279, 4414], [-9344, 4414], [-9344, 4420], [-9347, 4420], [-9347, 4448], [-9349, 4448], [-9349, 4481]]]}, "type": "Feature", "properties": {"name": "Richland County", "stateAbbrev": "ND", "state": "North Dakota", "fips": "077", "incits": "38077", "id": "US.ND.077", "population": 16339}}, {"geometry": {"type": "Polygon", "coordinates": [[[-9419, 4448], [-9349, 4448], [-9347, 4448], [-9347, 4420], [-9344, 4420], [-9344, 4414], [-9419, 4414], [-9419, 4448]]]}, "type": "Feature", "properties": {"name": "Sargent County", "stateAbbrev": "ND", "state": "North Dakota", "fips": "081", "incits": "38081", "id": "US.ND.081", "population": 3890}}, {"geometry": {"type": "Polygon", "coordinates": [[[-9802, 4426], [-9787, 4427], [-9786, 4424], [-9776, 4424], [-9770, 4422], [-9766, 4424], [-9763, 4422], [-9754, 4423], [-9754, 4425], [-9739, 4428], [-9733, 4434], [-9724, 4436], [-9724, 4439], [-9717, 4441], [-9715, 4447], [-9711, 4448], [-9704, 4452], [-9700, 4457], [-9696, 4459], [-9679, 4457], [-9675, 4460], [-9667, 4462], [-9662, 4453], [-9666, 4447], [-9664, 4442], [-9670, 4435], [-9669, 4428], [-9664, 4422], [-9659, 4418], [-9659, 4415], [-9716, 4415], [-9746, 4415], [-9802, 4415], [-9802, 4426]]]}, "type": "Feature", "properties": {"name": "Sioux County", "stateAbbrev": "ND", "state": "North Dakota", "fips": "085", "incits": "38085", "id": "US.ND.085", "population": 4430}}, {"geometry": {"type": "Polygon", "coordinates": [[[-9463, 4540], [-9414, 4540], [-9389, 4540], [-9389, 4515], [-9387, 4515], [-9387, 4481], [-9421, 4481], [-9460, 4481], [-9460, 4515], [-9463, 4515], [-9463, 4540]]]}, "type": "Feature", "properties": {"name": "Barnes County", "stateAbbrev": "ND", "state": "North Dakota", "fips": "003", "incits": "38003", "id": "US.ND.003", "population": 11190}}, {"geometry": {"type": "Polygon", "coordinates": [[[-9561, 4648], [-9533, 4648], [-9533, 4628], [-9527, 4626], [-9525, 4623], [-9521, 4623], [-9517, 4617], [-9511, 4613], [-9503, 4614], [-9497, 4619], [-9489, 4610], [-9482, 4613], [-9477, 4605], [-9468, 4605], [-9468, 4598], [-9542, 4598], [-9592, 4598], [-9592, 4615], [-9595, 4615], [-9595, 4648], [-9561, 4648]]]}, "type": "Feature", "properties": {"name": "Benson County", "stateAbbrev": "ND", "state": "North Dakota", "fips": "005", "incits": "38005", "id": "US.ND.005", "population": 6877}}, {"geometry": {"type": "Polygon", "coordinates": [[[-9754, 4709], [-9676, 4709], [-9627, 4709], [-9627, 4682], [-9624, 4682], [-9624, 4665], [-9637, 4665], [-9649, 4665], [-9649, 4673], [-9712, 4673], [-9712, 4665], [-9750, 4665], [-9750, 4682], [-9754, 4682], [-9754, 4709]]]}, "type": "Feature", "properties": {"name": "Bottineau County", "stateAbbrev": "ND", "state": "North Dakota", "fips": "009", "incits": "38009", "id": "US.ND.009", "population": 6736}}, {"geometry": {"type": "Polygon", "coordinates": [[[-9892, 4709], [-9846, 4709], [-9804, 4709], [-9804, 4690], [-9817, 4690], [-9817, 4682], [-9825, 4682], [-9825, 4665], [-9848, 4665], [-9887, 4665], [-9887, 4674], [-9887, 4682], [-9892, 4682], [-9892, 4709]]]}, "type": "Feature", "properties": {"name": "Burke County", "stateAbbrev": "ND", "state": "North Dakota", "fips": "013", "incits": "38013", "id": "US.ND.013", "population": 2306}}, {"geometry": {"type": "Polygon", "coordinates": [[[-9702, 4532], [-9682, 4532], [-9682, 4548], [-9675, 4548], [-9621, 4548], [-9621, 4515], [-9617, 4515], [-9618, 4481], [-9673, 4482], [-9682, 4487], [-9686, 4487], [-9691, 4494], [-9689, 4497], [-9697, 4508], [-9697, 4512], [-9700, 4515], [-9696, 4517], [-9695, 4521], [-9700, 4525], [-9702, 4532]]]}, "type": "Feature", "properties": {"name": "Burleigh County", "stateAbbrev": "ND", "state": "North Dakota", "fips": "015", "incits": "38015", "id": "US.ND.015", "population": 88457}}, {"geometry": {"type": "Polygon", "coordinates": [[[-9389, 4540], [-9365, 4540], [-9306, 4540], [-9306, 4536], [-9304, 4524], [-9305, 4514], [-9302, 4510], [-9298, 4509], [-9301, 4501], [-9302, 4500], [-9301, 4490], [-9302, 4484], [-9301, 4481], [-9349, 4481], [-9387, 4481], [-9387, 4515], [-9389, 4515], [-9389, 4540]]]}, "type": "Feature", "properties": {"name": "Cass County", "stateAbbrev": "ND", "state": "North Dakota", "fips": "017", "incits": "38017", "id": "US.ND.017", "population": 162829}}, {"geometry": {"type": "Polygon", "coordinates": [[[-9514, 4709], [-9463, 4709], [-9413, 4709], [-9413, 4682], [-9411, 4682], [-9411, 4665], [-9448, 4665], [-9511, 4665], [-9511, 4682], [-9514, 4682], [-9514, 4709]]]}, "type": "Feature", "properties": {"name": "Cavalier County", "stateAbbrev": "ND", "state": "North Dakota", "fips": "019", "incits": "38019", "id": "US.ND.019", "population": 3896}}, {"geometry": {"type": "Polygon", "coordinates": [[[-9892, 4709], [-9892, 4682], [-9887, 4682], [-9887, 4674], [-9925, 4674], [-9950, 4674], [-9999, 4674], [-9999, 4709], [-9953, 4709], [-9892, 4709]]]}, "type": "Feature", "properties": {"name": "Divide County", "stateAbbrev": "ND", "state": "North Dakota", "fips": "023", "incits": "38023", "id": "US.ND.023", "population": 2314}}, {"geometry": {"type": "Polygon", "coordinates": [[[-9542, 4598], [-9468, 4598], [-9468, 4581], [-9466, 4581], [-9466, 4573], [-9540, 4573], [-9540, 4581], [-9542, 4581], [-9542, 4598]]]}, "type": "Feature", "properties": {"name": "Eddy County", "stateAbbrev": "ND", "state": "North Dakota", "fips": "027", "incits": "38027", "id": "US.ND.027", "population": 2404}}, {"geometry": {"type": "Polygon", "coordinates": [[[-9540, 4573], [-9466, 4573], [-9466, 4548], [-9539, 4548], [-9540, 4573]]]}, "type": "Feature", "properties": {"name": "Foster County", "stateAbbrev": "ND", "state": "North Dakota", "fips": "031", "incits": "38031", "id": "US.ND.031", "population": 3366}}, {"geometry": {"type": "Polygon", "coordinates": [[[-9409, 4631], [-9335, 4631], [-9336, 4626], [-9332, 4620], [-9329, 4618], [-9327, 4607], [-9319, 4594], [-9315, 4590], [-9315, 4587], [-9311, 4581], [-9367, 4581], [-9407, 4581], [-9407, 4615], [-9409, 4615], [-9409, 4631]]]}, "type": "Feature", "properties": {"name": "Grand Forks County", "stateAbbrev": "ND", "state": "North Dakota", "fips": "035", "incits": "38035", "id": "US.ND.035", "population": 69179}}, {"geometry": {"type": "Polygon", "coordinates": [[[-9811, 4489], [-9775, 4489], [-9775, 4481], [-9735, 4481], [-9735, 4456], [-9711, 4456], [-9711, 4448], [-9715, 4447], [-9717, 4441], [-9724, 4439], [-9724, 4436], [-9733, 4434], [-9739, 4428], [-9754, 4425], [-9754, 4423], [-9763, 4422], [-9766, 4424], [-9770, 4422], [-9776, 4424], [-9786, 4424], [-9787, 4427], [-9802, 4426], [-9802, 4440], [-9802, 4448], [-9807, 4448], [-9807, 4481], [-9811, 4481], [-9811, 4489]]]}, "type": "Feature", "properties": {"name": "Grant County", "stateAbbrev": "ND", "state": "North Dakota", "fips": "037", "incits": "38037", "id": "US.ND.037", "population": 2377}}, {"geometry": {"type": "Polygon", "coordinates": [[[-9466, 4581], [-9417, 4581], [-9416, 4548], [-9414, 4548], [-9414, 4540], [-9463, 4540], [-9463, 4548], [-9466, 4548], [-9466, 4573], [-9466, 4581]]]}, "type": "Feature", "properties": {"name": "Griggs County", "stateAbbrev": "ND", "state": "North Dakota", "fips": "039", "incits": "38039", "id": "US.ND.039", "population": 2296}}, {"geometry": {"type": "Polygon", "coordinates": [[[-9891, 4481], [-9811, 4481], [-9807, 4481], [-9807, 4448], [-9802, 4448], [-9802, 4440], [-9850, 4440], [-9850, 4448], [-9891, 4447], [-9891, 4481]]]}, "type": "Feature", "properties": {"name": "Hettinger County", "stateAbbrev": "ND", "state": "North Dakota", "fips": "041", "incits": "38041", "id": "US.ND.041", "population": 2660}}, {"geometry": {"type": "Polygon", "coordinates": [[[-9621, 4548], [-9613, 4548], [-9560, 4548], [-9560, 4515], [-9557, 4515], [-9557, 4481], [-9601, 4481], [-9618, 4481], [-9617, 4515], [-9621, 4515], [-9621, 4548]]]}, "type": "Feature", "properties": {"name": "Kidder County", "stateAbbrev": "ND", "state": "North Dakota", "fips": "043", "incits": "38043", "id": "US.ND.043", "population": 2428}}, {"geometry": {"type": "Polygon", "coordinates": [[[-9518, 4448], [-9517, 4481], [-9460, 4481], [-9421, 4481], [-9421, 4448], [-9493, 4448], [-9514, 4448], [-9518, 4448]]]}, "type": "Feature", "properties": {"name": "LaMoure County", "stateAbbrev": "ND", "state": "North Dakota", "fips": "045", "incits": "38045", "id": "US.ND.045", "population": 4166}}, {"geometry": {"type": "Polygon", "coordinates": [[[-9601, 4481], [-9557, 4481], [-9517, 4481], [-9518, 4448], [-9550, 4448], [-9598, 4448], [-9602, 4448], [-9601, 4481]]]}, "type": "Feature", "properties": {"name": "Logan County", "stateAbbrev": "ND", "state": "North Dakota", "fips": "047", "incits": "38047", "id": "US.ND.047", "population": 1946}}, {"geometry": {"type": "Polygon", "coordinates": [[[-9712, 4657], [-9712, 4665], [-9712, 4673], [-9649, 4673], [-9649, 4665], [-9637, 4665], [-9637, 4648], [-9633, 4648], [-9633, 4615], [-9629, 4615], [-9629, 4598], [-9666, 4598], [-9703, 4598], [-9703, 4615], [-9707, 4615], [-9707, 4648], [-9712, 4648], [-9712, 4657]]]}, "type": "Feature", "properties": {"name": "McHenry County", "stateAbbrev": "ND", "state": "North Dakota", "fips": "049", "incits": "38049", "id": "US.ND.049", "population": 5922}}, {"geometry": {"type": "Polygon", "coordinates": [[[-9790, 4598], [-9753, 4598], [-9703, 4598], [-9666, 4598], [-9666, 4581], [-9675, 4581], [-9675, 4548], [-9682, 4548], [-9682, 4532], [-9702, 4532], [-9705, 4535], [-9704, 4539], [-9705, 4542], [-9711, 4545], [-9718, 4545], [-9724, 4543], [-9726, 4540], [-9731, 4542], [-9739, 4544], [-9741, 4552], [-9745, 4555], [-9748, 4563], [-9742, 4566], [-9747, 4571], [-9750, 4571], [-9763, 4568], [-9773, 4568], [-9777, 4568], [-9785, 4564], [-9791, 4565], [-9795, 4567], [-9804, 4568], [-9805, 4572], [-9817, 4571], [-9822, 4572], [-9828, 4578], [-9827, 4586], [-9830, 4588], [-9827, 4592], [-9835, 4594], [-9839, 4590], [-9839, 4598], [-9790, 4598]]]}, "type": "Feature", "properties": {"name": "McLean County", "stateAbbrev": "ND", "state": "North Dakota", "fips": "055", "incits": "38055", "id": "US.ND.055", "population": 9517}}, {"geometry": {"type": "Polygon", "coordinates": [[[-9822, 4572], [-9817, 4571], [-9805, 4572], [-9804, 4568], [-9795, 4567], [-9791, 4565], [-9785, 4564], [-9777, 4568], [-9773, 4568], [-9763, 4568], [-9750, 4571], [-9747, 4571], [-9742, 4566], [-9748, 4563], [-9745, 4555], [-9741, 4552], [-9739, 4544], [-9731, 4542], [-9731, 4540], [-9779, 4540], [-9779, 4515], [-9811, 4515], [-9816, 4515], [-9816, 4518], [-9816, 4548], [-9822, 4548], [-9822, 4572]]]}, "type": "Feature", "properties": {"name": "Mercer County", "stateAbbrev": "ND", "state": "North Dakota", "fips": "057", "incits": "38057", "id": "US.ND.057", "population": 8592}}, {"geometry": {"type": "Polygon", "coordinates": [[[-9811, 4515], [-9779, 4515], [-9743, 4515], [-9700, 4515], [-9697, 4512], [-9697, 4508], [-9689, 4497], [-9691, 4494], [-9686, 4487], [-9682, 4487], [-9673, 4482], [-9664, 4478], [-9666, 4475], [-9662, 4472], [-9665, 4469], [-9667, 4465], [-9667, 4462], [-9675, 4460], [-9679, 4457], [-9696, 4459], [-9700, 4457], [-9704, 4452], [-9711, 4448], [-9711, 4456], [-9735, 4456], [-9735, 4481], [-9775, 4481], [-9775, 4489], [-9811, 4489], [-9811, 4515]]]}, "type": "Feature", "properties": {"name": "Morton County", "stateAbbrev": "ND", "state": "North Dakota", "fips": "059", "incits": "38059", "id": "US.ND.059", "population": 28990}}, {"geometry": {"type": "Polygon", "coordinates": [[[-9887, 4665], [-9848, 4665], [-9825, 4665], [-9800, 4665], [-9799, 4648], [-9795, 4648], [-9795, 4615], [-9790, 4615], [-9790, 4598], [-9839, 4598], [-9839, 4590], [-9841, 4589], [-9850, 4592], [-9856, 4592], [-9864, 4596], [-9865, 4599], [-9863, 4605], [-9857, 4610], [-9861, 4617], [-9866, 4617], [-9866, 4620], [-9875, 4622], [-9875, 4625], [-9882, 4625], [-9882, 4649], [-9887, 4649], [-9887, 4665]]]}, "type": "Feature", "properties": {"name": "Mountrail County", "stateAbbrev": "ND", "state": "North Dakota", "fips": "061", "incits": "38061", "id": "US.ND.061", "population": 9376}}, {"geometry": {"type": "Polygon", "coordinates": [[[-9468, 4598], [-9468, 4605], [-9468, 4615], [-9458, 4615], [-9458, 4631], [-9446, 4632], [-9409, 4631], [-9409, 4615], [-9407, 4615], [-9407, 4581], [-9417, 4581], [-9466, 4581], [-9468, 4581], [-9468, 4598]]]}, "type": "Feature", "properties": {"name": "Nelson County", "stateAbbrev": "ND", "state": "North Dakota", "fips": "063", "incits": "38063", "id": "US.ND.063", "population": 3095}}, {"geometry": {"type": "Polygon", "coordinates": [[[-9731, 4542], [-9726, 4540], [-9724, 4543], [-9718, 4545], [-9711, 4545], [-9705, 4542], [-9704, 4539], [-9705, 4535], [-9702, 4532], [-9700, 4525], [-9695, 4521], [-9696, 4517], [-9700, 4515], [-9743, 4515], [-9779, 4515], [-9779, 4540], [-9731, 4540], [-9731, 4542]]]}, "type": "Feature", "properties": {"name": "Oliver County", "stateAbbrev": "ND", "state": "North Dakota", "fips": "065", "incits": "38065", "id": "US.ND.065", "population": 1874}}, {"geometry": {"type": "Polygon", "coordinates": [[[-9413, 4709], [-9344, 4709], [-9344, 4704], [-9339, 4697], [-9339, 4691], [-9336, 4685], [-9332, 4681], [-9331, 4676], [-9335, 4671], [-9337, 4665], [-9411, 4665], [-9411, 4682], [-9413, 4682], [-9413, 4709]]]}, "type": "Feature", "properties": {"name": "Pembina County", "stateAbbrev": "ND", "state": "North Dakota", "fips": "067", "incits": "38067", "id": "US.ND.067", "population": 7181}}, {"geometry": {"type": "Polygon", "coordinates": [[[-9637, 4665], [-9624, 4665], [-9599, 4665], [-9561, 4665], [-9561, 4648], [-9595, 4648], [-9595, 4615], [-9592, 4615], [-9592, 4598], [-9617, 4598], [-9629, 4598], [-9629, 4615], [-9633, 4615], [-9633, 4648], [-9637, 4648], [-9637, 4665]]]}, "type": "Feature", "properties": {"name": "Pierce County", "stateAbbrev": "ND", "state": "North Dakota", "fips": "069", "incits": "38069", "id": "US.ND.069", "population": 4451}}, {"geometry": {"type": "Polygon", "coordinates": [[[-9533, 4648], [-9511, 4648], [-9511, 4665], [-9448, 4665], [-9448, 4648], [-9446, 4648], [-9446, 4632], [-9458, 4631], [-9458, 4615], [-9468, 4615], [-9468, 4605], [-9477, 4605], [-9482, 4613], [-9489, 4610], [-9497, 4619], [-9503, 4614], [-9511, 4613], [-9517, 4617], [-9521, 4623], [-9525, 4623], [-9527, 4626], [-9533, 4628], [-9533, 4648]]]}, "type": "Feature", "properties": {"name": "Ramsey County", "stateAbbrev": "ND", "state": "North Dakota", "fips": "071", "incits": "38071", "id": "US.ND.071", "population": 11554}}, {"geometry": {"type": "Polygon", "coordinates": [[[-9421, 4448], [-9421, 4481], [-9387, 4481], [-9349, 4481], [-9349, 4448], [-9419, 4448], [-9421, 4448]]]}, "type": "Feature", "properties": {"name": "Ransom County", "stateAbbrev": "ND", "state": "North Dakota", "fips": "073", "incits": "38073", "id": "US.ND.073", "population": 5516}}, {"geometry": {"type": "Polygon", "coordinates": [[[-9804, 4709], [-9754, 4709], [-9754, 4682], [-9750, 4682], [-9750, 4665], [-9712, 4665], [-9712, 4657], [-9749, 4657], [-9787, 4657], [-9787, 4682], [-9804, 4682], [-9804, 4690], [-9804, 4709]]]}, "type": "Feature", "properties": {"name": "Renville County", "stateAbbrev": "ND", "state": "North Dakota", "fips": "075", "incits": "38075", "id": "US.ND.075", "population": 2608}}, {"geometry": {"type": "Polygon", "coordinates": [[[-9627, 4709], [-9565, 4709], [-9565, 4682], [-9561, 4682], [-9561, 4665], [-9599, 4665], [-9624, 4665], [-9624, 4682], [-9627, 4682], [-9627, 4709]]]}, "type": "Feature", "properties": {"name": "Rolette County", "stateAbbrev": "ND", "state": "North Dakota", "fips": "079", "incits": "38079", "id": "US.ND.079", "population": 14582}}, {"geometry": {"type": "Polygon", "coordinates": [[[-9666, 4598], [-9629, 4598], [-9617, 4598], [-9617, 4581], [-9613, 4581], [-9613, 4548], [-9621, 4548], [-9675, 4548], [-9675, 4581], [-9666, 4581], [-9666, 4598]]]}, "type": "Feature", "properties": {"name": "Sheridan County", "stateAbbrev": "ND", "state": "North Dakota", "fips": "083", "incits": "38083", "id": "US.ND.083", "population": 1304}}, {"geometry": {"type": "Polygon", "coordinates": [[[-9417, 4581], [-9407, 4581], [-9367, 4581], [-9367, 4548], [-9365, 4548], [-9365, 4540], [-9389, 4540], [-9414, 4540], [-9414, 4548], [-9416, 4548], [-9417, 4581]]]}, "type": "Feature", "properties": {"name": "Steele County", "stateAbbrev": "ND", "state": "North Dakota", "fips": "091", "incits": "38091", "id": "US.ND.091", "population": 1960}}, {"geometry": {"type": "Polygon", "coordinates": [[[-9560, 4548], [-9539, 4548], [-9466, 4548], [-9463, 4548], [-9463, 4540], [-9463, 4515], [-9460, 4515], [-9460, 4481], [-9517, 4481], [-9557, 4481], [-9557, 4515], [-9560, 4515], [-9560, 4548]]]}, "type": "Feature", "properties": {"name": "Stutsman County", "stateAbbrev": "ND", "state": "North Dakota", "fips": "093", "incits": "38093", "id": "US.ND.093", "population": 21120}}, {"geometry": {"type": "Polygon", "coordinates": [[[-9565, 4709], [-9514, 4709], [-9514, 4682], [-9511, 4682], [-9511, 4665], [-9511, 4648], [-9533, 4648], [-9561, 4648], [-9561, 4665], [-9561, 4682], [-9565, 4682], [-9565, 4709]]]}, "type": "Feature", "properties": {"name": "Towner County", "stateAbbrev": "ND", "state": "North Dakota", "fips": "095", "incits": "38095", "id": "US.ND.095", "population": 2317}}, {"geometry": {"type": "Polygon", "coordinates": [[[-9367, 4581], [-9311, 4581], [-9310, 4576], [-9307, 4573], [-9308, 4569], [-9308, 4556], [-9305, 4549], [-9307, 4545], [-9306, 4540], [-9365, 4540], [-9365, 4548], [-9367, 4548], [-9367, 4581]]]}, "type": "Feature", "properties": {"name": "Traill County", "stateAbbrev": "ND", "state": "North Dakota", "fips": "097", "incits": "38097", "id": "US.ND.097", "population": 8245}}, {"geometry": {"type": "Polygon", "coordinates": [[[-9448, 4665], [-9411, 4665], [-9337, 4665], [-9337, 4659], [-9334, 4657], [-9334, 4652], [-9337, 4651], [-9333, 4641], [-9335, 4635], [-9335, 4631], [-9409, 4631], [-9446, 4632], [-9446, 4648], [-9448, 4648], [-9448, 4665]]]}, "type": "Feature", "properties": {"name": "Walsh County", "stateAbbrev": "ND", "state": "North Dakota", "fips": "099", "incits": "38099", "id": "US.ND.099", "population": 11104}}, {"geometry": {"type": "Polygon", "coordinates": [[[-9804, 4690], [-9804, 4682], [-9787, 4682], [-9787, 4657], [-9749, 4657], [-9712, 4657], [-9712, 4648], [-9707, 4648], [-9707, 4615], [-9703, 4615], [-9703, 4598], [-9753, 4598], [-9790, 4598], [-9790, 4615], [-9795, 4615], [-9795, 4648], [-9799, 4648], [-9800, 4665], [-9825, 4665], [-9825, 4682], [-9817, 4682], [-9817, 4690], [-9804, 4690]]]}, "type": "Feature", "properties": {"name": "Ward County", "stateAbbrev": "ND", "state": "North Dakota", "fips": "101", "incits": "38101", "id": "US.ND.101", "population": 67990}}, {"geometry": {"type": "Polygon", "coordinates": [[[-9617, 4598], [-9592, 4598], [-9542, 4598], [-9542, 4581], [-9540, 4581], [-9540, 4573], [-9539, 4548], [-9560, 4548], [-9613, 4548], [-9613, 4581], [-9617, 4581], [-9617, 4598]]]}, "type": "Feature", "properties": {"name": "Wells County", "stateAbbrev": "ND", "state": "North Dakota", "fips": "103", "incits": "38103", "id": "US.ND.103", "population": 4206}}, {"geometry": {"type": "Polygon", "coordinates": [[[-9999, 4674], [-9950, 4674], [-9925, 4674], [-9887, 4674], [-9887, 4665], [-9887, 4649], [-9882, 4649], [-9882, 4625], [-9887, 4626], [-9890, 4625], [-9895, 4626], [-9905, 4625], [-9908, 4627], [-9918, 4625], [-9921, 4623], [-9920, 4621], [-9926, 4617], [-9935, 4615], [-9939, 4616], [-9945, 4614], [-9953, 4616], [-9951, 4620], [-9957, 4623], [-9965, 4624], [-9974, 4618], [-9975, 4613], [-9979, 4614], [-9983, 4610], [-9988, 4608], [-9991, 4611], [-9995, 4610], [-9999, 4612], [-9999, 4674]]]}, "type": "Feature", "properties": {"name": "Williams County", "stateAbbrev": "ND", "state": "North Dakota", "fips": "105", "incits": "38105", "id": "US.ND.105", "population": 29595}}], "ac-tx": {"default": {"crs": "wsg84", "scale": 96.09919729933019, "xoffset": 0, "yoffset": 0}}}