{"type":"Topology","arcs":[[[592,390],[61,30],[45,91],[33,18],[14,129]],[[745,658],[38,21],[28,-56],[35,5]],[[846,628],[-11,-80],[16,-40],[-63,-48],[75,-83],[97,-59],[-26,-43],[52,-64]],[[986,211],[-41,-72],[-68,-24],[-125,104],[-35,0],[-36,-88],[-77,-29]],[[604,102],[-26,66]],[[578,168],[-3,73],[-33,21],[-2,88],[52,40]],[[846,628],[45,-21],[26,37]],[[917,644],[69,14],[63,42],[78,-8],[-19,-91]],[[1108,601],[59,-13],[54,21],[31,-50],[-52,-72],[40,-126],[-45,-104],[-33,16],[-40,-54],[-56,16],[-19,-43],[-61,19]],[[931,1080],[50,-8],[33,-102],[47,-72],[71,-45],[42,77],[38,-53],[-14,-43],[30,-126],[-59,-34],[-61,-73]],[[917,644],[-47,16],[35,99],[-33,80],[19,67],[33,-2],[38,104],[-31,72]],[[745,658],[-104,-11]],[[641,647],[-28,53],[-45,-10],[-80,64]],[[488,754],[68,16],[-2,45],[-40,40],[-52,-10],[-56,93],[106,30],[153,-8],[0,37],[52,37],[68,-13],[5,83],[141,-24]],[[641,647],[-56,-30],[-21,-72],[-45,-10],[0,-57]],[[519,478],[-132,-64]],[[387,414],[-69,43],[-33,64],[-47,22],[-23,-62],[-33,-21]],[[182,460],[-97,24],[-83,-6],[-2,99],[42,102],[55,-43],[44,48],[48,-37],[54,-5],[80,34],[17,67],[148,11]],[[387,414],[19,-48],[-78,-43]],[[328,323],[-57,35],[-26,-85],[10,-59],[-59,-43]],[[196,171],[-69,59],[47,160],[8,70]],[[328,323],[26,-40],[224,-115]],[[604,102],[-76,-30],[-2,-45],[-76,-16],[-82,53],[-57,16],[-30,-48],[-88,-32],[-19,40],[59,107],[-37,24]],[[592,390],[19,19],[-92,69]]],"transform":{"scale":[0.4241214057507987,0.3740942028985507],"translate":[9468,2251]},"objects":{"guizhou":{"type":"GeometryCollection","geometries":[{"arcs":[[0,1,2,3,4,5]],"type":"Polygon","properties":{"admin_leve":"5","localname":"黔南布依族苗族自治州 / Qiannan","boundary":"administrative","id":"CN.guizhou.2777425","name":"Qiannan Buyei and Miao Autonomous Prefecture"}},{"arcs":[[6,7,8,-3]],"type":"Polygon","properties":{"admin_leve":"5","localname":"黔东南苗族侗族自治州 / Qiandongnan","boundary":"administrative","id":"CN.guizhou.2777847","name":"Qiandongnan Miao and Dong Autonomous Prefecture"}},{"arcs":[[9,-8,10]],"type":"Polygon","properties":{"admin_leve":"5","localname":"铜仁市 / Tongren","boundary":"administrative","id":"CN.guizhou.2778223","name":"Tongren City"}},{"arcs":[[-11,-7,-2,11,12,13]],"type":"Polygon","properties":{"admin_leve":"5","localname":"遵义市 / Zunyi","boundary":"administrative","id":"CN.guizhou.2778812","name":"Zunyi City"}},{"arcs":[[-13,14,15,16,17]],"type":"Polygon","properties":{"admin_leve":"5","localname":"毕节市 / Bijie","boundary":"administrative","id":"CN.guizhou.2780074","name":"Bijie City"}},{"arcs":[[-17,18,19,20]],"type":"Polygon","properties":{"admin_leve":"5","localname":"六盘水市 / Liupanshui","boundary":"administrative","id":"CN.guizhou.2780191","name":"Liupanshui City"}},{"arcs":[[-20,21,-5,22]],"type":"Polygon","properties":{"admin_leve":"5","localname":"黔西南布依族苗族自治州 / Qianxinan","boundary":"administrative","id":"CN.guizhou.2781292","name":"Qianxinan Buyei and Miao Autonomous Prefecture"}},{"arcs":[[-12,-1,23,-15]],"type":"Polygon","properties":{"admin_leve":"5","localname":"贵阳市 / Guiyang","boundary":"administrative","id":"CN.guizhou.2782246","name":"Guiyang City"}},{"arcs":[[-16,-24,-6,-22,-19]],"type":"Polygon","properties":{"admin_leve":"5","localname":"安顺市 / Anshun","boundary":"administrative","id":"CN.guizhou.2782250","name":"Anshun City"}}]}},"crs":{"type":"name","properties":{"name":"urn:ogc:def:crs:EPSG:4326"}},"ac-tx":{"default":{"crs":"wsg84","scale":91.27321701412728,"xoffset":0,"yoffset":0}}}