{"type":"Topology","arcs":[[[573,350],[0,78]],[[573,428],[35,-78]],[[608,350],[-35,0]],[[538,379],[28,59]],[[566,438],[7,-10]],[[573,350],[-35,29]],[[321,681],[35,58],[70,-19],[7,39],[84,29]],[[517,788],[98,-68],[28,-39]],[[643,681],[-21,-49],[0,-97]],[[622,535],[-49,-39]],[[573,496],[-49,10],[-84,68],[-70,-39]],[[370,535],[-49,-10],[-62,58]],[[259,583],[14,59],[48,39]],[[489,292],[105,29]],[[594,321],[70,-10]],[[664,311],[7,-87],[49,9],[56,-87]],[[776,146],[-91,0],[-77,-88],[-7,-58],[-56,10],[-56,48],[-14,49]],[[475,107],[-7,58],[21,127]],[[84,301],[42,49],[70,39],[181,-58]],[[377,331],[35,-68],[77,29]],[[475,107],[-112,0],[-63,19],[-62,-68],[-42,0],[-42,78],[-63,-10],[-35,39],[-21,78],[49,58]],[[622,1099],[-84,107],[91,0],[-21,48],[70,30],[42,58],[49,-126],[105,-88]],[[874,1128],[-105,-107],[-14,-49],[21,-145],[-14,-59],[21,-78]],[[783,690],[-42,-9],[-98,0]],[[517,788],[0,68],[63,0],[77,87],[7,59],[-42,97]],[[370,535],[63,-78]],[[433,457],[-21,-49],[28,-38]],[[440,370],[-63,-39]],[[84,301],[-28,78],[-56,49],[21,49],[91,87],[70,0],[35,39],[42,-20]],[[874,1128],[69,-97],[63,19],[105,-39],[77,20],[-21,-107],[-42,10],[-56,-49],[0,-117]],[[1069,768],[-42,0],[-105,-78],[-21,-38]],[[901,652],[-55,68],[-63,-30]],[[1069,768],[98,-165],[-21,-29],[-63,-20],[-21,-39],[-77,10],[-70,-19]],[[915,506],[7,87],[-21,59]],[[915,506],[-83,-10],[-28,-19]],[[804,477],[-105,0]],[[699,477],[-77,58]],[[664,311],[56,29],[7,117],[-28,20]],[[804,477],[7,-107],[83,-49],[7,-39],[-48,-97],[-49,-49],[-28,10]],[[321,681],[-27,68],[-35,10],[-70,116],[49,68],[49,29],[48,-29],[49,20],[119,146],[119,-10]],[[594,321],[14,29]],[[566,438],[7,58]],[[440,370],[56,0]],[[496,370],[42,9]],[[496,370],[-63,87]]],"transform":{"scale":[0.14309764309764308,0.10283159463487333],"translate":[9829,3359]},"objects":{"beijing":{"type":"GeometryCollection","geometries":[{"arcs":[[0,1,2]],"type":"Polygon","properties":{"name":"Dongcheng District","admin_leve":"6","wikipedia":"zh:东城区 (北京市)","localname":"东城区","boundary":"administrative","id":"CN.beijing.288600"}},{"arcs":[[3,4,-1,5]],"type":"Polygon","properties":{"name":"Xicheng District","admin_leve":"6","wikipedia":"zh:西城区","localname":"西城区","boundary":"administrative","id":"CN.beijing.568660"}},{"arcs":[[6,7,8,9,10,11,12]],"type":"Polygon","properties":{"admin_leve":"6","localname":"昌平区","boundary":"administrative","id":"CN.beijing.2988894","name":"Changping District"}},{"arcs":[[13,14,15,16,17]],"type":"Polygon","properties":{"admin_leve":"6","localname":"大兴区 / Daxing","boundary":"administrative","id":"CN.beijing.2988895","name":"Daxing District"}},{"arcs":[[18,19,-18,20]],"type":"Polygon","properties":{"admin_leve":"6","localname":"房山区","boundary":"administrative","id":"CN.beijing.2988896","name":"Fangshan District"}},{"arcs":[[21,22,23,-8,24]],"type":"Polygon","properties":{"admin_leve":"6","localname":"怀柔区 / Huairou","boundary":"administrative","id":"CN.beijing.2988897","name":"Huairou District"}},{"arcs":[[-12,25,26,27,-19,28]],"type":"Polygon","properties":{"name":"Mentougou District","admin_leve":"6","wikipedia":"zh:门头沟区","localname":"门头沟区 / Mentougou","boundary":"administrative","id":"CN.beijing.2988898"}},{"arcs":[[29,30,31,-23]],"type":"Polygon","properties":{"admin_leve":"6","localname":"密云县 / Miyun","boundary":"administrative","id":"CN.beijing.2988899","name":"Miyun County"}},{"arcs":[[-31,32,33]],"type":"Polygon","properties":{"admin_leve":"6","localname":"平谷区 / Pinggu","boundary":"administrative","id":"CN.beijing.2988900","name":"Pinggu District"}},{"arcs":[[-24,-32,-34,34,35,36,-9]],"type":"Polygon","properties":{"admin_leve":"6","localname":"顺义区 / Shunyi","boundary":"administrative","id":"CN.beijing.2988901","name":"Shunyi District"}},{"arcs":[[37,-36,38,-16]],"type":"Polygon","properties":{"name":"Tongzhou District","admin_leve":"6","wikipedia":"zh:通州区 (北京市)","localname":"通州区 / Tongzhou","boundary":"administrative","id":"CN.beijing.2988902"}},{"arcs":[[-25,-7,39]],"type":"Polygon","properties":{"admin_leve":"6","localname":"延庆县 / Yanqing","boundary":"administrative","id":"CN.beijing.2988903","name":"Yanqing County"}},{"arcs":[[-10,-37,-38,-15,40,-2,-5,41]],"type":"Polygon","properties":{"name":"Chaoyang District","admin_leve":"6","wikipedia":"zh:朝阳区 (北京市)","localname":"朝阳区 / Chaoyang","boundary":"administrative","id":"CN.beijing.2988933"}},{"arcs":[[-28,42,43,-6,-3,-41,-14,-20]],"type":"Polygon","properties":{"admin_leve":"6","localname":"丰台区 / Fengtai","boundary":"administrative","id":"CN.beijing.2988946","name":"Fengtai District"}},{"arcs":[[-11,-42,-4,-44,44,-26]],"type":"Polygon","properties":{"name":"Haidian District","admin_leve":"6","wikipedia":"zh:海淀区","localname":"海淀区","boundary":"administrative","id":"CN.beijing.5505984"}},{"arcs":[[-45,-43,-27]],"type":"Polygon","properties":{"name":"Shijingshan District","admin_leve":"6","wikipedia":"zh:石景山区","localname":"石景山区","boundary":"administrative","id":"CN.beijing.5505985"}}]}},"crs":{"type":"name","properties":{"name":"urn:ogc:def:crs:EPSG:4326"}},"ac-tx":{"default":{"crs":"wsg84","scale":85.16013258721486,"xoffset":0,"yoffset":0}}}