{"type":"Topology","arcs":[[[413,127],[36,-4]],[[449,123],[36,-19]],[[485,104],[18,-104],[-75,16]],[[428,16],[-15,111]],[[312,65],[60,62]],[[372,127],[41,0]],[[428,16],[-116,49]],[[506,276],[95,-20],[24,-32],[-6,-88],[-30,-29],[-104,-3]],[[449,123],[6,55],[51,98]],[[220,250],[143,3]],[[363,253],[9,-126]],[[312,65],[-38,52],[-51,-3],[-45,48],[42,88]],[[410,367],[75,16]],[[485,383],[21,-107]],[[363,253],[-12,33],[59,81]],[[134,490],[27,16]],[[161,506],[53,-32],[80,-10]],[[294,464],[75,-23],[41,-74]],[[220,250],[-36,97],[-3,78],[-47,65]],[[205,701],[42,-104],[-36,-68],[-50,-23]],[[134,490],[-63,16],[-71,143],[83,10],[84,48],[38,-6]],[[205,701],[45,10]],[[250,711],[86,9],[30,-42]],[[366,678],[18,-26],[-92,-71],[11,-26]],[[303,555],[-9,-91]],[[387,1120],[116,61]],[[503,1181],[-6,-87]],[[497,1094],[-33,-39],[-77,65]],[[503,1181],[80,23],[21,-78]],[[604,1126],[-107,-32]],[[604,1126],[21,-45],[-78,-101]],[[547,980],[-21,16]],[[526,996],[-163,65]],[[363,1061],[24,59]],[[330,1009],[33,52]],[[526,996],[-14,-42],[-78,-6]],[[434,948],[-12,42]],[[422,990],[-92,19]],[[378,892],[44,98]],[[434,948],[3,-30]],[[437,918],[-59,-26]],[[419,818],[3,16]],[[422,834],[42,65]],[[464,899],[30,-7]],[[494,892],[95,-45]],[[589,847],[-18,-55],[36,-36],[-104,-110]],[[503,646],[-36,10]],[[467,656],[-48,162]],[[547,980],[-53,-88]],[[464,899],[-27,19]],[[318,941],[12,68]],[[378,892],[-60,49]],[[422,834],[-101,42]],[[321,876],[-3,65]],[[589,847],[95,-3],[69,-62],[65,-26],[-89,-84],[-21,-75],[24,-52],[-122,-19],[-78,13]],[[532,539],[24,45],[-47,52]],[[509,636],[-6,10]],[[250,711],[50,32],[21,133]],[[419,818],[-38,-133]],[[381,685],[-15,-7]],[[303,555],[155,-20],[-27,59],[78,42]],[[532,539],[12,-98],[-59,-58]],[[467,656],[-57,-20],[-29,49]]],"transform":{"scale":[0.3361858190709046,0.3081395348837209],"translate":[9724,3284]},"objects":{"ningxia":{"type":"GeometryCollection","geometries":[{"arcs":[[0,1,2,3]],"type":"Polygon","properties":{"name":"Jingyuan County","admin_leve":"6","wikipedia":"zh:泾源县","localname":"泾源县 (Jingyuan)","boundary":"administrative","id":"CN.ningxia.2700340"}},{"arcs":[[4,5,-4,6]],"type":"Polygon","properties":{"name":"Longde County","admin_leve":"6","wikipedia":"zh:隆德县","localname":"隆德县 (Longde)","boundary":"administrative","id":"CN.ningxia.2700341"}},{"arcs":[[7,-2,8]],"type":"Polygon","properties":{"name":"Pengyang County","admin_leve":"6","wikipedia":"zh:彭阳县","localname":"彭阳县 / Pengyang","boundary":"administrative","id":"CN.ningxia.2793580"}},{"arcs":[[9,10,-5,11]],"type":"Polygon","properties":{"name":"Xiji County","admin_leve":"6","wikipedia":"zh:西吉县","localname":"西吉县 / Xiji","boundary":"administrative","id":"CN.ningxia.2793581"}},{"arcs":[[12,13,-9,-1,-6,-11,14]],"type":"Polygon","properties":{"name":"Yuanzhou District","admin_leve":"6","wikipedia":"zh:原州区","localname":"原州区 / Yuanzhou","boundary":"administrative","id":"CN.ningxia.2793582"}},{"arcs":[[15,16,17,-15,-10,18]],"type":"Polygon","properties":{"name":"Haiyuan County","admin_leve":"6","wikipedia":"zh:海原县","localname":"海原县 / Haiyuan","boundary":"administrative","id":"CN.ningxia.2793619"}},{"arcs":[[19,-16,20]],"type":"Polygon","properties":{"name":"Shapotou District","admin_leve":"6","wikipedia":"zh:沙坡头区","localname":"沙坡头区","boundary":"administrative","id":"CN.ningxia.2793620"}},{"arcs":[[21,22,23,24,-17,-20]],"type":"Polygon","properties":{"name":"Zhongning County","admin_leve":"6","wikipedia":"zh:中宁县","localname":"中宁县 / Zhongning","boundary":"administrative","id":"CN.ningxia.2793621"}},{"arcs":[[25,26,27]],"type":"Polygon","properties":{"name":"Dawukou District","admin_leve":"6","wikipedia":"en:Dawukou District","localname":"大武口区 (Dawukou)","boundary":"administrative","id":"CN.ningxia.3307095"}},{"arcs":[[28,29,-27]],"type":"Polygon","properties":{"name":"Huinong District","admin_leve":"6","wikipedia":"en:Huinong District","localname":"惠农区 (Huinong)","boundary":"administrative","id":"CN.ningxia.3307096"}},{"arcs":[[-28,-30,30,31,32,33]],"type":"Polygon","properties":{"name":"Pingluo County","admin_leve":"6","wikipedia":"en:Pingluo County","localname":"平罗县 (Pingluo)","boundary":"administrative","id":"CN.ningxia.3307097"}},{"arcs":[[34,-33,35,36,37]],"type":"Polygon","properties":{"name":"Helan County","admin_leve":"6","wikipedia":"en:Helan County","localname":"贺兰县 (Helan)","boundary":"administrative","id":"CN.ningxia.3307199"}},{"arcs":[[38,-37,39,40]],"type":"Polygon","properties":{"name":"Jinfeng District","admin_leve":"6","wikipedia":"en:Jinfeng District","localname":"金凤区 (Jinfeng)","boundary":"administrative","id":"CN.ningxia.3307200"}},{"arcs":[[41,42,43,44,45,46,47]],"type":"Polygon","properties":{"name":"Lingwu City","admin_leve":"6","wikipedia":"zh:灵武市","localname":"灵武市 (Lingwu)","boundary":"administrative","id":"CN.ningxia.3307201"}},{"arcs":[[-36,-32,48,-44,49,-40]],"type":"Polygon","properties":{"name":"Xingqing District","admin_leve":"6","wikipedia":"en:Xingqing District","localname":"兴庆区 (Xingqing)","boundary":"administrative","id":"CN.ningxia.3307202"}},{"arcs":[[50,-38,-39,51]],"type":"Polygon","properties":{"name":"Xixia District","admin_leve":"6","wikipedia":"en:Xixia District","localname":"西夏区 (Xixia)","boundary":"administrative","id":"CN.ningxia.3307203"}},{"arcs":[[-52,-41,-50,-43,52,53]],"type":"Polygon","properties":{"name":"Yongning County","admin_leve":"6","wikipedia":"en:Yongning County","localname":"永宁县 (Yongning)","boundary":"administrative","id":"CN.ningxia.3307204"}},{"arcs":[[-46,54,55,56]],"type":"Polygon","properties":{"name":"Yanchi County","admin_leve":"6","wikipedia":"en:Yanchi County","localname":"盐池县 (Yanchi)","boundary":"administrative","id":"CN.ningxia.3924669"}},{"arcs":[[57,-53,-42,58,59,-23]],"type":"Polygon","properties":{"name":"Qingtongxia City","admin_leve":"6","wikipedia":"en:Qingtongxia","localname":"青铜峡市 (Qingtongxia)","boundary":"administrative","id":"CN.ningxia.4429427"}},{"arcs":[[60,-56,61,-13,-18,-25]],"type":"Polygon","properties":{"name":"Tongxin County","admin_leve":"6","wikipedia":"en:Tongxin County","localname":"同心县 / Tongxin / ﺗْﻮسٍ ﺷِﯿًﺎ‎","boundary":"administrative","id":"CN.ningxia.4562843"}},{"arcs":[[-48,62,-59]],"type":"Polygon","properties":{"name":"Litong District","admin_leve":"6","wikipedia":"en:Litong District","localname":"利通区 / Litong / لِتْو ٿُو‎","boundary":"administrative","id":"CN.ningxia.4563635"}},{"arcs":[[-60,-63,-47,-57,-61,-24]],"type":"Polygon","properties":{"name":"Hongsibao District","admin_leve":"6","wikipedia":"zh:红寺堡区","localname":"红寺堡区 / Hongsibao","boundary":"administrative","id":"CN.ningxia.4563684"}}]}},"crs":{"type":"name","properties":{"name":"urn:ogc:def:crs:EPSG:4326"}},"ac-tx":{"default":{"crs":"wsg84","scale":92.88725906889924,"xoffset":0,"yoffset":0}}}