{"type":"Topology","arcs":[[[0,487],[53,-3]],[[53,484],[25,-65]],[[78,419],[-78,55],[0,13]],[[34,503],[51,45]],[[85,548],[10,0]],[[95,548],[9,-28],[42,-37]],[[146,483],[-17,-27],[-2,-51],[-28,0]],[[99,405],[-21,14]],[[53,484],[-19,19]],[[80,828],[1,-122]],[[81,706],[-3,-114],[13,0]],[[91,592],[4,-44]],[[85,548],[-43,-14],[-8,-31]],[[34,503],[-34,-10]],[[0,493],[1,101],[-1,234],[80,0]],[[399,710],[51,0],[0,-40],[18,-62],[18,0]],[[486,608],[6,-33],[-14,-82]],[[478,493],[-80,0]],[[398,493],[1,217]],[[80,828],[269,0]],[[349,828],[0,-118]],[[349,710],[0,-42],[-34,-13]],[[315,655],[-39,38],[-70,0],[-65,1],[0,6],[-11,6],[-49,0]],[[315,655],[-28,-63]],[[287,592],[-196,0]],[[0,487],[0,6]],[[146,483],[105,0]],[[251,483],[-40,-19],[59,-52]],[[270,412],[-87,-68]],[[183,344],[-84,61]],[[349,828],[347,0],[-1,-222]],[[695,606],[-209,2]],[[399,710],[-50,0]],[[584,436],[111,0]],[[695,436],[0,-217]],[[695,219],[-216,0]],[[479,219],[1,142],[104,0],[0,75]],[[287,592],[6,-55],[-31,-23],[-2,-30]],[[260,484],[-9,-1]],[[260,484],[52,9],[86,0]],[[478,493],[106,-57]],[[479,219],[6,-105]],[[485,114],[-153,120]],[[332,234],[0,121],[-62,57]],[[695,606],[0,-170]],[[695,219],[1,-77],[-81,-11],[12,-131],[-142,114]],[[332,234],[-149,110]]],"transform":{"scale":[0.7140804597701149,0.7041062801932366],"translate":[-9999,2916]},"objects":{"nevada":{"type":"GeometryCollection","geometries":[{"arcs":[[0,1,2]],"type":"Polygon","properties":{"name":"Douglas County","stateAbbrev":"NV","state":"Nevada","fips":"005","incits":"32005","id":"US.NV.005","population":47118}},{"arcs":[[3,4,5,6,7,-2,8]],"type":"Polygon","properties":{"name":"Lyon County","stateAbbrev":"NV","state":"Nevada","fips":"019","incits":"32019","id":"US.NV.019","population":51557}},{"arcs":[[9,10,11,-5,12,13,14]],"type":"Polygon","properties":{"name":"Washoe County","stateAbbrev":"NV","state":"Nevada","fips":"031","incits":"32031","id":"US.NV.031","population":433731}},{"arcs":[[15,16,17,18]],"type":"Polygon","properties":{"name":"Eureka County","stateAbbrev":"NV","state":"Nevada","fips":"011","incits":"32011","id":"US.NV.011","population":2076}},{"arcs":[[19,20,21,22,-10]],"type":"Polygon","properties":{"name":"Humboldt County","stateAbbrev":"NV","state":"Nevada","fips":"013","incits":"32013","id":"US.NV.013","population":17363}},{"arcs":[[-23,23,24,-11]],"type":"Polygon","properties":{"name":"Pershing County","stateAbbrev":"NV","state":"Nevada","fips":"027","incits":"32027","id":"US.NV.027","population":6877}},{"arcs":[[-14,-9,-1,25]],"type":"Polygon","properties":{"name":"Carson City","stateAbbrev":"NV","state":"Nevada","fips":"510","incits":"32510","id":"US.NV.510","population":54080}},{"arcs":[[-7,26,27,28,29]],"type":"Polygon","properties":{"name":"Mineral County","stateAbbrev":"NV","state":"Nevada","fips":"021","incits":"32021","id":"US.NV.021","population":4614}},{"arcs":[[30,31,-16,32,-21]],"type":"Polygon","properties":{"name":"Elko County","stateAbbrev":"NV","state":"Nevada","fips":"007","incits":"32007","id":"US.NV.007","population":52384}},{"arcs":[[33,34,35,36]],"type":"Polygon","properties":{"name":"Lincoln County","stateAbbrev":"NV","state":"Nevada","fips":"017","incits":"32017","id":"US.NV.017","population":5245}},{"arcs":[[-25,37,38,-27,-6,-12]],"type":"Polygon","properties":{"name":"Churchill County","stateAbbrev":"NV","state":"Nevada","fips":"001","incits":"32001","id":"US.NV.001","population":24063}},{"arcs":[[-39,39,-18,40,-37,41,42,43,-28]],"type":"Polygon","properties":{"name":"Nye County","stateAbbrev":"NV","state":"Nevada","fips":"023","incits":"32023","id":"US.NV.023","population":42297}},{"arcs":[[-24,-22,-33,-19,-40,-38]],"type":"Polygon","properties":{"name":"Lander County","stateAbbrev":"NV","state":"Nevada","fips":"015","incits":"32015","id":"US.NV.015","population":6032}},{"arcs":[[-17,-32,44,-34,-41]],"type":"Polygon","properties":{"name":"White Pine County","stateAbbrev":"NV","state":"Nevada","fips":"033","incits":"32033","id":"US.NV.033","population":10057}},{"arcs":[[-36,45,-42]],"type":"Polygon","properties":{"name":"Clark County","stateAbbrev":"NV","state":"Nevada","fips":"003","incits":"32003","id":"US.NV.003","population":2027868}},{"arcs":[[-29,-44,46]],"type":"Polygon","properties":{"name":"Esmeralda County","stateAbbrev":"NV","state":"Nevada","fips":"009","incits":"32009","id":"US.NV.009","population":832}},{"arcs":[[-4,-13]],"type":"Polygon","properties":{"name":"Storey County","stateAbbrev":"NV","state":"Nevada","fips":"029","incits":"32029","id":"US.NV.029","population":3942}}]}},"crs":{"type":"name","properties":{"name":"urn:ogc:def:crs:EPSG:4326"}},"ac-tx":{"default":{"crs":"wsg84","scale":83.32188035936444,"xoffset":0,"yoffset":0}}}