{"crs": {"type": "name", "properties": {"name": "urn:ogc:def:crs:EPSG:4326"}}, "type": "FeatureCollection", "features": [{"geometry": {"type": "Polygon", "coordinates": [[[-9999, 3259], [-9961, 3257], [-9943, 3211], [-9999, 3250], [-9999, 3259]]]}, "type": "Feature", "properties": {"name": "Douglas County", "stateAbbrev": "NV", "state": "Nevada", "fips": "005", "incits": "32005", "id": "US.NV.005", "population": 47118}}, {"geometry": {"type": "Polygon", "coordinates": [[[-9975, 3270], [-9938, 3302], [-9931, 3302], [-9925, 3282], [-9895, 3256], [-9907, 3237], [-9908, 3201], [-9928, 3201], [-9943, 3211], [-9961, 3257], [-9975, 3270]]]}, "type": "Feature", "properties": {"name": "Lyon County", "stateAbbrev": "NV", "state": "Nevada", "fips": "019", "incits": "32019", "id": "US.NV.019", "population": 51557}}, {"geometry": {"type": "Polygon", "coordinates": [[[-9942, 3499], [-9941, 3413], [-9943, 3333], [-9934, 3333], [-9931, 3302], [-9938, 3302], [-9969, 3292], [-9975, 3270], [-9999, 3263], [-9998, 3334], [-9999, 3499], [-9942, 3499]]]}, "type": "Feature", "properties": {"name": "Washoe County", "stateAbbrev": "NV", "state": "Nevada", "fips": "031", "incits": "32031", "id": "US.NV.031", "population": 433731}}, {"geometry": {"type": "Polygon", "coordinates": [[[-9714, 3416], [-9678, 3416], [-9678, 3388], [-9665, 3344], [-9652, 3344], [-9648, 3321], [-9658, 3263], [-9715, 3263], [-9714, 3416]]]}, "type": "Feature", "properties": {"name": "Eureka County", "stateAbbrev": "NV", "state": "Nevada", "fips": "011", "incits": "32011", "id": "US.NV.011", "population": 2076}}, {"geometry": {"type": "Polygon", "coordinates": [[[-9942, 3499], [-9750, 3499], [-9750, 3416], [-9750, 3386], [-9774, 3377], [-9802, 3404], [-9852, 3404], [-9898, 3405], [-9898, 3409], [-9906, 3413], [-9941, 3413], [-9942, 3499]]]}, "type": "Feature", "properties": {"name": "Humboldt County", "stateAbbrev": "NV", "state": "Nevada", "fips": "013", "incits": "32013", "id": "US.NV.013", "population": 17363}}, {"geometry": {"type": "Polygon", "coordinates": [[[-9941, 3413], [-9906, 3413], [-9898, 3409], [-9898, 3405], [-9852, 3404], [-9802, 3404], [-9774, 3377], [-9794, 3333], [-9934, 3333], [-9943, 3333], [-9941, 3413]]]}, "type": "Feature", "properties": {"name": "Pershing County", "stateAbbrev": "NV", "state": "Nevada", "fips": "027", "incits": "32027", "id": "US.NV.027", "population": 6877}}, {"geometry": {"type": "Polygon", "coordinates": [[[-9999, 3263], [-9975, 3270], [-9961, 3257], [-9999, 3259], [-9999, 3263]]]}, "type": "Feature", "properties": {"name": "Carson City", "stateAbbrev": "NV", "state": "Nevada", "fips": "510", "incits": "32510", "id": "US.NV.510", "population": 54080}}, {"geometry": {"type": "Polygon", "coordinates": [[[-9928, 3201], [-9908, 3201], [-9907, 3237], [-9895, 3256], [-9820, 3256], [-9848, 3243], [-9806, 3206], [-9868, 3158], [-9928, 3201]]]}, "type": "Feature", "properties": {"name": "Mineral County", "stateAbbrev": "NV", "state": "Nevada", "fips": "021", "incits": "32021", "id": "US.NV.021", "population": 4614}}, {"geometry": {"type": "Polygon", "coordinates": [[[-9750, 3499], [-9502, 3499], [-9503, 3343], [-9652, 3344], [-9665, 3344], [-9678, 3388], [-9678, 3416], [-9714, 3416], [-9750, 3416], [-9750, 3499]]]}, "type": "Feature", "properties": {"name": "Elko County", "stateAbbrev": "NV", "state": "Nevada", "fips": "007", "incits": "32007", "id": "US.NV.007", "population": 52384}}, {"geometry": {"type": "Polygon", "coordinates": [[[-9582, 3223], [-9503, 3223], [-9503, 3070], [-9657, 3070], [-9656, 3170], [-9582, 3170], [-9582, 3223]]]}, "type": "Feature", "properties": {"name": "Lincoln County", "stateAbbrev": "NV", "state": "Nevada", "fips": "017", "incits": "32017", "id": "US.NV.017", "population": 5245}}, {"geometry": {"type": "Polygon", "coordinates": [[[-9934, 3333], [-9794, 3333], [-9790, 3294], [-9812, 3278], [-9813, 3257], [-9820, 3256], [-9895, 3256], [-9925, 3282], [-9931, 3302], [-9934, 3333]]]}, "type": "Feature", "properties": {"name": "Churchill County", "stateAbbrev": "NV", "state": "Nevada", "fips": "001", "incits": "32001", "id": "US.NV.001", "population": 24063}}, {"geometry": {"type": "Polygon", "coordinates": [[[-9820, 3256], [-9813, 3257], [-9776, 3263], [-9715, 3263], [-9658, 3263], [-9582, 3223], [-9582, 3170], [-9656, 3170], [-9657, 3070], [-9653, 2996], [-9762, 3081], [-9762, 3166], [-9806, 3206], [-9848, 3243], [-9820, 3256]]]}, "type": "Feature", "properties": {"name": "Nye County", "stateAbbrev": "NV", "state": "Nevada", "fips": "023", "incits": "32023", "id": "US.NV.023", "population": 42297}}, {"geometry": {"type": "Polygon", "coordinates": [[[-9794, 3333], [-9774, 3377], [-9750, 3386], [-9750, 3416], [-9714, 3416], [-9715, 3263], [-9776, 3263], [-9813, 3257], [-9812, 3278], [-9790, 3294], [-9794, 3333]]]}, "type": "Feature", "properties": {"name": "Lander County", "stateAbbrev": "NV", "state": "Nevada", "fips": "015", "incits": "32015", "id": "US.NV.015", "population": 6032}}, {"geometry": {"type": "Polygon", "coordinates": [[[-9658, 3263], [-9648, 3321], [-9652, 3344], [-9503, 3343], [-9503, 3223], [-9582, 3223], [-9658, 3263]]]}, "type": "Feature", "properties": {"name": "White Pine County", "stateAbbrev": "NV", "state": "Nevada", "fips": "033", "incits": "32033", "id": "US.NV.033", "population": 10057}}, {"geometry": {"type": "Polygon", "coordinates": [[[-9657, 3070], [-9503, 3070], [-9502, 3016], [-9560, 3008], [-9551, 2916], [-9653, 2996], [-9657, 3070]]]}, "type": "Feature", "properties": {"name": "Clark County", "stateAbbrev": "NV", "state": "Nevada", "fips": "003", "incits": "32003", "id": "US.NV.003", "population": 2027868}}, {"geometry": {"type": "Polygon", "coordinates": [[[-9868, 3158], [-9806, 3206], [-9762, 3166], [-9762, 3081], [-9868, 3158]]]}, "type": "Feature", "properties": {"name": "Esmeralda County", "stateAbbrev": "NV", "state": "Nevada", "fips": "009", "incits": "32009", "id": "US.NV.009", "population": 832}}, {"geometry": {"type": "Polygon", "coordinates": [[[-9938, 3302], [-9975, 3270], [-9969, 3292], [-9938, 3302]]]}, "type": "Feature", "properties": {"name": "Storey County", "stateAbbrev": "NV", "state": "Nevada", "fips": "029", "incits": "32029", "id": "US.NV.029", "population": 3942}}], "ac-tx": {"default": {"crs": "wsg84", "scale": 83.32188035936444, "xoffset": 0, "yoffset": 0}}}