{"crs": {"type": "name", "properties": {"name": "urn:ogc:def:crs:EPSG:4326"}}, "type": "FeatureCollection", "features": [{"geometry": {"type": "Polygon", "coordinates": [[[-9531, 4612], [-9531, 4650], [-9518, 4650], [-9480, 4650], [-9480, 4612], [-9506, 4612], [-9531, 4612]]]}, "type": "Feature", "properties": {"name": "Waukesha County", "stateAbbrev": "WI", "state": "Wisconsin", "fips": "133", "incits": "55133", "id": "US.WI.133", "population": 393843}}, {"geometry": {"type": "Polygon", "coordinates": [[[-9480, 4612], [-9480, 4650], [-9461, 4649], [-9462, 4643], [-9458, 4637], [-9460, 4629], [-9456, 4625], [-9457, 4617], [-9454, 4612], [-9480, 4612]]]}, "type": "Feature", "properties": {"name": "Milwaukee County", "stateAbbrev": "WI", "state": "Wisconsin", "fips": "079", "incits": "55079", "id": "US.WI.079", "population": 956023}}, {"geometry": {"type": "Polygon", "coordinates": [[[-9516, 4687], [-9490, 4687], [-9477, 4687], [-9477, 4668], [-9480, 4668], [-9480, 4650], [-9518, 4650], [-9518, 4669], [-9516, 4669], [-9516, 4687]]]}, "type": "Feature", "properties": {"name": "Washington County", "stateAbbrev": "WI", "state": "Wisconsin", "fips": "131", "incits": "55131", "id": "US.WI.131", "population": 132739}}, {"geometry": {"type": "Polygon", "coordinates": [[[-9490, 4725], [-9477, 4725], [-9444, 4725], [-9443, 4716], [-9440, 4711], [-9442, 4708], [-9441, 4703], [-9450, 4690], [-9450, 4687], [-9477, 4687], [-9490, 4687], [-9490, 4725]]]}, "type": "Feature", "properties": {"name": "Sheboygan County", "stateAbbrev": "WI", "state": "Wisconsin", "fips": "117", "incits": "55117", "id": "US.WI.117", "population": 114922}}, {"geometry": {"type": "Polygon", "coordinates": [[[-9568, 4697], [-9568, 4725], [-9516, 4725], [-9516, 4730], [-9490, 4730], [-9490, 4725], [-9490, 4687], [-9516, 4687], [-9516, 4697], [-9568, 4697]]]}, "type": "Feature", "properties": {"name": "Fond du Lac County", "stateAbbrev": "WI", "state": "Wisconsin", "fips": "039", "incits": "55039", "id": "US.WI.039", "population": 101798}}, {"geometry": {"type": "Polygon", "coordinates": [[[-9598, 4735], [-9568, 4735], [-9568, 4725], [-9568, 4697], [-9581, 4697], [-9594, 4697], [-9607, 4698], [-9607, 4710], [-9599, 4711], [-9602, 4716], [-9602, 4723], [-9598, 4723], [-9598, 4735]]]}, "type": "Feature", "properties": {"name": "Green Lake County", "stateAbbrev": "WI", "state": "Wisconsin", "fips": "047", "incits": "55047", "id": "US.WI.047", "population": 18959}}, {"geometry": {"type": "Polygon", "coordinates": [[[-9582, 4659], [-9581, 4669], [-9581, 4697], [-9568, 4697], [-9516, 4697], [-9516, 4687], [-9516, 4669], [-9518, 4669], [-9518, 4650], [-9531, 4650], [-9543, 4650], [-9582, 4650], [-9582, 4659]]]}, "type": "Feature", "properties": {"name": "Dodge County", "stateAbbrev": "WI", "state": "Wisconsin", "fips": "027", "incits": "55027", "id": "US.WI.027", "population": 88344}}, {"geometry": {"type": "Polygon", "coordinates": [[[-9568, 4763], [-9553, 4763], [-9516, 4763], [-9516, 4730], [-9516, 4725], [-9568, 4725], [-9568, 4735], [-9568, 4763]]]}, "type": "Feature", "properties": {"name": "Winnebago County", "stateAbbrev": "WI", "state": "Wisconsin", "fips": "139", "incits": "55139", "id": "US.WI.139", "population": 169541}}, {"geometry": {"type": "Polygon", "coordinates": [[[-9645, 4763], [-9605, 4763], [-9568, 4763], [-9568, 4735], [-9598, 4735], [-9645, 4735], [-9645, 4763]]]}, "type": "Feature", "properties": {"name": "Waushara County", "stateAbbrev": "WI", "state": "Wisconsin", "fips": "137", "incits": "55137", "id": "US.WI.137", "population": 24329}}, {"geometry": {"type": "Polygon", "coordinates": [[[-9553, 4763], [-9552, 4800], [-9538, 4800], [-9499, 4799], [-9493, 4800], [-9494, 4763], [-9516, 4763], [-9553, 4763]]]}, "type": "Feature", "properties": {"name": "Outagamie County", "stateAbbrev": "WI", "state": "Wisconsin", "fips": "087", "incits": "55087", "id": "US.WI.087", "population": 180345}}, {"geometry": {"type": "Polygon", "coordinates": [[[-9516, 4763], [-9494, 4763], [-9478, 4762], [-9477, 4725], [-9490, 4725], [-9490, 4730], [-9516, 4730], [-9516, 4763]]]}, "type": "Feature", "properties": {"name": "Calumet County", "stateAbbrev": "WI", "state": "Wisconsin", "fips": "015", "incits": "55015", "id": "US.WI.015", "population": 49617}}, {"geometry": {"type": "Polygon", "coordinates": [[[-9722, 4848], [-9710, 4848], [-9709, 4857], [-9693, 4857], [-9626, 4857], [-9605, 4857], [-9605, 4847], [-9605, 4810], [-9633, 4810], [-9672, 4810], [-9722, 4810], [-9722, 4848]]]}, "type": "Feature", "properties": {"name": "Marathon County", "stateAbbrev": "WI", "state": "Wisconsin", "fips": "073", "incits": "55073", "id": "US.WI.073", "population": 135416}}, {"geometry": {"type": "Polygon", "coordinates": [[[-9605, 4763], [-9605, 4810], [-9538, 4809], [-9538, 4800], [-9552, 4800], [-9553, 4763], [-9568, 4763], [-9605, 4763]]]}, "type": "Feature", "properties": {"name": "Waupaca County", "stateAbbrev": "WI", "state": "Wisconsin", "fips": "135", "incits": "55135", "id": "US.WI.135", "population": 52285}}, {"geometry": {"type": "Polygon", "coordinates": [[[-9672, 4810], [-9633, 4810], [-9605, 4810], [-9605, 4763], [-9645, 4763], [-9659, 4763], [-9659, 4792], [-9672, 4792], [-9672, 4810]]]}, "type": "Feature", "properties": {"name": "Portage County", "stateAbbrev": "WI", "state": "Wisconsin", "fips": "097", "incits": "55097", "id": "US.WI.097", "population": 70380}}, {"geometry": {"type": "Polygon", "coordinates": [[[-9605, 4847], [-9579, 4847], [-9579, 4838], [-9552, 4838], [-9552, 4829], [-9526, 4829], [-9500, 4828], [-9500, 4819], [-9499, 4810], [-9499, 4799], [-9538, 4800], [-9538, 4809], [-9605, 4810], [-9605, 4847]]]}, "type": "Feature", "properties": {"name": "Shawano County", "stateAbbrev": "WI", "state": "Wisconsin", "fips": "115", "incits": "55115", "id": "US.WI.115", "population": 41643}}, {"geometry": {"type": "Polygon", "coordinates": [[[-9722, 4782], [-9722, 4810], [-9672, 4810], [-9672, 4792], [-9659, 4792], [-9659, 4763], [-9678, 4763], [-9722, 4763], [-9722, 4782]]]}, "type": "Feature", "properties": {"name": "Wood County", "stateAbbrev": "WI", "state": "Wisconsin", "fips": "141", "incits": "55141", "id": "US.WI.141", "population": 73959}}, {"geometry": {"type": "Polygon", "coordinates": [[[-9678, 4763], [-9659, 4763], [-9645, 4763], [-9645, 4735], [-9645, 4698], [-9665, 4698], [-9671, 4707], [-9673, 4712], [-9684, 4723], [-9685, 4727], [-9683, 4732], [-9691, 4745], [-9689, 4749], [-9685, 4754], [-9678, 4756], [-9678, 4763]]]}, "type": "Feature", "properties": {"name": "Adams County", "stateAbbrev": "WI", "state": "Wisconsin", "fips": "001", "incits": "55001", "id": "US.WI.001", "population": 20480}}, {"geometry": {"type": "Polygon", "coordinates": [[[-9788, 4801], [-9788, 4829], [-9788, 4847], [-9735, 4847], [-9722, 4848], [-9722, 4810], [-9722, 4782], [-9748, 4782], [-9775, 4782], [-9775, 4791], [-9788, 4791], [-9788, 4801]]]}, "type": "Feature", "properties": {"name": "Clark County", "stateAbbrev": "WI", "state": "Wisconsin", "fips": "019", "incits": "55019", "id": "US.WI.019", "population": 34615}}, {"geometry": {"type": "Polygon", "coordinates": [[[-9788, 4876], [-9788, 4885], [-9761, 4885], [-9735, 4885], [-9693, 4885], [-9693, 4876], [-9693, 4857], [-9709, 4857], [-9710, 4848], [-9722, 4848], [-9735, 4847], [-9788, 4847], [-9788, 4857], [-9788, 4876]]]}, "type": "Feature", "properties": {"name": "Taylor County", "stateAbbrev": "WI", "state": "Wisconsin", "fips": "119", "incits": "55119", "id": "US.WI.119", "population": 20610}}, {"geometry": {"type": "Polygon", "coordinates": [[[-9693, 4885], [-9693, 4904], [-9627, 4904], [-9626, 4894], [-9626, 4857], [-9693, 4857], [-9693, 4876], [-9693, 4885]]]}, "type": "Feature", "properties": {"name": "Lincoln County", "stateAbbrev": "WI", "state": "Wisconsin", "fips": "069", "incits": "55069", "id": "US.WI.069", "population": 28684}}, {"geometry": {"type": "Polygon", "coordinates": [[[-9693, 4941], [-9620, 4941], [-9613, 4941], [-9613, 4937], [-9599, 4937], [-9600, 4941], [-9586, 4940], [-9586, 4894], [-9620, 4895], [-9626, 4894], [-9627, 4904], [-9693, 4904], [-9693, 4941]]]}, "type": "Feature", "properties": {"name": "Oneida County", "stateAbbrev": "WI", "state": "Wisconsin", "fips": "085", "incits": "55085", "id": "US.WI.085", "population": 35689}}, {"geometry": {"type": "Polygon", "coordinates": [[[-9693, 4950], [-9681, 4950], [-9681, 4984], [-9630, 4974], [-9590, 4967], [-9573, 4960], [-9573, 4950], [-9586, 4950], [-9586, 4940], [-9600, 4941], [-9599, 4937], [-9613, 4937], [-9613, 4941], [-9620, 4941], [-9693, 4941], [-9693, 4950]]]}, "type": "Feature", "properties": {"name": "Vilas County", "stateAbbrev": "WI", "state": "Wisconsin", "fips": "125", "incits": "55125", "id": "US.WI.125", "population": 21368}}, {"geometry": {"type": "Polygon", "coordinates": [[[-9573, 4960], [-9557, 4954], [-9553, 4955], [-9546, 4953], [-9546, 4950], [-9546, 4922], [-9519, 4922], [-9519, 4885], [-9546, 4885], [-9573, 4885], [-9572, 4888], [-9572, 4894], [-9575, 4894], [-9577, 4894], [-9581, 4894], [-9584, 4894], [-9586, 4894], [-9586, 4940], [-9586, 4950], [-9573, 4950], [-9573, 4960]]]}, "type": "Feature", "properties": {"name": "Forest County", "stateAbbrev": "WI", "state": "Wisconsin", "fips": "041", "incits": "55041", "id": "US.WI.041", "population": 9126}}, {"geometry": {"type": "Polygon", "coordinates": [[[-9499, 4810], [-9498, 4809], [-9472, 4809], [-9473, 4808], [-9476, 4797], [-9472, 4794], [-9465, 4794], [-9460, 4801], [-9447, 4806], [-9448, 4800], [-9448, 4772], [-9461, 4772], [-9461, 4762], [-9478, 4762], [-9494, 4763], [-9493, 4800], [-9499, 4799], [-9499, 4810]]]}, "type": "Feature", "properties": {"name": "Brown County", "stateAbbrev": "WI", "state": "Wisconsin", "fips": "009", "incits": "55009", "id": "US.WI.009", "population": 254586}}, {"geometry": {"type": "Polygon", "coordinates": [[[-9478, 4762], [-9461, 4762], [-9461, 4772], [-9448, 4772], [-9424, 4772], [-9423, 4768], [-9420, 4761], [-9421, 4756], [-9425, 4752], [-9434, 4748], [-9444, 4725], [-9477, 4725], [-9478, 4762]]]}, "type": "Feature", "properties": {"name": "Manitowoc County", "stateAbbrev": "WI", "state": "Wisconsin", "fips": "071", "incits": "55071", "id": "US.WI.071", "population": 80654}}, {"geometry": {"type": "Polygon", "coordinates": [[[-9448, 4772], [-9448, 4800], [-9447, 4806], [-9445, 4809], [-9406, 4809], [-9416, 4795], [-9424, 4772], [-9448, 4772]]]}, "type": "Feature", "properties": {"name": "Kewaunee County", "stateAbbrev": "WI", "state": "Wisconsin", "fips": "061", "incits": "55061", "id": "US.WI.061", "population": 20505}}, {"geometry": {"type": "MultiPolygon", "coordinates": [[[[-9445, 4809], [-9443, 4814], [-9431, 4827], [-9418, 4828], [-9411, 4831], [-9407, 4826], [-9399, 4822], [-9402, 4814], [-9406, 4809], [-9445, 4809]]], [[[-9409, 4834], [-9404, 4843], [-9395, 4853], [-9391, 4862], [-9386, 4862], [-9381, 4865], [-9377, 4872], [-9373, 4876], [-9363, 4876], [-9363, 4867], [-9368, 4869], [-9370, 4863], [-9374, 4860], [-9370, 4856], [-9372, 4853], [-9378, 4851], [-9380, 4846], [-9385, 4841], [-9384, 4836], [-9388, 4834], [-9387, 4830], [-9394, 4828], [-9399, 4822], [-9407, 4827], [-9407, 4832], [-9409, 4834]]], [[[-9361, 4881], [-9359, 4889], [-9350, 4889], [-9348, 4886], [-9351, 4880], [-9361, 4881]]]]}, "type": "Feature", "properties": {"name": "Door County", "stateAbbrev": "WI", "state": "Wisconsin", "fips": "029", "incits": "55029", "id": "US.WI.029", "population": 27896}}, {"geometry": {"type": "Polygon", "coordinates": [[[-9761, 4913], [-9761, 4950], [-9721, 4950], [-9693, 4950], [-9693, 4941], [-9693, 4904], [-9693, 4885], [-9735, 4885], [-9761, 4885], [-9761, 4913]]]}, "type": "Feature", "properties": {"name": "Price County", "stateAbbrev": "WI", "state": "Wisconsin", "fips": "099", "incits": "55099", "id": "US.WI.099", "population": 13802}}, {"geometry": {"type": "Polygon", "coordinates": [[[-9747, 5015], [-9743, 5015], [-9731, 5009], [-9722, 5009], [-9717, 5006], [-9711, 5006], [-9701, 4990], [-9701, 4988], [-9681, 4984], [-9681, 4950], [-9693, 4950], [-9721, 4950], [-9721, 4968], [-9734, 4969], [-9734, 4978], [-9748, 4978], [-9747, 5015]]]}, "type": "Feature", "properties": {"name": "Iron County", "stateAbbrev": "WI", "state": "Wisconsin", "fips": "051", "incits": "55051", "id": "US.WI.051", "population": 5886}}, {"geometry": {"type": "MultiPolygon", "coordinates": [[[[-9788, 4968], [-9788, 5006], [-9788, 5015], [-9786, 5015], [-9768, 5022], [-9763, 5023], [-9747, 5015], [-9748, 4978], [-9734, 4978], [-9734, 4969], [-9721, 4968], [-9721, 4950], [-9761, 4950], [-9788, 4950], [-9788, 4968]]], [[[-9773, 5036], [-9767, 5038], [-9755, 5046], [-9751, 5044], [-9761, 5040], [-9771, 5033], [-9773, 5036]]], [[[-9759, 5051], [-9757, 5053], [-9745, 5056], [-9745, 5052], [-9757, 5049], [-9759, 5051]]], [[[-9739, 5058], [-9735, 5067], [-9731, 5068], [-9732, 5062], [-9739, 5058]]]]}, "type": "Feature", "properties": {"name": "Ashland County", "stateAbbrev": "WI", "state": "Wisconsin", "fips": "003", "incits": "55003", "id": "US.WI.003", "population": 16016}}, {"geometry": {"type": "Polygon", "coordinates": [[[-9855, 4969], [-9842, 4969], [-9788, 4968], [-9788, 4950], [-9761, 4950], [-9761, 4913], [-9854, 4913], [-9854, 4950], [-9855, 4950], [-9855, 4969]]]}, "type": "Feature", "properties": {"name": "Sawyer County", "stateAbbrev": "WI", "state": "Wisconsin", "fips": "113", "incits": "55113", "id": "US.WI.113", "population": 16513}}, {"geometry": {"type": "Polygon", "coordinates": [[[-9855, 5033], [-9835, 5037], [-9832, 5040], [-9824, 5042], [-9821, 5044], [-9815, 5043], [-9806, 5047], [-9801, 5047], [-9793, 5053], [-9788, 5052], [-9780, 5055], [-9773, 5052], [-9769, 5047], [-9774, 5040], [-9781, 5036], [-9783, 5032], [-9780, 5027], [-9787, 5023], [-9791, 5016], [-9788, 5015], [-9788, 5006], [-9788, 4968], [-9842, 4969], [-9855, 4969], [-9856, 5015], [-9855, 5033]]]}, "type": "Feature", "properties": {"name": "Bayfield County", "stateAbbrev": "WI", "state": "Wisconsin", "fips": "007", "incits": "55007", "id": "US.WI.007", "population": 15156}}, {"geometry": {"type": "Polygon", "coordinates": [[[-9868, 4866], [-9854, 4866], [-9854, 4876], [-9788, 4876], [-9788, 4857], [-9788, 4847], [-9788, 4829], [-9866, 4829], [-9866, 4857], [-9868, 4866]]]}, "type": "Feature", "properties": {"name": "Chippewa County", "stateAbbrev": "WI", "state": "Wisconsin", "fips": "017", "incits": "55017", "id": "US.WI.017", "population": 63132}}, {"geometry": {"type": "Polygon", "coordinates": [[[-9854, 4876], [-9854, 4913], [-9761, 4913], [-9761, 4885], [-9788, 4885], [-9788, 4876], [-9854, 4876]]]}, "type": "Feature", "properties": {"name": "Rusk County", "stateAbbrev": "WI", "state": "Wisconsin", "fips": "107", "incits": "55107", "id": "US.WI.107", "population": 14395}}, {"geometry": {"type": "Polygon", "coordinates": [[[-9722, 4753], [-9722, 4763], [-9678, 4763], [-9678, 4756], [-9685, 4754], [-9689, 4749], [-9691, 4745], [-9683, 4732], [-9685, 4727], [-9684, 4723], [-9673, 4712], [-9671, 4707], [-9665, 4698], [-9722, 4698], [-9722, 4708], [-9722, 4753]]]}, "type": "Feature", "properties": {"name": "Juneau County", "stateAbbrev": "WI", "state": "Wisconsin", "fips": "057", "incits": "55057", "id": "US.WI.057", "population": 26547}}, {"geometry": {"type": "Polygon", "coordinates": [[[-9793, 4744], [-9793, 4750], [-9787, 4754], [-9735, 4754], [-9722, 4753], [-9722, 4708], [-9735, 4707], [-9786, 4707], [-9787, 4744], [-9793, 4744]]]}, "type": "Feature", "properties": {"name": "Monroe County", "stateAbbrev": "WI", "state": "Wisconsin", "fips": "081", "incits": "55081", "id": "US.WI.081", "population": 45298}}, {"geometry": {"type": "Polygon", "coordinates": [[[-9814, 4801], [-9788, 4801], [-9788, 4791], [-9775, 4791], [-9775, 4782], [-9748, 4782], [-9722, 4782], [-9722, 4763], [-9722, 4753], [-9735, 4754], [-9787, 4754], [-9793, 4750], [-9793, 4744], [-9812, 4744], [-9812, 4745], [-9812, 4763], [-9814, 4763], [-9814, 4801]]]}, "type": "Feature", "properties": {"name": "Jackson County", "stateAbbrev": "WI", "state": "Wisconsin", "fips": "053", "incits": "55053", "id": "US.WI.053", "population": 20644}}, {"geometry": {"type": "Polygon", "coordinates": [[[-9546, 4953], [-9539, 4950], [-9534, 4953], [-9528, 4954], [-9519, 4950], [-9514, 4951], [-9505, 4947], [-9500, 4948], [-9492, 4946], [-9487, 4943], [-9481, 4938], [-9487, 4933], [-9483, 4929], [-9479, 4928], [-9479, 4921], [-9519, 4922], [-9546, 4922], [-9546, 4950], [-9546, 4953]]]}, "type": "Feature", "properties": {"name": "Florence County", "stateAbbrev": "WI", "state": "Wisconsin", "fips": "037", "incits": "55037", "id": "US.WI.037", "population": 4520}}, {"geometry": {"type": "Polygon", "coordinates": [[[-9818, 4675], [-9760, 4674], [-9760, 4647], [-9763, 4647], [-9771, 4641], [-9780, 4637], [-9790, 4636], [-9792, 4633], [-9803, 4628], [-9813, 4628], [-9815, 4636], [-9815, 4643], [-9809, 4650], [-9802, 4656], [-9810, 4664], [-9818, 4666], [-9818, 4675]]]}, "type": "Feature", "properties": {"name": "Crawford County", "stateAbbrev": "WI", "state": "Wisconsin", "fips": "023", "incits": "55023", "id": "US.WI.023", "population": 16397}}, {"geometry": {"type": "Polygon", "coordinates": [[[-9813, 4628], [-9803, 4628], [-9792, 4633], [-9790, 4636], [-9780, 4637], [-9771, 4641], [-9763, 4647], [-9760, 4647], [-9747, 4652], [-9734, 4650], [-9734, 4609], [-9734, 4576], [-9757, 4576], [-9759, 4582], [-9766, 4590], [-9791, 4595], [-9801, 4601], [-9803, 4603], [-9807, 4616], [-9812, 4619], [-9813, 4628]]]}, "type": "Feature", "properties": {"name": "Grant County", "stateAbbrev": "WI", "state": "Wisconsin", "fips": "043", "incits": "55043", "id": "US.WI.043", "population": 51069}}, {"geometry": {"type": "Polygon", "coordinates": [[[-9842, 4735], [-9831, 4735], [-9833, 4740], [-9830, 4743], [-9819, 4743], [-9817, 4746], [-9812, 4745], [-9812, 4744], [-9793, 4744], [-9787, 4744], [-9786, 4707], [-9824, 4707], [-9822, 4712], [-9826, 4720], [-9835, 4729], [-9842, 4735]]]}, "type": "Feature", "properties": {"name": "La Crosse County", "stateAbbrev": "WI", "state": "Wisconsin", "fips": "063", "incits": "55063", "id": "US.WI.063", "population": 116713}}, {"geometry": {"type": "Polygon", "coordinates": [[[-9824, 4707], [-9786, 4707], [-9735, 4707], [-9722, 4708], [-9722, 4698], [-9722, 4688], [-9761, 4688], [-9760, 4674], [-9818, 4675], [-9821, 4678], [-9819, 4684], [-9822, 4688], [-9821, 4691], [-9825, 4695], [-9825, 4705], [-9824, 4707]]]}, "type": "Feature", "properties": {"name": "Vernon County", "stateAbbrev": "WI", "state": "Wisconsin", "fips": "123", "incits": "55123", "id": "US.WI.123", "population": 30329}}, {"geometry": {"type": "Polygon", "coordinates": [[[-9986, 4829], [-9944, 4829], [-9918, 4829], [-9918, 4810], [-9918, 4795], [-9938, 4795], [-9941, 4796], [-9953, 4797], [-9959, 4798], [-9970, 4803], [-9970, 4805], [-9983, 4814], [-9990, 4817], [-9986, 4827], [-9986, 4829]]]}, "type": "Feature", "properties": {"name": "Pierce County", "stateAbbrev": "WI", "state": "Wisconsin", "fips": "093", "incits": "55093", "id": "US.WI.093", "population": 40976}}, {"geometry": {"type": "Polygon", "coordinates": [[[-9938, 4795], [-9918, 4795], [-9918, 4810], [-9866, 4810], [-9866, 4801], [-9905, 4801], [-9907, 4799], [-9909, 4792], [-9912, 4780], [-9927, 4784], [-9933, 4787], [-9938, 4795]]]}, "type": "Feature", "properties": {"name": "Pepin County", "stateAbbrev": "WI", "state": "Wisconsin", "fips": "091", "incits": "55091", "id": "US.WI.091", "population": 7360}}, {"geometry": {"type": "Polygon", "coordinates": [[[-9999, 4913], [-9997, 4921], [-9988, 4926], [-9980, 4940], [-9972, 4944], [-9963, 4947], [-9960, 4950], [-9954, 4949], [-9949, 4955], [-9943, 4953], [-9939, 4959], [-9935, 4960], [-9935, 4969], [-9909, 4969], [-9909, 4950], [-9907, 4950], [-9907, 4913], [-9920, 4913], [-9920, 4922], [-9960, 4923], [-9961, 4913], [-9999, 4913]]]}, "type": "Feature", "properties": {"name": "Burnett County", "stateAbbrev": "WI", "state": "Wisconsin", "fips": "013", "incits": "55013", "id": "US.WI.013", "population": 15333}}, {"geometry": {"type": "Polygon", "coordinates": [[[-9855, 5033], [-9856, 5015], [-9855, 4969], [-9909, 4969], [-9935, 4969], [-9935, 5019], [-9932, 5022], [-9927, 5022], [-9919, 5029], [-9913, 5032], [-9907, 5028], [-9897, 5025], [-9881, 5027], [-9858, 5033], [-9855, 5033]]]}, "type": "Feature", "properties": {"name": "Douglas County", "stateAbbrev": "WI", "state": "Wisconsin", "fips": "031", "incits": "55031", "id": "US.WI.031", "population": 43887}}, {"geometry": {"type": "Polygon", "coordinates": [[[-9999, 4913], [-9961, 4913], [-9960, 4923], [-9920, 4922], [-9920, 4913], [-9920, 4867], [-9985, 4867], [-9986, 4875], [-9980, 4879], [-9979, 4882], [-9974, 4887], [-9973, 4892], [-9982, 4899], [-9982, 4902], [-9986, 4905], [-9992, 4904], [-9999, 4906], [-9999, 4913]]]}, "type": "Feature", "properties": {"name": "Polk County", "stateAbbrev": "WI", "state": "Wisconsin", "fips": "095", "incits": "55095", "id": "US.WI.095", "population": 43476}}, {"geometry": {"type": "Polygon", "coordinates": [[[-9909, 4969], [-9855, 4969], [-9855, 4950], [-9854, 4950], [-9854, 4913], [-9907, 4913], [-9907, 4950], [-9909, 4950], [-9909, 4969]]]}, "type": "Feature", "properties": {"name": "Washburn County", "stateAbbrev": "WI", "state": "Wisconsin", "fips": "129", "incits": "55129", "id": "US.WI.129", "population": 15686}}, {"geometry": {"type": "Polygon", "coordinates": [[[-9912, 4780], [-9909, 4792], [-9907, 4799], [-9905, 4801], [-9866, 4801], [-9853, 4801], [-9853, 4763], [-9861, 4760], [-9861, 4754], [-9857, 4753], [-9854, 4747], [-9857, 4741], [-9856, 4739], [-9865, 4743], [-9872, 4749], [-9884, 4754], [-9890, 4758], [-9892, 4766], [-9895, 4767], [-9896, 4772], [-9899, 4775], [-9912, 4780]]]}, "type": "Feature", "properties": {"name": "Buffalo County", "stateAbbrev": "WI", "state": "Wisconsin", "fips": "011", "incits": "55011", "id": "US.WI.011", "population": 13357}}, {"geometry": {"type": "Polygon", "coordinates": [[[-9853, 4801], [-9814, 4801], [-9814, 4763], [-9812, 4763], [-9812, 4745], [-9817, 4746], [-9819, 4743], [-9830, 4743], [-9833, 4740], [-9831, 4735], [-9842, 4735], [-9843, 4737], [-9856, 4739], [-9857, 4741], [-9854, 4747], [-9857, 4753], [-9861, 4754], [-9861, 4760], [-9853, 4763], [-9853, 4801]]]}, "type": "Feature", "properties": {"name": "Trempealeau County", "stateAbbrev": "WI", "state": "Wisconsin", "fips": "121", "incits": "55121", "id": "US.WI.121", "population": 29582}}, {"geometry": {"type": "Polygon", "coordinates": [[[-9920, 4913], [-9907, 4913], [-9854, 4913], [-9854, 4876], [-9854, 4866], [-9868, 4866], [-9920, 4867], [-9920, 4913]]]}, "type": "Feature", "properties": {"name": "Barron County", "stateAbbrev": "WI", "state": "Wisconsin", "fips": "005", "incits": "55005", "id": "US.WI.005", "population": 45676}}, {"geometry": {"type": "Polygon", "coordinates": [[[-9920, 4867], [-9868, 4866], [-9866, 4857], [-9866, 4829], [-9866, 4810], [-9918, 4810], [-9918, 4829], [-9918, 4857], [-9921, 4857], [-9920, 4867]]]}, "type": "Feature", "properties": {"name": "Dunn County", "stateAbbrev": "WI", "state": "Wisconsin", "fips": "033", "incits": "55033", "id": "US.WI.033", "population": 44122}}, {"geometry": {"type": "Polygon", "coordinates": [[[-9866, 4801], [-9866, 4810], [-9866, 4829], [-9788, 4829], [-9788, 4801], [-9814, 4801], [-9853, 4801], [-9866, 4801]]]}, "type": "Feature", "properties": {"name": "Eau Claire County", "stateAbbrev": "WI", "state": "Wisconsin", "fips": "035", "incits": "55035", "id": "US.WI.035", "population": 101438}}, {"geometry": {"type": "Polygon", "coordinates": [[[-9519, 4885], [-9519, 4922], [-9479, 4921], [-9479, 4928], [-9472, 4930], [-9469, 4926], [-9460, 4925], [-9453, 4921], [-9449, 4917], [-9454, 4915], [-9449, 4909], [-9452, 4903], [-9451, 4898], [-9453, 4894], [-9458, 4891], [-9457, 4888], [-9461, 4883], [-9446, 4882], [-9440, 4886], [-9435, 4881], [-9439, 4876], [-9444, 4863], [-9439, 4860], [-9436, 4856], [-9429, 4854], [-9432, 4849], [-9433, 4842], [-9436, 4841], [-9447, 4840], [-9447, 4843], [-9467, 4843], [-9467, 4846], [-9486, 4847], [-9486, 4856], [-9493, 4856], [-9493, 4865], [-9506, 4866], [-9506, 4884], [-9519, 4885]]]}, "type": "Feature", "properties": {"name": "Marinette County", "stateAbbrev": "WI", "state": "Wisconsin", "fips": "075", "incits": "55075", "id": "US.WI.075", "population": 41610}}, {"geometry": {"type": "Polygon", "coordinates": [[[-9985, 4867], [-9920, 4867], [-9921, 4857], [-9918, 4857], [-9918, 4829], [-9944, 4829], [-9986, 4829], [-9985, 4839], [-9986, 4847], [-9989, 4853], [-9984, 4856], [-9986, 4864], [-9985, 4867]]]}, "type": "Feature", "properties": {"name": "St. Croix County", "stateAbbrev": "WI", "state": "Wisconsin", "fips": "109", "incits": "55109", "id": "US.WI.109", "population": 85930}}, {"geometry": {"type": "Polygon", "coordinates": [[[-9665, 4698], [-9645, 4698], [-9607, 4698], [-9594, 4697], [-9581, 4697], [-9581, 4669], [-9582, 4659], [-9620, 4659], [-9620, 4660], [-9658, 4660], [-9659, 4663], [-9654, 4667], [-9645, 4670], [-9645, 4688], [-9655, 4690], [-9658, 4693], [-9663, 4694], [-9665, 4698]]]}, "type": "Feature", "properties": {"name": "Columbia County", "stateAbbrev": "WI", "state": "Wisconsin", "fips": "021", "incits": "55021", "id": "US.WI.021", "population": 56653}}, {"geometry": {"type": "Polygon", "coordinates": [[[-9671, 4651], [-9667, 4655], [-9662, 4655], [-9658, 4660], [-9620, 4660], [-9620, 4659], [-9582, 4659], [-9582, 4650], [-9582, 4612], [-9620, 4612], [-9620, 4613], [-9671, 4614], [-9671, 4651]]]}, "type": "Feature", "properties": {"name": "Dane County", "stateAbbrev": "WI", "state": "Wisconsin", "fips": "025", "incits": "55025", "id": "US.WI.025", "population": 509939}}, {"geometry": {"type": "Polygon", "coordinates": [[[-9671, 4609], [-9671, 4614], [-9620, 4613], [-9620, 4612], [-9620, 4575], [-9671, 4576], [-9671, 4609]]]}, "type": "Feature", "properties": {"name": "Green County", "stateAbbrev": "WI", "state": "Wisconsin", "fips": "045", "incits": "55045", "id": "US.WI.045", "population": 37090}}, {"geometry": {"type": "Polygon", "coordinates": [[[-9734, 4650], [-9726, 4651], [-9716, 4650], [-9709, 4646], [-9694, 4646], [-9688, 4650], [-9678, 4649], [-9671, 4651], [-9671, 4614], [-9671, 4609], [-9734, 4609], [-9734, 4650]]]}, "type": "Feature", "properties": {"name": "Iowa County", "stateAbbrev": "WI", "state": "Wisconsin", "fips": "049", "incits": "55049", "id": "US.WI.049", "population": 23749}}, {"geometry": {"type": "Polygon", "coordinates": [[[-9582, 4650], [-9543, 4650], [-9531, 4650], [-9531, 4612], [-9556, 4612], [-9582, 4612], [-9582, 4650]]]}, "type": "Feature", "properties": {"name": "Jefferson County", "stateAbbrev": "WI", "state": "Wisconsin", "fips": "055", "incits": "55055", "id": "US.WI.055", "population": 84509}}, {"geometry": {"type": "Polygon", "coordinates": [[[-9506, 4587], [-9493, 4587], [-9493, 4593], [-9452, 4593], [-9453, 4588], [-9451, 4574], [-9506, 4574], [-9506, 4587]]]}, "type": "Feature", "properties": {"name": "Kenosha County", "stateAbbrev": "WI", "state": "Wisconsin", "fips": "059", "incits": "55059", "id": "US.WI.059", "population": 167757}}, {"geometry": {"type": "Polygon", "coordinates": [[[-9734, 4609], [-9671, 4609], [-9671, 4576], [-9734, 4576], [-9734, 4609]]]}, "type": "Feature", "properties": {"name": "Lafayette County", "stateAbbrev": "WI", "state": "Wisconsin", "fips": "065", "incits": "55065", "id": "US.WI.065", "population": 16766}}, {"geometry": {"type": "Polygon", "coordinates": [[[-9645, 4698], [-9645, 4735], [-9598, 4735], [-9598, 4723], [-9602, 4723], [-9602, 4716], [-9599, 4711], [-9607, 4710], [-9607, 4698], [-9645, 4698]]]}, "type": "Feature", "properties": {"name": "Marquette County", "stateAbbrev": "WI", "state": "Wisconsin", "fips": "077", "incits": "55077", "id": "US.WI.077", "population": 15176}}, {"geometry": {"type": "Polygon", "coordinates": [[[-9542, 4857], [-9525, 4857], [-9526, 4829], [-9552, 4829], [-9552, 4838], [-9579, 4838], [-9579, 4847], [-9579, 4857], [-9542, 4857]]]}, "type": "Feature", "properties": {"name": "Menominee County", "stateAbbrev": "WI", "state": "Wisconsin", "fips": "078", "incits": "55078", "id": "US.WI.078", "population": 4317}}, {"geometry": {"type": "Polygon", "coordinates": [[[-9480, 4650], [-9480, 4668], [-9477, 4668], [-9477, 4687], [-9450, 4687], [-9450, 4682], [-9453, 4676], [-9459, 4669], [-9463, 4656], [-9461, 4649], [-9480, 4650]]]}, "type": "Feature", "properties": {"name": "Ozaukee County", "stateAbbrev": "WI", "state": "Wisconsin", "fips": "089", "incits": "55089", "id": "US.WI.089", "population": 87054}}, {"geometry": {"type": "Polygon", "coordinates": [[[-9506, 4612], [-9480, 4612], [-9454, 4612], [-9447, 4605], [-9449, 4602], [-9449, 4597], [-9452, 4593], [-9493, 4593], [-9493, 4587], [-9506, 4587], [-9506, 4612]]]}, "type": "Feature", "properties": {"name": "Racine County", "stateAbbrev": "WI", "state": "Wisconsin", "fips": "101", "incits": "55101", "id": "US.WI.101", "population": 195041}}, {"geometry": {"type": "Polygon", "coordinates": [[[-9722, 4688], [-9709, 4689], [-9709, 4646], [-9716, 4650], [-9726, 4651], [-9734, 4650], [-9747, 4652], [-9760, 4647], [-9760, 4674], [-9761, 4688], [-9722, 4688]]]}, "type": "Feature", "properties": {"name": "Richland County", "stateAbbrev": "WI", "state": "Wisconsin", "fips": "103", "incits": "55103", "id": "US.WI.103", "population": 17717}}, {"geometry": {"type": "Polygon", "coordinates": [[[-9620, 4612], [-9582, 4612], [-9556, 4612], [-9556, 4574], [-9620, 4575], [-9620, 4612]]]}, "type": "Feature", "properties": {"name": "Rock County", "stateAbbrev": "WI", "state": "Wisconsin", "fips": "105", "incits": "55105", "id": "US.WI.105", "population": 160739}}, {"geometry": {"type": "Polygon", "coordinates": [[[-9722, 4698], [-9665, 4698], [-9663, 4694], [-9658, 4693], [-9655, 4690], [-9645, 4688], [-9645, 4670], [-9654, 4667], [-9659, 4663], [-9658, 4660], [-9662, 4655], [-9667, 4655], [-9671, 4651], [-9678, 4649], [-9688, 4650], [-9694, 4646], [-9709, 4646], [-9709, 4689], [-9722, 4688], [-9722, 4698]]]}, "type": "Feature", "properties": {"name": "Sauk County", "stateAbbrev": "WI", "state": "Wisconsin", "fips": "111", "incits": "55111", "id": "US.WI.111", "population": 63162}}, {"geometry": {"type": "Polygon", "coordinates": [[[-9556, 4612], [-9531, 4612], [-9506, 4612], [-9506, 4587], [-9506, 4574], [-9556, 4574], [-9556, 4612]]]}, "type": "Feature", "properties": {"name": "Walworth County", "stateAbbrev": "WI", "state": "Wisconsin", "fips": "127", "incits": "55127", "id": "US.WI.127", "population": 102945}}, {"geometry": {"type": "Polygon", "coordinates": [[[-9626, 4857], [-9626, 4894], [-9620, 4895], [-9586, 4894], [-9584, 4894], [-9581, 4894], [-9572, 4894], [-9572, 4888], [-9573, 4885], [-9546, 4885], [-9546, 4866], [-9542, 4866], [-9542, 4857], [-9579, 4857], [-9579, 4847], [-9605, 4847], [-9605, 4857], [-9626, 4857]]]}, "type": "Feature", "properties": {"name": "Langlade County", "stateAbbrev": "WI", "state": "Wisconsin", "fips": "067", "incits": "55067", "id": "US.WI.067", "population": 19575}}, {"geometry": {"type": "Polygon", "coordinates": [[[-9546, 4885], [-9519, 4885], [-9506, 4884], [-9506, 4866], [-9493, 4865], [-9493, 4856], [-9486, 4856], [-9486, 4847], [-9467, 4846], [-9467, 4843], [-9447, 4843], [-9447, 4840], [-9453, 4839], [-9456, 4835], [-9454, 4833], [-9458, 4827], [-9461, 4826], [-9466, 4818], [-9471, 4813], [-9472, 4809], [-9498, 4809], [-9499, 4810], [-9500, 4819], [-9500, 4828], [-9526, 4829], [-9525, 4857], [-9542, 4857], [-9542, 4866], [-9546, 4866], [-9546, 4885]]]}, "type": "Feature", "properties": {"name": "Oconto County", "stateAbbrev": "WI", "state": "Wisconsin", "fips": "083", "incits": "55083", "id": "US.WI.083", "population": 37318}}], "ac-tx": {"default": {"crs": "wsg84", "scale": 107.64692282147125, "xoffset": 0, "yoffset": 0}}}