{"crs": {"type": "name", "properties": {"name": "urn:ogc:def:crs:EPSG:32644"}}, "type": "FeatureCollection", "features": [{"geometry": {"type": "Polygon", "coordinates": [[[2675, 9332], [2575, 9201], [2581, 9160], [2555, 9167], [2532, 9179], [2485, 9137], [2368, 9184], [2312, 9172], [2199, 9193], [2242, 9212], [2262, 9221], [2297, 9287], [2270, 9342], [2312, 9419], [2296, 9445], [2336, 9483], [2420, 9516], [2594, 9399], [2628, 9399], [2664, 9433], [2695, 9420], [2675, 9332]]]}, "type": "Feature", "properties": {"labelrank": 6, "code_hasc": "NP.PM", "name": "Gandaki", "admin": "Nepal", "type_en": "District", "region": "West", "woe_id": 23706802, "longitude": 84, "woe_name": "Gandaki", "fips": "NP04", "woe_label": "", "latitude": 28, "iso_a2": "NP", "postal": "PM", "type": "Vikas Kshetra", "id": "NP.PM"}}, {"geometry": {"type": "Polygon", "coordinates": [[[1940, 9530], [1830, 9410], [1789, 9412], [1777, 9395], [1769, 9321], [1805, 9286], [1781, 9257], [1831, 9210], [1827, 9191], [1793, 9173], [1736, 9155], [1624, 9225], [1601, 9256], [1572, 9245], [1535, 9322], [1499, 9331], [1567, 9426], [1549, 9480], [1513, 9484], [1485, 9515], [1501, 9524], [1546, 9502], [1614, 9499], [1640, 9450], [1651, 9460], [1604, 9533], [1644, 9574], [1654, 9550], [1730, 9527], [1797, 9527], [1857, 9570], [1892, 9563], [1895, 9535], [1940, 9530]]]}, "type": "Feature", "properties": {"labelrank": 6, "code_hasc": "NP.MP", "name": "Bheri", "admin": "Nepal", "type_en": "District", "region": "Mid-Western", "woe_id": 23706800, "longitude": 81, "woe_name": "Bheri", "fips": "NP02", "woe_label": "", "latitude": 28, "iso_a2": "NP", "postal": "MP", "type": "Vikas Kshetra", "id": "NP.MP"}}, {"geometry": {"type": "Polygon", "coordinates": [[[2420, 9516], [2336, 9483], [2296, 9445], [2312, 9419], [2270, 9342], [2297, 9287], [2262, 9221], [2242, 9212], [2211, 9249], [2122, 9292], [2095, 9289], [2035, 9361], [2055, 9404], [2095, 9422], [2109, 9451], [2151, 9446], [2203, 9466], [2253, 9594], [2264, 9615], [2327, 9638], [2378, 9628], [2421, 9553], [2420, 9516]]]}, "type": "Feature", "properties": {"labelrank": 6, "code_hasc": "NP.PM", "name": "Dhawalagiri", "admin": "Nepal", "type_en": "Administrative Zone", "region": "West", "woe_id": 23706801, "longitude": 83, "woe_name": "Dhawalagiri", "fips": "NP03", "woe_label": "", "latitude": 28, "iso_a2": "NP", "postal": "PM", "type": "Anchal", "id": "NP.747"}}, {"geometry": {"type": "Polygon", "coordinates": [[[2253, 9594], [2203, 9466], [2151, 9446], [2109, 9451], [2048, 9477], [1995, 9476], [1940, 9530], [1895, 9535], [1892, 9563], [1857, 9570], [1797, 9527], [1730, 9527], [1654, 9550], [1644, 9574], [1626, 9588], [1622, 9629], [1652, 9652], [1694, 9648], [1690, 9687], [1712, 9728], [1686, 9759], [1708, 9828], [1672, 9844], [1625, 9827], [1607, 9870], [1562, 9885], [1562, 9903], [1588, 9919], [1596, 9985], [1631, 9970], [1661, 9999], [1792, 9974], [1796, 9939], [1816, 9923], [1816, 9882], [1928, 9839], [2014, 9753], [2054, 9755], [2080, 9728], [2111, 9742], [2138, 9694], [2164, 9691], [2215, 9600], [2253, 9594]]]}, "type": "Feature", "properties": {"labelrank": 6, "code_hasc": "NP.MP", "name": "Karnali", "admin": "Nepal", "type_en": "Administrative Zone", "region": "Mid-Western", "woe_id": 23706804, "longitude": 82, "woe_name": "Karnali", "fips": "NP06", "woe_label": "", "latitude": 29, "iso_a2": "NP", "postal": "MP", "type": "Anchal", "id": "NP.748"}}, {"geometry": {"type": "Polygon", "coordinates": [[[2242, 9212], [2199, 9193], [2312, 9172], [2368, 9184], [2485, 9137], [2486, 9119], [2432, 9103], [2396, 9062], [2348, 9065], [2344, 9032], [2318, 9026], [2325, 8997], [2246, 9032], [2187, 9035], [2157, 8989], [2112, 9025], [2000, 9040], [1976, 9106], [1988, 9128], [2026, 9133], [2001, 9149], [2026, 9175], [2070, 9188], [2072, 9271], [2095, 9289], [2122, 9292], [2211, 9249], [2242, 9212]]]}, "type": "Feature", "properties": {"labelrank": 6, "code_hasc": "NP.PM", "name": "Lumbini", "admin": "Nepal", "type_en": "Administrative Zone", "region": "West", "woe_id": 23706806, "longitude": 83, "woe_name": "Lumbini", "fips": "NP08", "woe_label": "", "latitude": 27, "iso_a2": "NP", "postal": "PM", "type": "Anchal", "id": "NP.749"}}, {"geometry": {"type": "Polygon", "coordinates": [[[1510, 9870], [1486, 9838], [1500, 9779], [1416, 9746], [1411, 9704], [1453, 9674], [1353, 9562], [1339, 9528], [1351, 9427], [1337, 9388], [1206, 9480], [1235, 9569], [1264, 9579], [1260, 9602], [1277, 9621], [1260, 9676], [1309, 9732], [1304, 9782], [1404, 9866], [1448, 9927], [1488, 9923], [1510, 9870]]]}, "type": "Feature", "properties": {"labelrank": 6, "code_hasc": "NP.SP", "name": "Mahakali", "admin": "Nepal", "type_en": "Administrative Zone", "region": "Far-Western", "woe_id": 23706807, "longitude": 80, "woe_name": "Mahakali", "fips": "NP09", "woe_label": "", "latitude": 29, "iso_a2": "NP", "postal": "SP", "type": "Anchal", "id": "NP.SP"}}, {"geometry": {"type": "Polygon", "coordinates": [[[1644, 9574], [1604, 9533], [1651, 9460], [1640, 9450], [1614, 9499], [1546, 9502], [1501, 9524], [1485, 9515], [1513, 9484], [1549, 9480], [1567, 9426], [1499, 9331], [1351, 9427], [1339, 9528], [1353, 9562], [1453, 9674], [1411, 9704], [1416, 9746], [1500, 9779], [1486, 9838], [1510, 9870], [1548, 9864], [1562, 9885], [1607, 9870], [1625, 9827], [1672, 9844], [1708, 9828], [1686, 9759], [1712, 9728], [1690, 9687], [1694, 9648], [1652, 9652], [1622, 9629], [1626, 9588], [1644, 9574]]]}, "type": "Feature", "properties": {"labelrank": 6, "code_hasc": "NP.SP", "name": "Seti", "admin": "Nepal", "type_en": "District", "region": "Far-Western", "woe_id": 23706812, "longitude": 81, "woe_name": "Seti", "fips": "NP14", "woe_label": "", "latitude": 29, "iso_a2": "NP", "postal": "SP", "type": "Vikas Kshetra", "id": "NP.751"}}, {"geometry": {"type": "Polygon", "coordinates": [[[2965, 9197], [2960, 9152], [2908, 9086], [2895, 9038], [2867, 9017], [2810, 9024], [2740, 9053], [2718, 9118], [2676, 9130], [2599, 9117], [2560, 9135], [2555, 9167], [2581, 9160], [2575, 9201], [2675, 9332], [2723, 9313], [2777, 9324], [2827, 9311], [2853, 9340], [2867, 9303], [2906, 9279], [2938, 9197], [2965, 9197]]]}, "type": "Feature", "properties": {"labelrank": 6, "code_hasc": "NP.MM", "name": "Bagmati", "admin": "Nepal", "type_en": "District", "region": "Central", "woe_id": 23706799, "longitude": 85, "woe_name": "Bagmati", "fips": "NP01", "woe_label": "", "latitude": 27, "iso_a2": "NP", "postal": "MM", "type": "Vikas Kshetra", "id": "NP.MM"}}, {"geometry": {"type": "Polygon", "coordinates": [[[3099, 9230], [3124, 9156], [3109, 9120], [3027, 9037], [3019, 8987], [3075, 8968], [3057, 8946], [3066, 8903], [3006, 8873], [3023, 8810], [3009, 8773], [2969, 8789], [2916, 8758], [2880, 8785], [2875, 8833], [2844, 8850], [2773, 8817], [2788, 8906], [2813, 8952], [2812, 8985], [2792, 9003], [2810, 9024], [2867, 9017], [2895, 9038], [2908, 9086], [2960, 9152], [2965, 9197], [2982, 9210], [2967, 9259], [2991, 9286], [3011, 9234], [3073, 9208], [3099, 9230]]]}, "type": "Feature", "properties": {"labelrank": 6, "code_hasc": "NP.MM", "name": "Janakpur", "admin": "Nepal", "type_en": "Administrative Zone", "region": "Central", "woe_id": 23706803, "longitude": 85, "woe_name": "Janakpur", "fips": "NP05", "woe_label": "", "latitude": 27, "iso_a2": "NP", "postal": "MM", "type": "Anchal", "id": "NP.753"}}, {"geometry": {"type": "Polygon", "coordinates": [[[2555, 9167], [2560, 9135], [2599, 9117], [2676, 9130], [2718, 9118], [2740, 9053], [2810, 9024], [2792, 9003], [2812, 8985], [2813, 8952], [2788, 8906], [2773, 8817], [2726, 8815], [2715, 8845], [2673, 8842], [2611, 8894], [2555, 8901], [2562, 8956], [2538, 8997], [2452, 9010], [2395, 9055], [2369, 9029], [2344, 9032], [2348, 9065], [2396, 9062], [2432, 9103], [2486, 9119], [2485, 9137], [2532, 9179], [2555, 9167]]]}, "type": "Feature", "properties": {"labelrank": 6, "code_hasc": "NP.MM", "name": "Narayani", "admin": "Nepal", "type_en": "Administrative Zone", "region": "Central", "woe_id": 23706809, "longitude": 84, "woe_name": "Narayani", "fips": "NP11", "woe_label": "", "latitude": 27, "iso_a2": "NP", "postal": "MM", "type": "Anchal", "id": "NP.754"}}, {"geometry": {"type": "Polygon", "coordinates": [[[3236, 9230], [3245, 9150], [3222, 9055], [3240, 9018], [3231, 8952], [3248, 8885], [3310, 8886], [3262, 8825], [3245, 8757], [3180, 8719], [3055, 8778], [3009, 8773], [3023, 8810], [3006, 8873], [3066, 8903], [3057, 8946], [3075, 8968], [3019, 8987], [3027, 9037], [3109, 9120], [3124, 9156], [3099, 9230], [3108, 9274], [3140, 9277], [3164, 9250], [3236, 9230]]]}, "type": "Feature", "properties": {"labelrank": 6, "code_hasc": "NP.PW", "name": "Sagarmatha", "admin": "Nepal", "type_en": "Administrative Zone", "region": "East", "woe_id": 23706811, "longitude": 86, "woe_name": "Sagarmatha", "fips": "NP13", "woe_label": "", "latitude": 27, "iso_a2": "NP", "postal": "PW", "type": "Anchal", "id": "NP.PW"}}, {"geometry": {"type": "Polygon", "coordinates": [[[3443, 9195], [3427, 9154], [3407, 9148], [3382, 9049], [3406, 9022], [3471, 8998], [3399, 8917], [3457, 8848], [3459, 8731], [3441, 8719], [3389, 8733], [3360, 8704], [3331, 8724], [3297, 8721], [3275, 8778], [3245, 8757], [3262, 8825], [3310, 8886], [3248, 8885], [3231, 8952], [3240, 9018], [3222, 9055], [3245, 9150], [3236, 9230], [3289, 9191], [3350, 9204], [3352, 9187], [3443, 9195]]]}, "type": "Feature", "properties": {"labelrank": 6, "code_hasc": "NP.PW", "name": "Bhojpur", "admin": "Nepal", "type_en": "District", "region": "East", "woe_id": 23706805, "longitude": 87, "woe_name": "Kosi", "fips": "NP07", "woe_label": "", "latitude": 27, "iso_a2": "NP", "postal": "PW", "type": "Vikas Kshetra", "id": "NP.756"}}, {"geometry": {"type": "Polygon", "coordinates": [[[3459, 8731], [3457, 8848], [3399, 8917], [3471, 8998], [3406, 9022], [3382, 9049], [3407, 9148], [3427, 9154], [3443, 9195], [3465, 9198], [3487, 9229], [3585, 9213], [3550, 9095], [3557, 9038], [3541, 8967], [3600, 8888], [3607, 8849], [3566, 8723], [3523, 8752], [3459, 8731]]]}, "type": "Feature", "properties": {"labelrank": 6, "code_hasc": "NP.PW", "name": "Mechi", "admin": "Nepal", "type_en": "Administrative Zone", "region": "East", "woe_id": 23706808, "longitude": 87, "woe_name": "Mechi", "fips": "NP10", "woe_label": "", "latitude": 27, "iso_a2": "NP", "postal": "PW", "type": "Anchal", "id": "NP.757"}}, {"geometry": {"type": "Polygon", "coordinates": [[[2109, 9451], [2095, 9422], [2055, 9404], [2035, 9361], [2095, 9289], [2072, 9271], [2070, 9188], [2026, 9175], [2001, 9149], [2026, 9133], [1988, 9128], [1976, 9106], [1896, 9099], [1793, 9173], [1827, 9191], [1831, 9210], [1781, 9257], [1805, 9286], [1769, 9321], [1777, 9395], [1789, 9412], [1830, 9410], [1940, 9530], [1995, 9476], [2048, 9477], [2109, 9451]]]}, "type": "Feature", "properties": {"labelrank": 6, "code_hasc": "NP.MP", "name": "Rapti", "admin": "Nepal", "type_en": "Administrative Zone", "region": "Mid-Western", "woe_id": 23706810, "longitude": 82, "woe_name": "Rapti", "fips": "NP12", "woe_label": "", "latitude": 28, "iso_a2": "NP", "postal": "MP", "type": "Anchal", "id": "NP.354"}}], "ac-tx": {"default": {"crs": "+proj=utm +zone=44 +datum=WGS84 +units=m +no_defs", "scale": 0.0029713446056888297}}}