{"crs": {"type": "name", "properties": {"name": "urn:ogc:def:crs:EPSG:4326"}}, "type": "FeatureCollection", "features": [{"geometry": {"type": "Polygon", "coordinates": [[[-9953, 3658], [-9904, 3659], [-9904, 3630], [-9898, 3630], [-9897, 3611], [-9920, 3611], [-9920, 3602], [-9948, 3602], [-9938, 3625], [-9953, 3658]]]}, "type": "Feature", "properties": {"name": "Washington County", "stateAbbrev": "MS", "state": "Mississippi", "fips": "151", "incits": "28151", "id": "US.MS.151", "population": 49688}}, {"geometry": {"type": "Polygon", "coordinates": [[[-9925, 3723], [-9892, 3723], [-9892, 3708], [-9892, 3668], [-9904, 3659], [-9953, 3658], [-9944, 3666], [-9953, 3673], [-9935, 3690], [-9931, 3702], [-9917, 3713], [-9925, 3723]]]}, "type": "Feature", "properties": {"name": "Bolivar County", "stateAbbrev": "MS", "state": "Mississippi", "fips": "011", "incits": "28011", "id": "US.MS.011", "population": 34049}}, {"geometry": {"type": "Polygon", "coordinates": [[[-9750, 3818], [-9713, 3818], [-9713, 3804], [-9721, 3799], [-9721, 3775], [-9738, 3774], [-9744, 3774], [-9744, 3802], [-9750, 3818]]]}, "type": "Feature", "properties": {"name": "Benton County", "stateAbbrev": "MS", "state": "Mississippi", "fips": "009", "incits": "28009", "id": "US.MS.009", "population": 8571}}, {"geometry": {"type": "Polygon", "coordinates": [[[-9882, 3767], [-9864, 3757], [-9870, 3739], [-9870, 3718], [-9870, 3708], [-9892, 3708], [-9892, 3723], [-9925, 3723], [-9911, 3739], [-9882, 3757], [-9882, 3767]]]}, "type": "Feature", "properties": {"name": "Coahoma County", "stateAbbrev": "MS", "state": "Mississippi", "fips": "027", "incits": "28027", "id": "US.MS.027", "population": 25182}}, {"geometry": {"type": "Polygon", "coordinates": [[[-9790, 3818], [-9790, 3794], [-9810, 3794], [-9825, 3788], [-9842, 3789], [-9843, 3804], [-9854, 3804], [-9854, 3819], [-9790, 3818]]]}, "type": "Feature", "properties": {"name": "DeSoto County", "stateAbbrev": "MS", "state": "Mississippi", "fips": "033", "incits": "28033", "id": "US.MS.033", "population": 168240}}, {"geometry": {"type": "Polygon", "coordinates": [[[-9790, 3818], [-9750, 3818], [-9744, 3802], [-9744, 3774], [-9738, 3774], [-9738, 3764], [-9763, 3771], [-9784, 3771], [-9784, 3785], [-9790, 3794], [-9790, 3818]]]}, "type": "Feature", "properties": {"name": "Marshall County", "stateAbbrev": "MS", "state": "Mississippi", "fips": "093", "incits": "28093", "id": "US.MS.093", "population": 36515}}, {"geometry": {"type": "Polygon", "coordinates": [[[-9721, 3775], [-9721, 3799], [-9713, 3804], [-9713, 3818], [-9692, 3818], [-9692, 3804], [-9680, 3793], [-9682, 3775], [-9721, 3775]]]}, "type": "Feature", "properties": {"name": "Tippah County", "stateAbbrev": "MS", "state": "Mississippi", "fips": "139", "incits": "28139", "id": "US.MS.139", "population": 22084}}, {"geometry": {"type": "Polygon", "coordinates": [[[-9854, 3804], [-9843, 3804], [-9842, 3789], [-9847, 3776], [-9842, 3771], [-9842, 3766], [-9854, 3766], [-9864, 3757], [-9882, 3767], [-9871, 3783], [-9866, 3801], [-9854, 3804]]]}, "type": "Feature", "properties": {"name": "Tunica County", "stateAbbrev": "MS", "state": "Mississippi", "fips": "143", "incits": "28143", "id": "US.MS.143", "population": 10560}}, {"geometry": {"type": "Polygon", "coordinates": [[[-9760, 3430], [-9755, 3430], [-9727, 3430], [-9726, 3373], [-9748, 3373], [-9749, 3384], [-9749, 3420], [-9760, 3430]]]}, "type": "Feature", "properties": {"name": "Forrest County", "stateAbbrev": "MS", "state": "Mississippi", "fips": "035", "incits": "28035", "id": "US.MS.035", "population": 77059}}, {"geometry": {"type": "Polygon", "coordinates": [[[-9699, 3373], [-9693, 3382], [-9649, 3382], [-9647, 3354], [-9699, 3354], [-9699, 3373]]]}, "type": "Feature", "properties": {"name": "George County", "stateAbbrev": "MS", "state": "Mississippi", "fips": "039", "incits": "28039", "id": "US.MS.039", "population": 23159}}, {"geometry": {"type": "Polygon", "coordinates": [[[-9694, 3430], [-9651, 3430], [-9649, 3382], [-9693, 3382], [-9694, 3430]]]}, "type": "Feature", "properties": {"name": "Greene County", "stateAbbrev": "MS", "state": "Mississippi", "fips": "041", "incits": "28041", "id": "US.MS.041", "population": 14244}}, {"geometry": {"type": "Polygon", "coordinates": [[[-9786, 3324], [-9771, 3330], [-9771, 3344], [-9748, 3344], [-9748, 3312], [-9745, 3293], [-9768, 3291], [-9780, 3302], [-9786, 3324]]]}, "type": "Feature", "properties": {"name": "Hancock County", "stateAbbrev": "MS", "state": "Mississippi", "fips": "045", "incits": "28045", "id": "US.MS.045", "population": 45566}}, {"geometry": {"type": "Polygon", "coordinates": [[[-9748, 3344], [-9737, 3347], [-9699, 3347], [-9698, 3319], [-9689, 3308], [-9689, 3305], [-9689, 3295], [-9720, 3290], [-9731, 3297], [-9745, 3293], [-9748, 3312], [-9748, 3344]]]}, "type": "Feature", "properties": {"name": "Harrison County", "stateAbbrev": "MS", "state": "Mississippi", "fips": "047", "incits": "28047", "id": "US.MS.047", "population": 196500}}, {"geometry": {"type": "Polygon", "coordinates": [[[-9699, 3354], [-9647, 3354], [-9644, 3291], [-9653, 3290], [-9689, 3295], [-9689, 3305], [-9689, 3308], [-9698, 3319], [-9699, 3347], [-9699, 3354]]]}, "type": "Feature", "properties": {"name": "Jackson County", "stateAbbrev": "MS", "state": "Mississippi", "fips": "059", "incits": "28059", "id": "US.MS.059", "population": 140450}}, {"geometry": {"type": "Polygon", "coordinates": [[[-9783, 3430], [-9775, 3430], [-9760, 3430], [-9749, 3420], [-9749, 3384], [-9782, 3383], [-9783, 3430]]]}, "type": "Feature", "properties": {"name": "Lamar County", "stateAbbrev": "MS", "state": "Mississippi", "fips": "073", "incits": "28073", "id": "US.MS.073", "population": 58801}}, {"geometry": {"type": "Polygon", "coordinates": [[[-9791, 3383], [-9782, 3383], [-9749, 3384], [-9748, 3373], [-9748, 3344], [-9771, 3344], [-9771, 3330], [-9786, 3324], [-9795, 3330], [-9803, 3346], [-9791, 3383]]]}, "type": "Feature", "properties": {"name": "Pearl River County", "stateAbbrev": "MS", "state": "Mississippi", "fips": "109", "incits": "28109", "id": "US.MS.109", "population": 55072}}, {"geometry": {"type": "Polygon", "coordinates": [[[-9727, 3430], [-9705, 3430], [-9694, 3430], [-9693, 3382], [-9699, 3373], [-9726, 3373], [-9727, 3430]]]}, "type": "Feature", "properties": {"name": "Perry County", "stateAbbrev": "MS", "state": "Mississippi", "fips": "111", "incits": "28111", "id": "US.MS.111", "population": 12131}}, {"geometry": {"type": "Polygon", "coordinates": [[[-9748, 3373], [-9726, 3373], [-9699, 3373], [-9699, 3354], [-9699, 3347], [-9737, 3347], [-9748, 3344], [-9748, 3373]]]}, "type": "Feature", "properties": {"name": "Stone County", "stateAbbrev": "MS", "state": "Mississippi", "fips": "131", "incits": "28131", "id": "US.MS.131", "population": 18016}}, {"geometry": {"type": "Polygon", "coordinates": [[[-9794, 3467], [-9782, 3468], [-9755, 3469], [-9755, 3430], [-9760, 3430], [-9775, 3430], [-9775, 3439], [-9794, 3449], [-9794, 3467]]]}, "type": "Feature", "properties": {"name": "Covington County", "stateAbbrev": "MS", "state": "Mississippi", "fips": "031", "incits": "28031", "id": "US.MS.031", "population": 19423}}, {"geometry": {"type": "Polygon", "coordinates": [[[-9818, 3466], [-9794, 3467], [-9794, 3449], [-9775, 3439], [-9775, 3430], [-9783, 3430], [-9801, 3430], [-9816, 3425], [-9818, 3466]]]}, "type": "Feature", "properties": {"name": "Jefferson Davis County", "stateAbbrev": "MS", "state": "Mississippi", "fips": "065", "incits": "28065", "id": "US.MS.065", "population": 11948}}, {"geometry": {"type": "Polygon", "coordinates": [[[-9755, 3469], [-9746, 3470], [-9705, 3473], [-9705, 3430], [-9727, 3430], [-9755, 3430], [-9755, 3469]]]}, "type": "Feature", "properties": {"name": "Jones County", "stateAbbrev": "MS", "state": "Mississippi", "fips": "067", "incits": "28067", "id": "US.MS.067", "population": 68961}}, {"geometry": {"type": "Polygon", "coordinates": [[[-9847, 3461], [-9834, 3465], [-9818, 3466], [-9816, 3425], [-9825, 3419], [-9847, 3421], [-9847, 3461]]]}, "type": "Feature", "properties": {"name": "Lawrence County", "stateAbbrev": "MS", "state": "Mississippi", "fips": "077", "incits": "28077", "id": "US.MS.077", "population": 12514}}, {"geometry": {"type": "Polygon", "coordinates": [[[-9825, 3419], [-9816, 3425], [-9801, 3430], [-9783, 3430], [-9782, 3383], [-9791, 3383], [-9802, 3383], [-9802, 3391], [-9824, 3402], [-9825, 3419]]]}, "type": "Feature", "properties": {"name": "Marion County", "stateAbbrev": "MS", "state": "Mississippi", "fips": "091", "incits": "28091", "id": "US.MS.091", "population": 26180}}, {"geometry": {"type": "Polygon", "coordinates": [[[-9705, 3473], [-9701, 3473], [-9671, 3476], [-9654, 3480], [-9651, 3430], [-9694, 3430], [-9705, 3430], [-9705, 3473]]]}, "type": "Feature", "properties": {"name": "Wayne County", "stateAbbrev": "MS", "state": "Mississippi", "fips": "153", "incits": "28153", "id": "US.MS.153", "population": 20539}}, {"geometry": {"type": "Polygon", "coordinates": [[[-9964, 3464], [-9961, 3456], [-9946, 3449], [-9947, 3420], [-9953, 3423], [-9980, 3417], [-9984, 3407], [-9994, 3403], [-9986, 3413], [-9986, 3441], [-9964, 3464]]]}, "type": "Feature", "properties": {"name": "Adams County", "stateAbbrev": "MS", "state": "Mississippi", "fips": "001", "incits": "28001", "id": "US.MS.001", "population": 32090}}, {"geometry": {"type": "Polygon", "coordinates": [[[-9692, 3818], [-9642, 3819], [-9642, 3792], [-9680, 3793], [-9692, 3804], [-9692, 3818]]]}, "type": "Feature", "properties": {"name": "Alcorn County", "stateAbbrev": "MS", "state": "Mississippi", "fips": "003", "incits": "28003", "id": "US.MS.003", "population": 37316}}, {"geometry": {"type": "Polygon", "coordinates": [[[-9940, 3418], [-9928, 3421], [-9890, 3421], [-9880, 3421], [-9880, 3383], [-9936, 3382], [-9936, 3413], [-9940, 3418]]]}, "type": "Feature", "properties": {"name": "Amite County", "stateAbbrev": "MS", "state": "Mississippi", "fips": "005", "incits": "28005", "id": "US.MS.005", "population": 12899}}, {"geometry": {"type": "Polygon", "coordinates": [[[-9793, 3624], [-9782, 3632], [-9761, 3632], [-9746, 3632], [-9746, 3613], [-9746, 3593], [-9791, 3593], [-9791, 3588], [-9817, 3588], [-9810, 3593], [-9793, 3624]]]}, "type": "Feature", "properties": {"name": "Attala County", "stateAbbrev": "MS", "state": "Mississippi", "fips": "007", "incits": "28007", "id": "US.MS.007", "population": 19317}}, {"geometry": {"type": "Polygon", "coordinates": [[[-9767, 3728], [-9738, 3728], [-9726, 3718], [-9726, 3689], [-9732, 3681], [-9766, 3680], [-9767, 3695], [-9767, 3728]]]}, "type": "Feature", "properties": {"name": "Calhoun County", "stateAbbrev": "MS", "state": "Mississippi", "fips": "013", "incits": "28013", "id": "US.MS.013", "population": 14734}}, {"geometry": {"type": "Polygon", "coordinates": [[[-9834, 3675], [-9797, 3675], [-9797, 3646], [-9782, 3645], [-9782, 3632], [-9793, 3624], [-9839, 3637], [-9831, 3651], [-9834, 3675]]]}, "type": "Feature", "properties": {"name": "Carroll County", "stateAbbrev": "MS", "state": "Mississippi", "fips": "015", "incits": "28015", "id": "US.MS.015", "population": 10385}}, {"geometry": {"type": "Polygon", "coordinates": [[[-9732, 3681], [-9726, 3689], [-9726, 3718], [-9692, 3718], [-9681, 3718], [-9681, 3689], [-9704, 3689], [-9715, 3681], [-9732, 3681]]]}, "type": "Feature", "properties": {"name": "Chickasaw County", "stateAbbrev": "MS", "state": "Mississippi", "fips": "017", "incits": "28017", "id": "US.MS.017", "population": 17311}}, {"geometry": {"type": "Polygon", "coordinates": [[[-9753, 3651], [-9731, 3659], [-9721, 3659], [-9721, 3632], [-9723, 3622], [-9735, 3622], [-9746, 3613], [-9746, 3632], [-9761, 3632], [-9761, 3648], [-9753, 3651]]]}, "type": "Feature", "properties": {"name": "Choctaw County", "stateAbbrev": "MS", "state": "Mississippi", "fips": "019", "incits": "28019", "id": "US.MS.019", "population": 8371}}, {"geometry": {"type": "Polygon", "coordinates": [[[-9956, 3478], [-9950, 3488], [-9939, 3492], [-9933, 3504], [-9922, 3501], [-9905, 3509], [-9900, 3516], [-9899, 3497], [-9901, 3468], [-9931, 3477], [-9956, 3478]]]}, "type": "Feature", "properties": {"name": "Claiborne County", "stateAbbrev": "MS", "state": "Mississippi", "fips": "021", "incits": "28021", "id": "US.MS.021", "population": 9253}}, {"geometry": {"type": "Polygon", "coordinates": [[[-9702, 3516], [-9649, 3517], [-9654, 3480], [-9671, 3476], [-9701, 3473], [-9702, 3516]]]}, "type": "Feature", "properties": {"name": "Clarke County", "stateAbbrev": "MS", "state": "Mississippi", "fips": "023", "incits": "28023", "id": "US.MS.023", "population": 16415}}, {"geometry": {"type": "Polygon", "coordinates": [[[-9715, 3681], [-9704, 3689], [-9681, 3689], [-9681, 3675], [-9658, 3672], [-9656, 3662], [-9675, 3656], [-9675, 3662], [-9713, 3662], [-9715, 3681]]]}, "type": "Feature", "properties": {"name": "Clay County", "stateAbbrev": "MS", "state": "Mississippi", "fips": "025", "incits": "28025", "id": "US.MS.025", "population": 20408}}, {"geometry": {"type": "Polygon", "coordinates": [[[-9901, 3468], [-9899, 3497], [-9845, 3497], [-9836, 3479], [-9834, 3465], [-9847, 3461], [-9851, 3459], [-9901, 3459], [-9901, 3468]]]}, "type": "Feature", "properties": {"name": "Copiah County", "stateAbbrev": "MS", "state": "Mississippi", "fips": "029", "incits": "28029", "id": "US.MS.029", "population": 28921}}, {"geometry": {"type": "Polygon", "coordinates": [[[-9947, 3420], [-9946, 3449], [-9901, 3449], [-9890, 3449], [-9890, 3421], [-9928, 3421], [-9940, 3418], [-9947, 3420]]]}, "type": "Feature", "properties": {"name": "Franklin County", "stateAbbrev": "MS", "state": "Mississippi", "fips": "037", "incits": "28037", "id": "US.MS.037", "population": 7931}}, {"geometry": {"type": "Polygon", "coordinates": [[[-9812, 3699], [-9795, 3696], [-9767, 3695], [-9766, 3680], [-9767, 3675], [-9797, 3675], [-9834, 3675], [-9835, 3680], [-9835, 3689], [-9812, 3691], [-9812, 3699]]]}, "type": "Feature", "properties": {"name": "Grenada County", "stateAbbrev": "MS", "state": "Mississippi", "fips": "043", "incits": "28043", "id": "US.MS.043", "population": 21612}}, {"geometry": {"type": "Polygon", "coordinates": [[[-9881, 3547], [-9870, 3554], [-9870, 3545], [-9847, 3545], [-9847, 3535], [-9828, 3535], [-9848, 3510], [-9845, 3497], [-9899, 3497], [-9900, 3516], [-9896, 3530], [-9890, 3532], [-9881, 3547]]]}, "type": "Feature", "properties": {"name": "Hinds County", "stateAbbrev": "MS", "state": "Mississippi", "fips": "049", "incits": "28049", "id": "US.MS.049", "population": 244899}}, {"geometry": {"type": "Polygon", "coordinates": [[[-9857, 3634], [-9839, 3637], [-9793, 3624], [-9810, 3593], [-9817, 3588], [-9860, 3602], [-9868, 3611], [-9856, 3616], [-9857, 3634]]]}, "type": "Feature", "properties": {"name": "Holmes County", "stateAbbrev": "MS", "state": "Mississippi", "fips": "051", "incits": "28051", "id": "US.MS.051", "population": 18428}}, {"geometry": {"type": "Polygon", "coordinates": [[[-9898, 3630], [-9881, 3630], [-9870, 3637], [-9857, 3634], [-9856, 3616], [-9868, 3611], [-9860, 3602], [-9869, 3592], [-9892, 3592], [-9897, 3611], [-9898, 3630]]]}, "type": "Feature", "properties": {"name": "Humphreys County", "stateAbbrev": "MS", "state": "Mississippi", "fips": "053", "incits": "28053", "id": "US.MS.053", "population": 8922}}, {"geometry": {"type": "Polygon", "coordinates": [[[-9948, 3602], [-9920, 3602], [-9925, 3583], [-9925, 3564], [-9899, 3564], [-9899, 3559], [-9914, 3554], [-9914, 3540], [-9923, 3541], [-9926, 3555], [-9934, 3555], [-9946, 3562], [-9944, 3572], [-9948, 3602]]]}, "type": "Feature", "properties": {"name": "Issaquena County", "stateAbbrev": "MS", "state": "Mississippi", "fips": "055", "incits": "28055", "id": "US.MS.055", "population": 1395}}, {"geometry": {"type": "Polygon", "coordinates": [[[-9662, 3720], [-9661, 3761], [-9638, 3761], [-9619, 3761], [-9624, 3720], [-9662, 3720]]]}, "type": "Feature", "properties": {"name": "Itawamba County", "stateAbbrev": "MS", "state": "Mississippi", "fips": "057", "incits": "28057", "id": "US.MS.057", "population": 23434}}, {"geometry": {"type": "Polygon", "coordinates": [[[-9747, 3516], [-9702, 3516], [-9701, 3473], [-9705, 3473], [-9746, 3470], [-9747, 3516]]]}, "type": "Feature", "properties": {"name": "Jasper County", "stateAbbrev": "MS", "state": "Mississippi", "fips": "061", "incits": "28061", "id": "US.MS.061", "population": 16470}}, {"geometry": {"type": "Polygon", "coordinates": [[[-9956, 3478], [-9931, 3477], [-9901, 3468], [-9901, 3459], [-9901, 3449], [-9946, 3449], [-9961, 3456], [-9964, 3464], [-9966, 3475], [-9956, 3478]]]}, "type": "Feature", "properties": {"name": "Jefferson County", "stateAbbrev": "MS", "state": "Mississippi", "fips": "063", "incits": "28063", "id": "US.MS.063", "population": 7629}}, {"geometry": {"type": "Polygon", "coordinates": [[[-9702, 3593], [-9691, 3593], [-9640, 3593], [-9645, 3555], [-9702, 3555], [-9702, 3593]]]}, "type": "Feature", "properties": {"name": "Kemper County", "stateAbbrev": "MS", "state": "Mississippi", "fips": "069", "incits": "28069", "id": "US.MS.069", "population": 10294}}, {"geometry": {"type": "Polygon", "coordinates": [[[-9790, 3771], [-9784, 3771], [-9763, 3771], [-9738, 3764], [-9738, 3752], [-9738, 3728], [-9767, 3728], [-9790, 3731], [-9790, 3771]]]}, "type": "Feature", "properties": {"name": "Lafayette County", "stateAbbrev": "MS", "state": "Mississippi", "fips": "071", "incits": "28071", "id": "US.MS.071", "population": 51318}}, {"geometry": {"type": "Polygon", "coordinates": [[[-9702, 3555], [-9645, 3555], [-9649, 3517], [-9702, 3516], [-9702, 3555]]]}, "type": "Feature", "properties": {"name": "Lauderdale County", "stateAbbrev": "MS", "state": "Mississippi", "fips": "075", "incits": "28075", "id": "US.MS.075", "population": 80254}}, {"geometry": {"type": "Polygon", "coordinates": [[[-9791, 3588], [-9791, 3593], [-9746, 3593], [-9746, 3555], [-9747, 3554], [-9791, 3555], [-9791, 3561], [-9791, 3588]]]}, "type": "Feature", "properties": {"name": "Leake County", "stateAbbrev": "MS", "state": "Mississippi", "fips": "079", "incits": "28079", "id": "US.MS.079", "population": 23389}}, {"geometry": {"type": "Polygon", "coordinates": [[[-9692, 3718], [-9692, 3750], [-9682, 3766], [-9661, 3761], [-9662, 3720], [-9681, 3718], [-9692, 3718]]]}, "type": "Feature", "properties": {"name": "Lee County", "stateAbbrev": "MS", "state": "Mississippi", "fips": "081", "incits": "28081", "id": "US.MS.081", "population": 85340}}, {"geometry": {"type": "Polygon", "coordinates": [[[-9870, 3637], [-9870, 3689], [-9840, 3689], [-9835, 3680], [-9834, 3675], [-9831, 3651], [-9839, 3637], [-9857, 3634], [-9870, 3637]]]}, "type": "Feature", "properties": {"name": "Leflore County", "stateAbbrev": "MS", "state": "Mississippi", "fips": "083", "incits": "28083", "id": "US.MS.083", "population": 31607}}, {"geometry": {"type": "Polygon", "coordinates": [[[-9901, 3449], [-9901, 3459], [-9851, 3459], [-9847, 3461], [-9847, 3421], [-9849, 3421], [-9880, 3421], [-9890, 3421], [-9890, 3449], [-9901, 3449]]]}, "type": "Feature", "properties": {"name": "Lincoln County", "stateAbbrev": "MS", "state": "Mississippi", "fips": "085", "incits": "28085", "id": "US.MS.085", "population": 34810}}, {"geometry": {"type": "Polygon", "coordinates": [[[-9675, 3656], [-9656, 3662], [-9658, 3672], [-9629, 3682], [-9635, 3632], [-9675, 3632], [-9675, 3656]]]}, "type": "Feature", "properties": {"name": "Lowndes County", "stateAbbrev": "MS", "state": "Mississippi", "fips": "087", "incits": "28087", "id": "US.MS.087", "population": 59922}}, {"geometry": {"type": "Polygon", "coordinates": [[[-9870, 3554], [-9826, 3572], [-9817, 3588], [-9791, 3588], [-9791, 3561], [-9797, 3556], [-9805, 3555], [-9823, 3544], [-9828, 3535], [-9847, 3535], [-9847, 3545], [-9870, 3545], [-9870, 3554]]]}, "type": "Feature", "properties": {"name": "Madison County", "stateAbbrev": "MS", "state": "Mississippi", "fips": "089", "incits": "28089", "id": "US.MS.089", "population": 100412}}, {"geometry": {"type": "Polygon", "coordinates": [[[-9681, 3718], [-9662, 3720], [-9624, 3720], [-9629, 3682], [-9658, 3672], [-9681, 3675], [-9681, 3689], [-9681, 3718]]]}, "type": "Feature", "properties": {"name": "Monroe County", "stateAbbrev": "MS", "state": "Mississippi", "fips": "095", "incits": "28095", "id": "US.MS.095", "population": 36116}}, {"geometry": {"type": "Polygon", "coordinates": [[[-9797, 3675], [-9767, 3675], [-9766, 3651], [-9753, 3651], [-9761, 3648], [-9761, 3632], [-9782, 3632], [-9782, 3645], [-9797, 3646], [-9797, 3675]]]}, "type": "Feature", "properties": {"name": "Montgomery County", "stateAbbrev": "MS", "state": "Mississippi", "fips": "097", "incits": "28097", "id": "US.MS.097", "population": 10553}}, {"geometry": {"type": "Polygon", "coordinates": [[[-9746, 3555], [-9746, 3593], [-9702, 3593], [-9702, 3555], [-9746, 3555]]]}, "type": "Feature", "properties": {"name": "Neshoba County", "stateAbbrev": "MS", "state": "Mississippi", "fips": "099", "incits": "28099", "id": "US.MS.099", "population": 29507}}, {"geometry": {"type": "Polygon", "coordinates": [[[-9747, 3554], [-9746, 3555], [-9702, 3555], [-9702, 3516], [-9747, 3516], [-9747, 3554]]]}, "type": "Feature", "properties": {"name": "Newton County", "stateAbbrev": "MS", "state": "Mississippi", "fips": "101", "incits": "28101", "id": "US.MS.101", "population": 21689}}, {"geometry": {"type": "Polygon", "coordinates": [[[-9691, 3632], [-9675, 3632], [-9635, 3632], [-9640, 3593], [-9691, 3593], [-9691, 3632]]]}, "type": "Feature", "properties": {"name": "Noxubee County", "stateAbbrev": "MS", "state": "Mississippi", "fips": "103", "incits": "28103", "id": "US.MS.103", "population": 11089}}, {"geometry": {"type": "Polygon", "coordinates": [[[-9713, 3662], [-9675, 3662], [-9675, 3656], [-9675, 3632], [-9691, 3632], [-9721, 3632], [-9721, 3659], [-9713, 3662]]]}, "type": "Feature", "properties": {"name": "Oktibbeha County", "stateAbbrev": "MS", "state": "Mississippi", "fips": "105", "incits": "28105", "id": "US.MS.105", "population": 49043}}, {"geometry": {"type": "Polygon", "coordinates": [[[-9842, 3771], [-9790, 3771], [-9790, 3731], [-9813, 3728], [-9835, 3728], [-9842, 3743], [-9842, 3766], [-9842, 3771]]]}, "type": "Feature", "properties": {"name": "Panola County", "stateAbbrev": "MS", "state": "Mississippi", "fips": "107", "incits": "28107", "id": "US.MS.107", "population": 34402}}, {"geometry": {"type": "Polygon", "coordinates": [[[-9880, 3383], [-9880, 3421], [-9849, 3421], [-9849, 3383], [-9880, 3383]]]}, "type": "Feature", "properties": {"name": "Pike County", "stateAbbrev": "MS", "state": "Mississippi", "fips": "113", "incits": "28113", "id": "US.MS.113", "population": 40014}}, {"geometry": {"type": "Polygon", "coordinates": [[[-9738, 3752], [-9692, 3750], [-9692, 3718], [-9726, 3718], [-9738, 3728], [-9738, 3752]]]}, "type": "Feature", "properties": {"name": "Pontotoc County", "stateAbbrev": "MS", "state": "Mississippi", "fips": "115", "incits": "28115", "id": "US.MS.115", "population": 30897}}, {"geometry": {"type": "Polygon", "coordinates": [[[-9682, 3766], [-9682, 3775], [-9680, 3793], [-9642, 3792], [-9638, 3791], [-9638, 3761], [-9661, 3761], [-9682, 3766]]]}, "type": "Feature", "properties": {"name": "Prentiss County", "stateAbbrev": "MS", "state": "Mississippi", "fips": "117", "incits": "28117", "id": "US.MS.117", "population": 25388}}, {"geometry": {"type": "Polygon", "coordinates": [[[-9870, 3718], [-9870, 3739], [-9864, 3757], [-9854, 3766], [-9842, 3766], [-9842, 3743], [-9835, 3728], [-9835, 3718], [-9870, 3718]]]}, "type": "Feature", "properties": {"name": "Quitman County", "stateAbbrev": "MS", "state": "Mississippi", "fips": "119", "incits": "28119", "id": "US.MS.119", "population": 7803}}, {"geometry": {"type": "Polygon", "coordinates": [[[-9828, 3535], [-9823, 3544], [-9805, 3555], [-9797, 3556], [-9791, 3531], [-9791, 3516], [-9791, 3497], [-9845, 3497], [-9848, 3510], [-9828, 3535]]]}, "type": "Feature", "properties": {"name": "Rankin County", "stateAbbrev": "MS", "state": "Mississippi", "fips": "121", "incits": "28121", "id": "US.MS.121", "population": 146767}}, {"geometry": {"type": "Polygon", "coordinates": [[[-9797, 3556], [-9791, 3561], [-9791, 3555], [-9747, 3554], [-9747, 3516], [-9791, 3516], [-9791, 3531], [-9797, 3556]]]}, "type": "Feature", "properties": {"name": "Scott County", "stateAbbrev": "MS", "state": "Mississippi", "fips": "123", "incits": "28123", "id": "US.MS.123", "population": 28273}}, {"geometry": {"type": "Polygon", "coordinates": [[[-9920, 3602], [-9920, 3611], [-9897, 3611], [-9892, 3592], [-9903, 3583], [-9896, 3574], [-9899, 3564], [-9925, 3564], [-9925, 3583], [-9920, 3602]]]}, "type": "Feature", "properties": {"name": "Sharkey County", "stateAbbrev": "MS", "state": "Mississippi", "fips": "125", "incits": "28125", "id": "US.MS.125", "population": 4708}}, {"geometry": {"type": "Polygon", "coordinates": [[[-9845, 3497], [-9791, 3497], [-9783, 3493], [-9782, 3468], [-9794, 3467], [-9818, 3466], [-9834, 3465], [-9836, 3479], [-9845, 3497]]]}, "type": "Feature", "properties": {"name": "Simpson County", "stateAbbrev": "MS", "state": "Mississippi", "fips": "127", "incits": "28127", "id": "US.MS.127", "population": 27500}}, {"geometry": {"type": "Polygon", "coordinates": [[[-9791, 3516], [-9747, 3516], [-9746, 3470], [-9755, 3469], [-9782, 3468], [-9783, 3493], [-9791, 3497], [-9791, 3516]]]}, "type": "Feature", "properties": {"name": "Smith County", "stateAbbrev": "MS", "state": "Mississippi", "fips": "129", "incits": "28129", "id": "US.MS.129", "population": 16225}}, {"geometry": {"type": "Polygon", "coordinates": [[[-9904, 3659], [-9892, 3668], [-9892, 3708], [-9870, 3708], [-9870, 3689], [-9870, 3637], [-9881, 3630], [-9898, 3630], [-9904, 3630], [-9904, 3659]]]}, "type": "Feature", "properties": {"name": "Sunflower County", "stateAbbrev": "MS", "state": "Mississippi", "fips": "133", "incits": "28133", "id": "US.MS.133", "population": 27997}}, {"geometry": {"type": "Polygon", "coordinates": [[[-9870, 3689], [-9870, 3708], [-9870, 3718], [-9835, 3718], [-9835, 3728], [-9813, 3728], [-9812, 3699], [-9812, 3691], [-9835, 3689], [-9835, 3680], [-9840, 3689], [-9870, 3689]]]}, "type": "Feature", "properties": {"name": "Tallahatchie County", "stateAbbrev": "MS", "state": "Mississippi", "fips": "135", "incits": "28135", "id": "US.MS.135", "population": 15081}}, {"geometry": {"type": "Polygon", "coordinates": [[[-9842, 3789], [-9825, 3788], [-9810, 3794], [-9790, 3794], [-9784, 3785], [-9784, 3771], [-9790, 3771], [-9842, 3771], [-9847, 3776], [-9842, 3789]]]}, "type": "Feature", "properties": {"name": "Tate County", "stateAbbrev": "MS", "state": "Mississippi", "fips": "137", "incits": "28137", "id": "US.MS.137", "population": 28373}}, {"geometry": {"type": "Polygon", "coordinates": [[[-9642, 3792], [-9642, 3819], [-9624, 3819], [-9613, 3807], [-9619, 3761], [-9638, 3761], [-9638, 3791], [-9642, 3792]]]}, "type": "Feature", "properties": {"name": "Tishomingo County", "stateAbbrev": "MS", "state": "Mississippi", "fips": "141", "incits": "28141", "id": "US.MS.141", "population": 19529}}, {"geometry": {"type": "Polygon", "coordinates": [[[-9738, 3774], [-9721, 3775], [-9682, 3775], [-9682, 3766], [-9692, 3750], [-9738, 3752], [-9738, 3764], [-9738, 3774]]]}, "type": "Feature", "properties": {"name": "Union County", "stateAbbrev": "MS", "state": "Mississippi", "fips": "145", "incits": "28145", "id": "US.MS.145", "population": 27754}}, {"geometry": {"type": "Polygon", "coordinates": [[[-9849, 3421], [-9847, 3421], [-9825, 3419], [-9824, 3402], [-9802, 3391], [-9802, 3383], [-9849, 3383], [-9849, 3421]]]}, "type": "Feature", "properties": {"name": "Walthall County", "stateAbbrev": "MS", "state": "Mississippi", "fips": "147", "incits": "28147", "id": "US.MS.147", "population": 14931}}, {"geometry": {"type": "Polygon", "coordinates": [[[-9934, 3555], [-9926, 3555], [-9923, 3541], [-9914, 3540], [-9914, 3554], [-9899, 3559], [-9881, 3547], [-9890, 3532], [-9896, 3530], [-9900, 3516], [-9905, 3509], [-9922, 3501], [-9933, 3504], [-9947, 3513], [-9927, 3524], [-9926, 3539], [-9940, 3542], [-9934, 3555]]]}, "type": "Feature", "properties": {"name": "Warren County", "stateAbbrev": "MS", "state": "Mississippi", "fips": "149", "incits": "28149", "id": "US.MS.149", "population": 48218}}, {"geometry": {"type": "Polygon", "coordinates": [[[-9767, 3675], [-9766, 3680], [-9732, 3681], [-9715, 3681], [-9713, 3662], [-9721, 3659], [-9731, 3659], [-9753, 3651], [-9766, 3651], [-9767, 3675]]]}, "type": "Feature", "properties": {"name": "Webster County", "stateAbbrev": "MS", "state": "Mississippi", "fips": "155", "incits": "28155", "id": "US.MS.155", "population": 9987}}, {"geometry": {"type": "Polygon", "coordinates": [[[-9994, 3403], [-9984, 3407], [-9980, 3417], [-9953, 3423], [-9947, 3420], [-9940, 3418], [-9936, 3413], [-9936, 3382], [-9999, 3382], [-9994, 3403]]]}, "type": "Feature", "properties": {"name": "Wilkinson County", "stateAbbrev": "MS", "state": "Mississippi", "fips": "157", "incits": "28157", "id": "US.MS.157", "population": 9381}}, {"geometry": {"type": "Polygon", "coordinates": [[[-9746, 3593], [-9746, 3613], [-9735, 3622], [-9723, 3622], [-9721, 3632], [-9691, 3632], [-9691, 3593], [-9702, 3593], [-9746, 3593]]]}, "type": "Feature", "properties": {"name": "Winston County", "stateAbbrev": "MS", "state": "Mississippi", "fips": "159", "incits": "28159", "id": "US.MS.159", "population": 18788}}, {"geometry": {"type": "Polygon", "coordinates": [[[-9813, 3728], [-9790, 3731], [-9767, 3728], [-9767, 3695], [-9795, 3696], [-9812, 3699], [-9813, 3728]]]}, "type": "Feature", "properties": {"name": "Yalobusha County", "stateAbbrev": "MS", "state": "Mississippi", "fips": "161", "incits": "28161", "id": "US.MS.161", "population": 12373}}, {"geometry": {"type": "Polygon", "coordinates": [[[-9892, 3592], [-9869, 3592], [-9860, 3602], [-9817, 3588], [-9826, 3572], [-9870, 3554], [-9881, 3547], [-9899, 3559], [-9899, 3564], [-9896, 3574], [-9903, 3583], [-9892, 3592]]]}, "type": "Feature", "properties": {"name": "Yazoo County", "stateAbbrev": "MS", "state": "Mississippi", "fips": "163", "incits": "28163", "id": "US.MS.163", "population": 27883}}], "ac-tx": {"default": {"crs": "wsg84", "scale": 109.1147683297806, "xoffset": 0, "yoffset": 0}}}