{
  "type": "FeatureCollection",
  "crs": { "type": "name", "properties": { "name": "urn:ogc:def:crs:EPSG::102004" } },
  "features": [
    { "type": "Feature", "properties": { "labelrank": 0, "code_hasc": "US.MA", "name": "Massachusetts", "admin": "United States of America", "type_en": "State", "region": "Northeast", "woe_id": 2347580, "woe_name": "Massachusetts", "longitude": -71, "middle-y": 0.47, "middle-x": 0.36, "woe_label": "Massachusetts, US, United States", "fips": "US25", "iso_a2": "US", "latitude": 42, "objectid_1": 2059, "postal": "MA", "type": "State", "id": "US.MA" }, "geometry": { "type": "MultiPolygon", "coordinates": [ [ [ [ 3226.0, 919.0 ], [ 3192.0, 965.0 ], [ 3140.0, 950.0 ], [ 3139.0, 952.0 ], [ 3018.0, 921.0 ], [ 3011.0, 920.0 ], [ 2925.0, 901.0 ], [ 2922.0, 1026.0 ], [ 3170.0, 1084.0 ], [ 3209.0, 1129.0 ], [ 3230.0, 1105.0 ], [ 3222.0, 1027.0 ], [ 3284.0, 1005.0 ], [ 3298.0, 942.0 ], [ 3250.0, 889.0 ], [ 3226.0, 919.0 ] ] ] ] } },
    { "type": "Feature", "properties": { "labelrank": 0, "code_hasc": "US.MN", "name": "Minnesota", "admin": "United States of America", "type_en": "State", "region": "Midwest", "woe_id": 2347582, "woe_name": "Minnesota", "longitude": -93, "middle-y": 0.6, "middle-x": 0.38, "woe_label": "Minnesota, US, United States", "fips": "US32", "iso_a2": "US", "latitude": 46, "objectid_1": 3494, "postal": "MN", "type": "State", "id": "US.MN" }, "geometry": { "type": "MultiPolygon", "coordinates": [ [ [ [ 757.385329510689076, 1615.655882973871712 ], [ 744.313314741107661, 1604.451298885659071 ], [ 693.26598576846618, 1572.546718277757918 ], [ 648.599572917405112, 1553.40396991301759 ], [ 613.504534248713981, 1531.070763487487056 ], [ 556.076289154492542, 1486.404350636425761 ], [ 514.600334364221453, 1444.928395846154672 ], [ 469.933921513160158, 1422.595189420624138 ], [ 450.79117314841983, 1406.642899116673561 ], [ 482.0302605465277, 1375.403811718565748 ], [ 453.0, 1360.0 ], [ 457.0, 1258.0 ], [ 408.0, 1226.0 ], [ 388.0, 1165.0 ], [ 415.0, 1143.0 ], [ 401.0, 1078.0 ], [ 401.0, 1021.0 ], [ 493.0, 968.0 ], [ 552.0, 906.0 ], [ 600.0, 881.0 ], [ 610.0, 808.0 ], [ 401.0, 799.0 ], [ 151.0, 793.0 ], [ -58.0, 792.0 ], [ -57.0, 1109.0 ], [ -107.0, 1164.0 ], [ -69.0, 1224.0 ], [ -74.0, 1292.0 ], [ -97.0, 1348.0 ], [ -103.0, 1499.0 ], [ -135.0, 1621.0 ], [ -130.0, 1706.0 ], [ -144.0, 1768.0 ], [ 97.0, 1767.0 ], [ 98.0, 1835.0 ], [ 137.0, 1821.0 ], [ 166.0, 1720.0 ], [ 252.0, 1706.0 ], [ 266.0, 1685.0 ], [ 325.0, 1707.0 ], [ 397.0, 1692.0 ], [ 440.0, 1654.0 ], [ 471.0, 1659.0 ], [ 514.0, 1619.0 ], [ 546.0, 1610.0 ], [ 605.0, 1647.0 ], [ 622.0, 1625.0 ], [ 695.0, 1632.0 ], [ 720.0, 1615.0 ], [ 757.385329510689076, 1615.655882973871712 ] ] ] ] } },
    { "type": "Feature", "properties": { "labelrank": 0, "code_hasc": "US.MT", "name": "Montana", "admin": "United States of America", "type_en": "State", "region": "West", "woe_id": 2347585, "woe_name": "Montana", "longitude": -110, "middle-y": 0.53, "middle-x": 0.55, "woe_label": "Montana, US, United States", "fips": "US30", "iso_a2": "US", "latitude": 46, "objectid_1": 3510, "postal": "MT", "type": "State", "id": "US.MT" }, "geometry": { "type": "MultiPolygon", "coordinates": [ [ [ [ -946.0, 1809.0 ], [ -975.0, 1478.0 ], [ -994.0, 1268.0 ], [ -1010.0, 1102.0 ], [ -1198.0, 1120.0 ], [ -1401.0, 1143.0 ], [ -1645.0, 1176.0 ], [ -1880.0, 1213.0 ], [ -1895.0, 1125.0 ], [ -1920.0, 1172.0 ], [ -1950.0, 1144.0 ], [ -2022.0, 1155.0 ], [ -2059.0, 1149.0 ], [ -2138.0, 1163.0 ], [ -2150.0, 1226.0 ], [ -2198.0, 1326.0 ], [ -2198.0, 1376.0 ], [ -2215.0, 1399.0 ], [ -2268.0, 1372.0 ], [ -2291.0, 1393.0 ], [ -2266.0, 1475.0 ], [ -2232.0, 1554.0 ], [ -2324.0, 1707.0 ], [ -2342.0, 1719.0 ], [ -2352.0, 1792.0 ], [ -2379.0, 1854.0 ], [ -2340.0, 2026.0 ], [ -2165.0, 1988.0 ], [ -1911.0, 1939.0 ], [ -1656.0, 1896.0 ], [ -1425.0, 1862.0 ], [ -1245.0, 1839.0 ], [ -946.0, 1809.0 ] ] ] ] } },
    { "type": "Feature", "properties": { "labelrank": 0, "code_hasc": "US.ND", "name": "North Dakota", "admin": "United States of America", "type_en": "State", "region": "Midwest", "woe_id": 2347593, "woe_name": "North Dakota", "longitude": -100, "middle-y": 0.5, "middle-x": 0.47, "woe_label": "North Dakota, US, United States", "fips": "US38", "iso_a2": "US", "latitude": 47, "objectid_1": 3511, "postal": "ND", "type": "State", "id": "US.ND" }, "geometry": { "type": "MultiPolygon", "coordinates": [ [ [ [ -144.0, 1768.0 ], [ -130.0, 1706.0 ], [ -135.0, 1621.0 ], [ -103.0, 1499.0 ], [ -97.0, 1348.0 ], [ -74.0, 1292.0 ], [ -69.0, 1224.0 ], [ -414.0, 1231.0 ], [ -587.0, 1239.0 ], [ -788.0, 1251.0 ], [ -994.0, 1268.0 ], [ -975.0, 1478.0 ], [ -946.0, 1809.0 ], [ -756.0, 1793.0 ], [ -575.0, 1782.0 ], [ -317.0, 1771.0 ], [ -144.0, 1768.0 ] ] ] ] } },
    { "type": "Feature", "properties": { "labelrank": 0, "code_hasc": "US.HI", "name": "Hawaii", "admin": "United States of America", "type_en": "State", "region": "West", "woe_id": 2347570, "woe_name": "Hawaii", "longitude": -157, "middle-y": 0.79, "middle-x": 0.87, "woe_label": "Hawaii, US, United States", "fips": "US15", "iso_a2": "US", "latitude": 21, "objectid_1": 347, "postal": "HI", "type": "State", "id": "US.HI" }, "geometry": { "type": "MultiPolygon", "coordinates": [ [ [ [ -826.383449526192067, -2612.41579138369616 ], [ -779.884808629135932, -2628.380953487402621 ], [ -738.967566288941725, -2660.674937629310534 ], [ -738.629652850467664, -2684.434524932716158 ], [ -693.15066527306908, -2727.532972377711303 ], [ -720.88113820057265, -2752.381465457416652 ], [ -807.621909258179016, -2788.050534477923065 ], [ -837.986169013392669, -2824.807327813230131 ], [ -871.042316422317981, -2807.236635680065774 ], [ -872.66683526416216, -2754.332724196818162 ], [ -902.184805599140418, -2684.456020212446219 ], [ -862.439001564556406, -2633.06585996944068 ], [ -826.383449526192067, -2612.41579138369616 ] ] ], [ [ [ -991.087123660327507, -2456.953470804915014 ], [ -892.874472154554951, -2497.090070441467105 ], [ -893.235422160061034, -2516.736555565275921 ], [ -960.46578346186925, -2533.842304113750288 ], [ -991.087123660327507, -2456.953470804915014 ] ] ], [ [ [ -1207.666002067191585, -2357.441688912095742 ], [ -1191.475567144174875, -2416.896521672018025 ], [ -1241.666778757027942, -2410.197278848942915 ], [ -1262.853173986429965, -2376.748411477545233 ], [ -1227.73232350844296, -2339.007018301489552 ], [ -1207.666002067191585, -2357.441688912095742 ] ] ], [ [ [ -1454.45826149587856, -2245.500224128604714 ], [ -1438.588375524394678, -2259.935224063949136 ], [ -1463.455268187519778, -2308.479746717670423 ], [ -1516.767455243612403, -2288.503666566942229 ], [ -1508.91667883954824, -2257.322958618789471 ], [ -1454.45826149587856, -2245.500224128604714 ] ] ] ] } },
    { "type": "Feature", "properties": { "labelrank": 0, "code_hasc": "US.ID", "name": "Idaho", "admin": "United States of America", "type_en": "State", "region": "West", "woe_id": 2347571, "woe_name": "Idaho", "longitude": -114, "middle-y": 0.75, "middle-x": 0.51, "woe_label": "Idaho, US, United States", "fips": "US16", "iso_a2": "US", "latitude": 43, "objectid_1": 3512, "postal": "ID", "type": "State", "id": "US.ID" }, "geometry": { "type": "MultiPolygon", "coordinates": [ [ [ [ -1895.0, 1125.0 ], [ -1936.0, 881.0 ], [ -1967.0, 691.0 ], [ -2137.0, 720.0 ], [ -2354.0, 762.0 ], [ -2569.0, 807.0 ], [ -2735.0, 845.0 ], [ -2664.0, 1152.0 ], [ -2663.0, 1159.0 ], [ -2661.0, 1162.0 ], [ -2657.0, 1163.0 ], [ -2653.0, 1169.0 ], [ -2646.0, 1185.0 ], [ -2645.0, 1187.0 ], [ -2645.0, 1188.0 ], [ -2644.0, 1189.0 ], [ -2643.0, 1191.0 ], [ -2643.0, 1195.0 ], [ -2645.0, 1201.0 ], [ -2645.0, 1204.0 ], [ -2643.0, 1205.0 ], [ -2638.0, 1205.0 ], [ -2632.0, 1217.0 ], [ -2636.0, 1222.0 ], [ -2638.0, 1224.0 ], [ -2640.0, 1234.0 ], [ -2665.0, 1245.0 ], [ -2662.0, 1254.0 ], [ -2662.0, 1256.0 ], [ -2663.0, 1260.0 ], [ -2663.0, 1262.0 ], [ -2658.0, 1277.0 ], [ -2657.0, 1278.0 ], [ -2655.0, 1279.0 ], [ -2654.0, 1282.0 ], [ -2653.0, 1282.0 ], [ -2651.0, 1282.0 ], [ -2650.0, 1283.0 ], [ -2647.0, 1284.0 ], [ -2645.0, 1287.0 ], [ -2643.0, 1290.0 ], [ -2640.0, 1296.0 ], [ -2623.0, 1317.0 ], [ -2615.0, 1320.0 ], [ -2612.0, 1322.0 ], [ -2610.0, 1324.0 ], [ -2595.0, 1341.0 ], [ -2555.0, 1410.0 ], [ -2523.0, 1445.0 ], [ -2522.0, 1448.0 ], [ -2521.0, 1456.0 ], [ -2525.0, 1476.0 ], [ -2549.0, 1498.0 ], [ -2556.0, 1512.0 ], [ -2557.0, 1523.0 ], [ -2557.0, 1528.0 ], [ -2557.0, 1529.0 ], [ -2558.0, 1538.0 ], [ -2562.0, 1549.0 ], [ -2561.0, 1596.0 ], [ -2552.0, 1638.0 ], [ -2532.0, 1722.0 ], [ -2519.0, 1779.0 ], [ -2479.0, 1942.0 ], [ -2473.0, 1969.0 ], [ -2467.0, 1997.0 ], [ -2454.0, 2052.0 ], [ -2340.0, 2026.0 ], [ -2379.0, 1854.0 ], [ -2352.0, 1792.0 ], [ -2342.0, 1719.0 ], [ -2324.0, 1707.0 ], [ -2232.0, 1554.0 ], [ -2266.0, 1475.0 ], [ -2291.0, 1393.0 ], [ -2268.0, 1372.0 ], [ -2215.0, 1399.0 ], [ -2198.0, 1376.0 ], [ -2198.0, 1326.0 ], [ -2150.0, 1226.0 ], [ -2138.0, 1163.0 ], [ -2059.0, 1149.0 ], [ -2022.0, 1155.0 ], [ -1950.0, 1144.0 ], [ -1920.0, 1172.0 ], [ -1895.0, 1125.0 ] ] ] ] } },
    { "type": "Feature", "properties": { "labelrank": 0, "code_hasc": "US.WA", "name": "Washington", "admin": "United States of America", "type_en": "State", "region": "West", "woe_id": 2347606, "woe_name": "Washington", "longitude": -120, "middle-y": 0.52, "middle-x": 0.56, "woe_label": "Washington, US, United States", "fips": "US53", "iso_a2": "US", "latitude": 47, "objectid_1": 872, "postal": "WA", "type": "State", "id": "US.WA" }, "geometry": { "type": "MultiPolygon", "coordinates": [ [ [ [ -2557.0, 1529.0 ], [ -2573.0, 1533.0 ], [ -2604.0, 1540.0 ], [ -2682.0, 1559.0 ], [ -2812.0, 1592.0 ], [ -2886.0, 1597.0 ], [ -2970.0, 1586.0 ], [ -3018.0, 1598.0 ], [ -3084.0, 1596.0 ], [ -3096.0, 1616.0 ], [ -3158.0, 1636.0 ], [ -3221.0, 1626.0 ], [ -3273.0, 1659.0 ], [ -3271.0, 1741.0 ], [ -3299.0, 1763.0 ], [ -3352.0, 1803.0 ], [ -3383.0, 1802.0 ], [ -3356.0, 1882.0 ], [ -3369.0, 1945.0 ], [ -3359.0, 2073.0 ], [ -3375.0, 2109.0 ], [ -3371.0, 2157.0 ], [ -3342.0, 2185.0 ], [ -3293.0, 2133.0 ], [ -3155.0, 2073.0 ], [ -3134.0, 2006.0 ], [ -3170.0, 1938.0 ], [ -3137.0, 1935.0 ], [ -3134.0, 1984.0 ], [ -3108.0, 2032.0 ], [ -3089.0, 2146.0 ], [ -3103.0, 2227.0 ], [ -2918.0, 2172.0 ], [ -2719.0, 2118.0 ], [ -2454.0, 2052.0 ], [ -2479.0, 1942.0 ], [ -2486.0, 1916.0 ], [ -2493.0, 1889.0 ], [ -2519.0, 1779.0 ], [ -2561.0, 1596.0 ], [ -2557.0, 1529.0 ] ] ] ] } },
    { "type": "Feature", "properties": { "labelrank": 0, "code_hasc": "US.AZ", "name": "Arizona", "admin": "United States of America", "type_en": "State", "region": "West", "woe_id": 2347561, "woe_name": "Arizona", "longitude": -111, "middle-y": 0.45, "middle-x": 0.51, "woe_label": "Arizona, US, United States", "fips": "US04", "iso_a2": "US", "latitude": 34, "objectid_1": 3513, "postal": "AZ", "type": "State", "id": "US.AZ" }, "geometry": { "type": "MultiPolygon", "coordinates": [ [ [ [ -1833.0, -220.0 ], [ -1878.0, -528.0 ], [ -1922.0, -837.0 ], [ -1976.0, -1209.0 ], [ -2280.0, -1161.0 ], [ -2455.0, -1059.0 ], [ -2681.0, -925.0 ], [ -2798.0, -853.0 ], [ -2792.0, -838.0 ], [ -2782.0, -829.0 ], [ -2778.0, -824.0 ], [ -2775.0, -818.0 ], [ -2769.0, -815.0 ], [ -2754.0, -821.0 ], [ -2747.0, -821.0 ], [ -2745.0, -819.0 ], [ -2743.0, -809.0 ], [ -2734.0, -805.0 ], [ -2732.0, -803.0 ], [ -2731.0, -799.0 ], [ -2731.0, -788.0 ], [ -2730.0, -780.0 ], [ -2737.0, -769.0 ], [ -2750.0, -766.0 ], [ -2755.0, -762.0 ], [ -2758.0, -755.0 ], [ -2756.0, -749.0 ], [ -2753.0, -743.0 ], [ -2751.0, -736.0 ], [ -2750.0, -726.0 ], [ -2751.0, -723.0 ], [ -2754.0, -717.0 ], [ -2754.0, -714.0 ], [ -2751.0, -710.0 ], [ -2749.0, -708.0 ], [ -2748.0, -707.0 ], [ -2749.0, -705.0 ], [ -2751.0, -701.0 ], [ -2751.0, -699.0 ], [ -2749.0, -698.0 ], [ -2742.0, -699.0 ], [ -2735.0, -697.0 ], [ -2726.0, -684.0 ], [ -2720.0, -681.0 ], [ -2718.0, -679.0 ], [ -2702.0, -613.0 ], [ -2686.0, -601.0 ], [ -2683.0, -598.0 ], [ -2676.0, -586.0 ], [ -2634.0, -567.0 ], [ -2632.0, -558.0 ], [ -2661.0, -527.0 ], [ -2669.0, -474.0 ], [ -2676.0, -470.0 ], [ -2677.0, -456.0 ], [ -2678.0, -454.0 ], [ -2682.0, -449.0 ], [ -2680.0, -428.0 ], [ -2680.0, -427.0 ], [ -2676.0, -404.0 ], [ -2665.0, -396.0 ], [ -2667.0, -337.0 ], [ -2654.0, -237.0 ], [ -2628.0, -230.0 ], [ -2572.0, -262.0 ], [ -2554.0, -234.0 ], [ -2527.0, -99.0 ], [ -2311.0, -141.0 ], [ -2137.0, -172.0 ], [ -1833.0, -220.0 ] ] ] ] } },
    { "type": "Feature", "properties": { "labelrank": 0, "code_hasc": "US.CA", "name": "California", "admin": "United States of America", "type_en": "State", "region": "West", "woe_id": 2347563, "woe_name": "California", "longitude": -119, "middle-y": 0.67, "middle-x": 0.51, "woe_label": "California, US, United States", "fips": "US06", "iso_a2": "US", "latitude": 36, "objectid_1": 356, "postal": "CA", "type": "State", "id": "US.CA" }, "geometry": { "type": "MultiPolygon", "coordinates": [ [ [ [ -3646.0, 1098.0 ], [ -3446.0, 1036.0 ], [ -3115.0, 941.0 ], [ -3191.0, 661.0 ], [ -3253.0, 432.0 ], [ -3229.0, 396.0 ], [ -3206.0, 360.0 ], [ -3182.0, 324.0 ], [ -3133.0, 252.0 ], [ -3084.0, 180.0 ], [ -3060.0, 144.0 ], [ -2983.0, 26.0 ], [ -2852.0, -172.0 ], [ -2680.0, -427.0 ], [ -2680.0, -428.0 ], [ -2682.0, -449.0 ], [ -2678.0, -454.0 ], [ -2677.0, -456.0 ], [ -2676.0, -470.0 ], [ -2669.0, -474.0 ], [ -2661.0, -527.0 ], [ -2632.0, -558.0 ], [ -2634.0, -567.0 ], [ -2676.0, -586.0 ], [ -2683.0, -598.0 ], [ -2686.0, -601.0 ], [ -2702.0, -613.0 ], [ -2718.0, -679.0 ], [ -2720.0, -681.0 ], [ -2726.0, -684.0 ], [ -2735.0, -697.0 ], [ -2749.0, -698.0 ], [ -2751.0, -699.0 ], [ -2751.0, -701.0 ], [ -2749.0, -705.0 ], [ -2748.0, -707.0 ], [ -2749.0, -708.0 ], [ -2751.0, -710.0 ], [ -2754.0, -714.0 ], [ -2754.0, -717.0 ], [ -2751.0, -723.0 ], [ -2750.0, -726.0 ], [ -2751.0, -736.0 ], [ -2753.0, -743.0 ], [ -2756.0, -749.0 ], [ -2758.0, -755.0 ], [ -2755.0, -762.0 ], [ -2750.0, -766.0 ], [ -2737.0, -769.0 ], [ -2730.0, -780.0 ], [ -2729.0, -782.0 ], [ -2730.0, -784.0 ], [ -2730.0, -786.0 ], [ -2731.0, -788.0 ], [ -2731.0, -799.0 ], [ -2732.0, -803.0 ], [ -2734.0, -805.0 ], [ -2743.0, -809.0 ], [ -2744.0, -812.0 ], [ -2745.0, -819.0 ], [ -2747.0, -821.0 ], [ -2754.0, -821.0 ], [ -2769.0, -815.0 ], [ -2775.0, -818.0 ], [ -2776.0, -820.0 ], [ -2858.0, -810.0 ], [ -2935.0, -800.0 ], [ -3133.0, -773.0 ], [ -3145.0, -739.0 ], [ -3138.0, -667.0 ], [ -3156.0, -621.0 ], [ -3223.0, -533.0 ], [ -3261.0, -505.0 ], [ -3274.0, -464.0 ], [ -3330.0, -449.0 ], [ -3409.0, -360.0 ], [ -3528.0, -322.0 ], [ -3547.0, -292.0 ], [ -3520.0, -198.0 ], [ -3550.0, -170.0 ], [ -3539.0, -145.0 ], [ -3582.0, -85.0 ], [ -3597.0, -23.0 ], [ -3636.0, 49.0 ], [ -3634.0, 82.0 ], [ -3597.0, 128.0 ], [ -3609.0, 163.0 ], [ -3638.0, 172.0 ], [ -3661.0, 218.0 ], [ -3659.0, 280.0 ], [ -3607.0, 273.0 ], [ -3687.0, 381.0 ], [ -3683.0, 422.0 ], [ -3741.0, 547.0 ], [ -3738.0, 638.0 ], [ -3716.0, 720.0 ], [ -3758.0, 813.0 ], [ -3754.0, 845.0 ], [ -3716.0, 881.0 ], [ -3657.0, 997.0 ], [ -3646.0, 1098.0 ] ] ] ] } },
    { "type": "Feature", "properties": { "labelrank": 0, "code_hasc": "US.CO", "name": "Colorado", "admin": "United States of America", "type_en": "State", "region": "West", "woe_id": 2347564, "woe_name": "Colorado", "longitude": -105, "middle-y": 0.5, "middle-x": 0.51, "woe_label": "Colorado, US, United States", "fips": "US08", "iso_a2": "US", "latitude": 38, "objectid_1": 3514, "postal": "CO", "type": "State", "id": "US.CO" }, "geometry": { "type": "MultiPolygon", "coordinates": [ [ [ [ -817.0, 203.0 ], [ -837.0, -109.0 ], [ -851.0, -323.0 ], [ -986.0, -314.0 ], [ -1172.0, -298.0 ], [ -1437.0, -271.0 ], [ -1622.0, -248.0 ], [ -1833.0, -220.0 ], [ -1799.0, 19.0 ], [ -1764.0, 259.0 ], [ -1733.0, 476.0 ], [ -1380.0, 430.0 ], [ -1072.0, 399.0 ], [ -806.0, 378.0 ], [ -817.0, 203.0 ] ] ] ] } },
    { "type": "Feature", "properties": { "labelrank": 0, "code_hasc": "US.NV", "name": "Nevada", "admin": "United States of America", "type_en": "State", "region": "West", "woe_id": 2347587, "woe_name": "Nevada", "longitude": -117, "middle-y": 0.38, "middle-x": 0.46, "woe_label": "Nevada, US, United States", "fips": "US32", "iso_a2": "US", "latitude": 39, "objectid_1": 3515, "postal": "NV", "type": "State", "id": "US.NV" }, "geometry": { "type": "MultiPolygon", "coordinates": [ [ [ [ -2527.0, -99.0 ], [ -2554.0, -234.0 ], [ -2572.0, -262.0 ], [ -2628.0, -230.0 ], [ -2654.0, -237.0 ], [ -2667.0, -337.0 ], [ -2665.0, -396.0 ], [ -2676.0, -404.0 ], [ -2680.0, -427.0 ], [ -2852.0, -172.0 ], [ -2983.0, 26.0 ], [ -3060.0, 144.0 ], [ -3084.0, 180.0 ], [ -3133.0, 252.0 ], [ -3182.0, 324.0 ], [ -3206.0, 360.0 ], [ -3229.0, 396.0 ], [ -3253.0, 432.0 ], [ -3191.0, 661.0 ], [ -3115.0, 941.0 ], [ -2949.0, 898.0 ], [ -2735.0, 845.0 ], [ -2569.0, 807.0 ], [ -2354.0, 762.0 ], [ -2403.0, 520.0 ], [ -2451.0, 277.0 ], [ -2527.0, -99.0 ] ] ] ] } },
    { "type": "Feature", "properties": { "labelrank": 0, "code_hasc": "US.NM", "name": "New Mexico", "admin": "United States of America", "type_en": "State", "region": "West", "woe_id": 2347590, "woe_name": "New Mexico", "longitude": -106, "middle-y": 0.5, "middle-x": 0.51, "woe_label": "New Mexico, US, United States", "fips": "US35", "iso_a2": "US", "latitude": 34, "objectid_1": 3516, "postal": "NM", "type": "State", "id": "US.NM" }, "geometry": { "type": "MultiPolygon", "coordinates": [ [ [ [ -993.0, -401.0 ], [ -999.0, -401.0 ], [ -999.0, -404.0 ], [ -1001.0, -434.0 ], [ -1003.0, -458.0 ], [ -1015.0, -604.0 ], [ -1019.0, -653.0 ], [ -1021.0, -678.0 ], [ -1023.0, -702.0 ], [ -1035.0, -848.0 ], [ -1049.0, -1019.0 ], [ -1051.0, -1044.0 ], [ -1054.0, -1068.0 ], [ -1060.0, -1142.0 ], [ -1064.0, -1191.0 ], [ -1097.0, -1188.0 ], [ -1130.0, -1185.0 ], [ -1197.0, -1180.0 ], [ -1330.0, -1168.0 ], [ -1497.0, -1150.0 ], [ -1563.0, -1143.0 ], [ -1603.0, -1138.0 ], [ -1603.0, -1141.0 ], [ -1601.0, -1148.0 ], [ -1600.0, -1152.0 ], [ -1601.0, -1156.0 ], [ -1596.0, -1170.0 ], [ -1594.0, -1171.0 ], [ -1592.0, -1172.0 ], [ -1591.0, -1173.0 ], [ -1586.0, -1181.0 ], [ -1840.0, -1148.0 ], [ -1851.0, -1227.0 ], [ -1976.0, -1209.0 ], [ -1922.0, -837.0 ], [ -1878.0, -528.0 ], [ -1833.0, -220.0 ], [ -1622.0, -248.0 ], [ -1437.0, -271.0 ], [ -1172.0, -298.0 ], [ -986.0, -314.0 ], [ -988.0, -335.0 ], [ -991.0, -379.0 ], [ -993.0, -401.0 ] ] ] ] } },
    { "type": "Feature", "properties": { "labelrank": 0, "code_hasc": "US.OR", "name": "Oregon", "admin": "United States of America", "type_en": "State", "region": "West", "woe_id": 2347596, "woe_name": "Oregon", "longitude": -120, "middle-y": 0.52, "middle-x": 0.47, "woe_label": "Oregon, US, United States", "fips": "US41", "iso_a2": "US", "latitude": 43, "objectid_1": 873, "postal": "OR", "type": "State", "id": "US.OR" }, "geometry": { "type": "MultiPolygon", "coordinates": [ [ [ [ -3299.0, 1763.0 ], [ -3271.0, 1741.0 ], [ -3273.0, 1659.0 ], [ -3221.0, 1626.0 ], [ -3158.0, 1636.0 ], [ -3096.0, 1616.0 ], [ -3084.0, 1596.0 ], [ -3018.0, 1598.0 ], [ -2970.0, 1586.0 ], [ -2886.0, 1597.0 ], [ -2812.0, 1592.0 ], [ -2682.0, 1559.0 ], [ -2604.0, 1540.0 ], [ -2573.0, 1533.0 ], [ -2557.0, 1529.0 ], [ -2525.0, 1476.0 ], [ -2521.0, 1456.0 ], [ -2523.0, 1445.0 ], [ -2555.0, 1410.0 ], [ -2595.0, 1341.0 ], [ -2610.0, 1324.0 ], [ -2612.0, 1322.0 ], [ -2615.0, 1320.0 ], [ -2623.0, 1317.0 ], [ -2640.0, 1296.0 ], [ -2643.0, 1290.0 ], [ -2645.0, 1287.0 ], [ -2647.0, 1284.0 ], [ -2650.0, 1283.0 ], [ -2651.0, 1282.0 ], [ -2653.0, 1282.0 ], [ -2654.0, 1282.0 ], [ -2658.0, 1277.0 ], [ -2658.0, 1272.0 ], [ -2662.0, 1266.0 ], [ -2663.0, 1262.0 ], [ -2663.0, 1260.0 ], [ -2662.0, 1256.0 ], [ -2662.0, 1254.0 ], [ -2665.0, 1245.0 ], [ -2640.0, 1234.0 ], [ -2632.0, 1217.0 ], [ -2632.0, 1215.0 ], [ -2636.0, 1209.0 ], [ -2638.0, 1205.0 ], [ -2645.0, 1201.0 ], [ -2643.0, 1195.0 ], [ -2643.0, 1191.0 ], [ -2644.0, 1189.0 ], [ -2645.0, 1188.0 ], [ -2645.0, 1187.0 ], [ -2646.0, 1185.0 ], [ -2653.0, 1169.0 ], [ -2663.0, 1159.0 ], [ -2663.0, 1155.0 ], [ -2664.0, 1152.0 ], [ -2735.0, 845.0 ], [ -2949.0, 898.0 ], [ -3115.0, 941.0 ], [ -3446.0, 1036.0 ], [ -3646.0, 1098.0 ], [ -3655.0, 1162.0 ], [ -3635.0, 1217.0 ], [ -3642.0, 1253.0 ], [ -3577.0, 1339.0 ], [ -3537.0, 1411.0 ], [ -3447.0, 1619.0 ], [ -3381.0, 1785.0 ], [ -3336.0, 1785.0 ], [ -3299.0, 1763.0 ] ] ] ] } },
    { "type": "Feature", "properties": { "labelrank": 0, "code_hasc": "US.UT", "name": "Utah", "admin": "United States of America", "type_en": "State", "region": "West", "woe_id": 2347603, "woe_name": "Utah", "longitude": -111, "middle-y": 0.59, "middle-x": 0.52, "woe_label": "Utah, US, United States", "fips": "US49", "iso_a2": "US", "latitude": 39, "objectid_1": 3517, "postal": "UT", "type": "State", "id": "US.UT" }, "geometry": { "type": "MultiPolygon", "coordinates": [ [ [ [ -1967.0, 691.0 ], [ -1996.0, 517.0 ], [ -1733.0, 476.0 ], [ -1764.0, 259.0 ], [ -1799.0, 19.0 ], [ -1833.0, -220.0 ], [ -2137.0, -172.0 ], [ -2311.0, -141.0 ], [ -2527.0, -99.0 ], [ -2451.0, 277.0 ], [ -2403.0, 520.0 ], [ -2354.0, 762.0 ], [ -2137.0, 720.0 ], [ -1967.0, 691.0 ] ] ] ] } },
    { "type": "Feature", "properties": { "labelrank": 0, "code_hasc": "US.WY", "name": "Wyoming", "admin": "United States of America", "type_en": "State", "region": "West", "woe_id": 2347609, "woe_name": "Wyoming", "longitude": -107, "middle-y": 0.5, "middle-x": 0.51, "woe_label": "Wyoming, US, United States", "fips": "US56", "iso_a2": "US", "latitude": 42, "objectid_1": 3518, "postal": "WY", "type": "State", "id": "US.WY" }, "geometry": { "type": "MultiPolygon", "coordinates": [ [ [ [ -1041.0, 750.0 ], [ -1072.0, 399.0 ], [ -1380.0, 430.0 ], [ -1733.0, 476.0 ], [ -1996.0, 517.0 ], [ -1967.0, 691.0 ], [ -1936.0, 881.0 ], [ -1895.0, 1125.0 ], [ -1880.0, 1213.0 ], [ -1645.0, 1176.0 ], [ -1401.0, 1143.0 ], [ -1198.0, 1120.0 ], [ -1010.0, 1102.0 ], [ -1041.0, 750.0 ] ] ] ] } },
    { "type": "Feature", "properties": { "labelrank": 0, "code_hasc": "US.AR", "name": "Arkansas", "admin": "United States of America", "type_en": "State", "region": "South", "woe_id": 2347562, "woe_name": "Arkansas", "longitude": -92, "middle-y": 0.43, "middle-x": 0.47, "woe_label": "Arkansas, US, United States", "fips": "US05", "iso_a2": "US", "latitude": 34, "objectid_1": 3519, "postal": "AR", "type": "State", "id": "US.AR" }, "geometry": { "type": "MultiPolygon", "coordinates": [ [ [ [ 896.0, -496.0 ], [ 869.0, -545.0 ], [ 874.0, -578.0 ], [ 849.0, -608.0 ], [ 854.0, -642.0 ], [ 825.0, -677.0 ], [ 825.0, -678.0 ], [ 830.0, -683.0 ], [ 830.0, -691.0 ], [ 786.0, -743.0 ], [ 789.0, -781.0 ], [ 776.0, -791.0 ], [ 768.0, -792.0 ], [ 765.0, -790.0 ], [ 764.0, -791.0 ], [ 757.0, -808.0 ], [ 751.0, -822.0 ], [ 739.0, -831.0 ], [ 739.0, -836.0 ], [ 750.0, -841.0 ], [ 751.0, -848.0 ], [ 749.0, -851.0 ], [ 747.0, -852.0 ], [ 729.0, -892.0 ], [ 727.0, -896.0 ], [ 720.0, -898.0 ], [ 708.0, -912.0 ], [ 706.0, -943.0 ], [ 720.0, -952.0 ], [ 720.0, -969.0 ], [ 715.0, -977.0 ], [ 713.0, -980.0 ], [ 718.0, -1034.0 ], [ 610.0, -1040.0 ], [ 584.0, -1041.0 ], [ 557.0, -1042.0 ], [ 530.0, -1043.0 ], [ 424.0, -1047.0 ], [ 398.0, -1048.0 ], [ 371.0, -1049.0 ], [ 344.0, -1049.0 ], [ 291.0, -1051.0 ], [ 291.0, -1030.0 ], [ 289.0, -988.0 ], [ 289.0, -967.0 ], [ 288.0, -955.0 ], [ 224.0, -940.0 ], [ 225.0, -633.0 ], [ 196.0, -438.0 ], [ 430.0, -432.0 ], [ 585.0, -426.0 ], [ 828.0, -413.0 ], [ 844.0, -449.0 ], [ 804.0, -505.0 ], [ 896.0, -496.0 ] ] ] ] } },
    { "type": "Feature", "properties": { "labelrank": 0, "code_hasc": "US.IA", "name": "Iowa", "admin": "United States of America", "type_en": "State", "region": "Midwest", "woe_id": 2347574, "woe_name": "Iowa", "longitude": -93, "middle-y": 0.49, "middle-x": 0.35, "woe_label": "Iowa, US, United States", "fips": "US19", "iso_a2": "US", "latitude": 42, "objectid_1": 3520, "postal": "IA", "type": "State", "id": "US.IA" }, "geometry": { "type": "MultiPolygon", "coordinates": [ [ [ [ 698.0, 638.0 ], [ 764.0, 573.0 ], [ 763.0, 519.0 ], [ 746.0, 481.0 ], [ 701.0, 451.0 ], [ 663.0, 446.0 ], [ 653.0, 403.0 ], [ 671.0, 361.0 ], [ 613.0, 258.0 ], [ 572.0, 298.0 ], [ 389.0, 284.0 ], [ 204.0, 278.0 ], [ 31.0, 281.0 ], [ 16.0, 408.0 ], [ -11.0, 448.0 ], [ -8.0, 492.0 ], [ -46.0, 564.0 ], [ -63.0, 619.0 ], [ -83.0, 660.0 ], [ -59.0, 725.0 ], [ -73.0, 743.0 ], [ -58.0, 792.0 ], [ 151.0, 793.0 ], [ 401.0, 799.0 ], [ 610.0, 808.0 ], [ 643.0, 676.0 ], [ 688.0, 663.0 ], [ 698.0, 638.0 ] ] ] ] } },
    { "type": "Feature", "properties": { "labelrank": 0, "code_hasc": "US.KS", "name": "Kansas", "admin": "United States of America", "type_en": "State", "region": "Midwest", "woe_id": 2347575, "woe_name": "Kansas", "longitude": -98, "middle-y": 0.49, "middle-x": 0.3, "woe_label": "Kansas, US, United States", "fips": "US20", "iso_a2": "US", "latitude": 38, "objectid_1": 3521, "postal": "KS", "type": "State", "id": "US.KS" }, "geometry": { "type": "MultiPolygon", "coordinates": [ [ [ [ 195.0, -350.0 ], [ -164.0, -350.0 ], [ -424.0, -344.0 ], [ -619.0, -337.0 ], [ -851.0, -323.0 ], [ -837.0, -109.0 ], [ -817.0, 203.0 ], [ -644.0, 193.0 ], [ -333.0, 180.0 ], [ -134.0, 177.0 ], [ 92.0, 176.0 ], [ 151.0, 145.0 ], [ 123.0, 94.0 ], [ 160.0, 39.0 ], [ 189.0, 23.0 ], [ 195.0, -350.0 ] ] ] ] } },
    { "type": "Feature", "properties": { "labelrank": 0, "code_hasc": "US.MO", "name": "Missouri", "admin": "United States of America", "type_en": "State", "region": "Midwest", "woe_id": 2347584, "woe_name": "Missouri", "longitude": -92, "middle-y": 0.51, "middle-x": 0.48, "woe_label": "Missouri, US, United States", "fips": "US29", "iso_a2": "US", "latitude": 38, "objectid_1": 3522, "postal": "MO", "type": "State", "id": "US.MO" }, "geometry": { "type": "MultiPolygon", "coordinates": [ [ [ [ 613.0, 258.0 ], [ 604.0, 221.0 ], [ 630.0, 141.0 ], [ 707.0, 76.0 ], [ 726.0, 20.0 ], [ 798.0, 5.0 ], [ 799.0, -38.0 ], [ 777.0, -99.0 ], [ 818.0, -146.0 ], [ 900.0, -197.0 ], [ 917.0, -241.0 ], [ 909.0, -272.0 ], [ 940.0, -314.0 ], [ 951.0, -308.0 ], [ 961.0, -319.0 ], [ 966.0, -317.0 ], [ 969.0, -318.0 ], [ 970.0, -321.0 ], [ 970.0, -336.0 ], [ 967.0, -341.0 ], [ 967.0, -347.0 ], [ 970.0, -353.0 ], [ 970.0, -357.0 ], [ 970.0, -362.0 ], [ 962.0, -384.0 ], [ 960.0, -389.0 ], [ 956.0, -392.0 ], [ 951.0, -391.0 ], [ 944.0, -384.0 ], [ 940.0, -381.0 ], [ 938.0, -383.0 ], [ 937.0, -386.0 ], [ 935.0, -393.0 ], [ 935.0, -395.0 ], [ 933.0, -404.0 ], [ 933.0, -406.0 ], [ 897.0, -453.0 ], [ 896.0, -496.0 ], [ 804.0, -505.0 ], [ 844.0, -449.0 ], [ 828.0, -413.0 ], [ 585.0, -426.0 ], [ 430.0, -432.0 ], [ 196.0, -438.0 ], [ 195.0, -350.0 ], [ 189.0, 23.0 ], [ 160.0, 39.0 ], [ 123.0, 94.0 ], [ 151.0, 145.0 ], [ 92.0, 176.0 ], [ 31.0, 281.0 ], [ 204.0, 278.0 ], [ 389.0, 284.0 ], [ 572.0, 298.0 ], [ 613.0, 258.0 ] ] ] ] } },
    { "type": "Feature", "properties": { "labelrank": 0, "code_hasc": "US.NE", "name": "Nebraska", "admin": "United States of America", "type_en": "State", "region": "Midwest", "woe_id": 2347586, "woe_name": "Nebraska", "longitude": -99, "middle-y": 0.5, "middle-x": 0.43, "woe_label": "Nebraska, US, United States", "fips": "US31", "iso_a2": "US", "latitude": 41, "objectid_1": 3523, "postal": "NE", "type": "State", "id": "US.NE" }, "geometry": { "type": "MultiPolygon", "coordinates": [ [ [ [ -63.0, 619.0 ], [ -46.0, 564.0 ], [ -8.0, 492.0 ], [ -11.0, 448.0 ], [ 16.0, 408.0 ], [ 31.0, 281.0 ], [ 92.0, 176.0 ], [ -134.0, 177.0 ], [ -333.0, 180.0 ], [ -644.0, 193.0 ], [ -817.0, 203.0 ], [ -806.0, 378.0 ], [ -1072.0, 399.0 ], [ -1041.0, 750.0 ], [ -708.0, 725.0 ], [ -466.0, 713.0 ], [ -321.0, 708.0 ], [ -260.0, 669.0 ], [ -238.0, 683.0 ], [ -169.0, 685.0 ], [ -92.0, 647.0 ], [ -63.0, 619.0 ] ] ] ] } },
    { "type": "Feature", "properties": { "labelrank": 0, "code_hasc": "US.OK", "name": "Oklahoma", "admin": "United States of America", "type_en": "State", "region": "South", "woe_id": 2347595, "woe_name": "Oklahoma", "longitude": -97, "middle-y": 0.52, "middle-x": 0.78, "woe_label": "Oklahoma, US, United States", "fips": "US40", "iso_a2": "US", "latitude": 35, "objectid_1": 3524, "postal": "OK", "type": "State", "id": "US.OK" }, "geometry": { "type": "MultiPolygon", "coordinates": [ [ [ [ 196.0, -438.0 ], [ 225.0, -633.0 ], [ 224.0, -940.0 ], [ 166.0, -921.0 ], [ 115.0, -885.0 ], [ 95.0, -902.0 ], [ 82.0, -902.0 ], [ 68.0, -899.0 ], [ 59.0, -888.0 ], [ 9.0, -898.0 ], [ -30.0, -921.0 ], [ -126.0, -901.0 ], [ -159.0, -912.0 ], [ -178.0, -894.0 ], [ -186.0, -904.0 ], [ -190.0, -900.0 ], [ -202.0, -908.0 ], [ -247.0, -880.0 ], [ -252.0, -884.0 ], [ -265.0, -897.0 ], [ -343.0, -850.0 ], [ -365.0, -861.0 ], [ -467.0, -830.0 ], [ -467.0, -814.0 ], [ -477.0, -798.0 ], [ -537.0, -799.0 ], [ -539.0, -797.0 ], [ -542.0, -792.0 ], [ -565.0, -768.0 ], [ -582.0, -765.0 ], [ -568.0, -427.0 ], [ -824.0, -413.0 ], [ -861.0, -411.0 ], [ -896.0, -408.0 ], [ -928.0, -406.0 ], [ -954.0, -404.0 ], [ -993.0, -401.0 ], [ -991.0, -379.0 ], [ -988.0, -335.0 ], [ -986.0, -314.0 ], [ -851.0, -323.0 ], [ -619.0, -337.0 ], [ -424.0, -344.0 ], [ -164.0, -350.0 ], [ 195.0, -350.0 ], [ 196.0, -438.0 ] ] ] ] } },
    { "type": "Feature", "properties": { "labelrank": 0, "code_hasc": "US.SD", "name": "South Dakota", "admin": "United States of America", "type_en": "State", "region": "Midwest", "woe_id": 2347600, "woe_name": "South Dakota", "longitude": -100, "middle-y": 0.44, "middle-x": 0.51, "woe_label": "South Dakota, US, United States", "fips": "US46", "iso_a2": "US", "latitude": 44, "objectid_1": 3525, "postal": "SD", "type": "State", "id": "US.SD" }, "geometry": { "type": "MultiPolygon", "coordinates": [ [ [ [ -69.0, 1224.0 ], [ -107.0, 1164.0 ], [ -57.0, 1109.0 ], [ -58.0, 792.0 ], [ -73.0, 743.0 ], [ -59.0, 725.0 ], [ -83.0, 660.0 ], [ -63.0, 619.0 ], [ -92.0, 647.0 ], [ -169.0, 685.0 ], [ -238.0, 683.0 ], [ -260.0, 669.0 ], [ -321.0, 708.0 ], [ -466.0, 713.0 ], [ -708.0, 725.0 ], [ -1041.0, 750.0 ], [ -1010.0, 1102.0 ], [ -994.0, 1268.0 ], [ -788.0, 1251.0 ], [ -587.0, 1239.0 ], [ -414.0, 1231.0 ], [ -69.0, 1224.0 ] ] ] ] } },
    { "type": "Feature", "properties": { "labelrank": 0, "code_hasc": "US.LA", "name": "Louisiana", "admin": "United States of America", "type_en": "State", "region": "South", "woe_id": 2347577, "woe_name": "Louisiana", "longitude": -91, "middle-y": 0.46, "middle-x": 0.34, "woe_label": "Louisiana, US, United States", "fips": "US22", "iso_a2": "US", "latitude": 30, "objectid_1": 3455, "postal": "LA", "type": "State", "id": "US.LA" }, "geometry": { "type": "MultiPolygon", "coordinates": [ [ [ [ 998.0, -1517.0 ], [ 970.0, -1522.0 ], [ 888.0, -1490.0 ], [ 862.0, -1521.0 ], [ 874.0, -1548.0 ], [ 952.0, -1555.0 ], [ 1013.0, -1581.0 ], [ 984.0, -1638.0 ], [ 1089.0, -1697.0 ], [ 1065.0, -1719.0 ], [ 947.0, -1648.0 ], [ 924.0, -1704.0 ], [ 848.0, -1686.0 ], [ 827.0, -1719.0 ], [ 744.0, -1703.0 ], [ 744.0, -1673.0 ], [ 694.0, -1653.0 ], [ 669.0, -1615.0 ], [ 622.0, -1603.0 ], [ 579.0, -1658.0 ], [ 515.0, -1648.0 ], [ 434.0, -1621.0 ], [ 351.0, -1629.0 ], [ 340.0, -1585.0 ], [ 346.0, -1513.0 ], [ 379.0, -1397.0 ], [ 329.0, -1301.0 ], [ 316.0, -1250.0 ], [ 295.0, -1230.0 ], [ 293.0, -1154.0 ], [ 293.0, -1113.0 ], [ 292.0, -1092.0 ], [ 292.0, -1071.0 ], [ 291.0, -1051.0 ], [ 344.0, -1049.0 ], [ 371.0, -1049.0 ], [ 398.0, -1048.0 ], [ 424.0, -1047.0 ], [ 530.0, -1043.0 ], [ 557.0, -1042.0 ], [ 584.0, -1041.0 ], [ 610.0, -1040.0 ], [ 718.0, -1034.0 ], [ 723.0, -1103.0 ], [ 762.0, -1151.0 ], [ 742.0, -1197.0 ], [ 695.0, -1261.0 ], [ 678.0, -1304.0 ], [ 663.0, -1394.0 ], [ 955.0, -1377.0 ], [ 942.0, -1434.0 ], [ 998.0, -1517.0 ] ] ] ] } },
    { "type": "Feature", "properties": { "labelrank": 0, "code_hasc": "US.TX", "name": "Texas", "admin": "United States of America", "type_en": "State", "region": "South", "woe_id": 2347602, "woe_name": "Texas", "longitude": -98, "middle-y": 0.52, "middle-x": 0.69, "woe_label": "Texas, US, United States", "fips": "US48", "iso_a2": "US", "latitude": 31, "objectid_1": 3449, "postal": "TX", "type": "State", "id": "US.TX" }, "geometry": { "type": "MultiPolygon", "coordinates": [ [ [ [ 291.0, -1051.0 ], [ 292.0, -1071.0 ], [ 292.0, -1092.0 ], [ 293.0, -1113.0 ], [ 293.0, -1154.0 ], [ 295.0, -1230.0 ], [ 316.0, -1250.0 ], [ 329.0, -1301.0 ], [ 379.0, -1397.0 ], [ 346.0, -1513.0 ], [ 340.0, -1585.0 ], [ 301.0, -1640.0 ], [ 173.0, -1697.0 ], [ 132.0, -1756.0 ], [ 63.0, -1807.0 ], [ -32.0, -1838.0 ], [ -162.0, -1935.0 ], [ -201.0, -1999.0 ], [ -249.0, -2118.0 ], [ -204.0, -2307.0 ], [ -232.0, -2326.0 ], [ -273.0, -2293.0 ], [ -361.0, -2283.0 ], [ -452.0, -2228.0 ], [ -499.0, -2220.0 ], [ -522.0, -2144.0 ], [ -555.0, -2101.0 ], [ -559.0, -2008.0 ], [ -589.0, -1992.0 ], [ -644.0, -1901.0 ], [ -676.0, -1874.0 ], [ -692.0, -1821.0 ], [ -724.0, -1760.0 ], [ -730.0, -1725.0 ], [ -803.0, -1653.0 ], [ -838.0, -1604.0 ], [ -975.0, -1573.0 ], [ -1036.0, -1594.0 ], [ -1072.0, -1663.0 ], [ -1118.0, -1723.0 ], [ -1142.0, -1718.0 ], [ -1214.0, -1663.0 ], [ -1254.0, -1649.0 ], [ -1322.0, -1584.0 ], [ -1341.0, -1533.0 ], [ -1337.0, -1489.0 ], [ -1378.0, -1398.0 ], [ -1429.0, -1362.0 ], [ -1516.0, -1256.0 ], [ -1539.0, -1244.0 ], [ -1563.0, -1193.0 ], [ -1583.0, -1184.0 ], [ -1591.0, -1173.0 ], [ -1592.0, -1172.0 ], [ -1594.0, -1171.0 ], [ -1596.0, -1170.0 ], [ -1601.0, -1156.0 ], [ -1600.0, -1152.0 ], [ -1601.0, -1148.0 ], [ -1603.0, -1141.0 ], [ -1603.0, -1138.0 ], [ -1563.0, -1143.0 ], [ -1497.0, -1150.0 ], [ -1330.0, -1168.0 ], [ -1197.0, -1180.0 ], [ -1130.0, -1185.0 ], [ -1097.0, -1188.0 ], [ -1064.0, -1191.0 ], [ -1060.0, -1142.0 ], [ -1054.0, -1068.0 ], [ -1051.0, -1044.0 ], [ -1049.0, -1019.0 ], [ -1035.0, -848.0 ], [ -1023.0, -702.0 ], [ -1021.0, -678.0 ], [ -1019.0, -653.0 ], [ -1015.0, -604.0 ], [ -1003.0, -458.0 ], [ -1001.0, -434.0 ], [ -999.0, -409.0 ], [ -999.0, -404.0 ], [ -999.0, -401.0 ], [ -993.0, -401.0 ], [ -954.0, -404.0 ], [ -928.0, -406.0 ], [ -896.0, -408.0 ], [ -861.0, -411.0 ], [ -824.0, -413.0 ], [ -568.0, -427.0 ], [ -582.0, -765.0 ], [ -565.0, -768.0 ], [ -542.0, -792.0 ], [ -539.0, -797.0 ], [ -537.0, -799.0 ], [ -477.0, -798.0 ], [ -467.0, -830.0 ], [ -365.0, -861.0 ], [ -343.0, -850.0 ], [ -265.0, -897.0 ], [ -252.0, -884.0 ], [ -247.0, -880.0 ], [ -202.0, -908.0 ], [ -190.0, -900.0 ], [ -186.0, -904.0 ], [ -178.0, -894.0 ], [ -159.0, -912.0 ], [ -126.0, -901.0 ], [ -30.0, -921.0 ], [ 9.0, -898.0 ], [ 59.0, -888.0 ], [ 68.0, -899.0 ], [ 82.0, -902.0 ], [ 95.0, -902.0 ], [ 115.0, -885.0 ], [ 166.0, -921.0 ], [ 251.0, -949.0 ], [ 288.0, -955.0 ], [ 289.0, -967.0 ], [ 289.0, -988.0 ], [ 291.0, -1051.0 ] ] ] ] } },
    { "type": "Feature", "properties": { "labelrank": 0, "code_hasc": "US.CT", "name": "Connecticut", "admin": "United States of America", "type_en": "State", "region": "Northeast", "woe_id": 2347565, "woe_name": "Connecticut", "longitude": -72, "middle-y": 0.5, "middle-x": 0.48, "woe_label": "Connecticut, US, United States", "fips": "US09", "iso_a2": "US", "latitude": 41, "objectid_1": 3495, "postal": "CT", "type": "State", "id": "US.CT" }, "geometry": { "type": "MultiPolygon", "coordinates": [ [ [ [ 3013.0, 915.0 ], [ 3018.0, 921.0 ], [ 3139.0, 952.0 ], [ 3154.0, 901.0 ], [ 3159.0, 882.0 ], [ 3162.0, 872.0 ], [ 3163.0, 867.0 ], [ 3165.0, 860.0 ], [ 3167.0, 849.0 ], [ 3165.0, 844.0 ], [ 3166.0, 835.0 ], [ 3166.0, 831.0 ], [ 3166.0, 830.0 ], [ 3163.0, 833.0 ], [ 3149.0, 831.0 ], [ 3111.0, 810.0 ], [ 3049.0, 791.0 ], [ 2949.0, 716.0 ], [ 2944.0, 722.0 ], [ 2936.0, 730.0 ], [ 2935.0, 731.0 ], [ 2949.0, 770.0 ], [ 2947.0, 781.0 ], [ 2946.0, 789.0 ], [ 2940.0, 821.0 ], [ 2925.0, 901.0 ], [ 3013.0, 915.0 ] ] ] ] } },
    { "type": "Feature", "properties": { "labelrank": 0, "code_hasc": "US.NH", "name": "New Hampshire", "admin": "United States of America", "type_en": "State", "region": "Northeast", "woe_id": 2347588, "woe_name": "New Hampshire", "longitude": -71, "middle-y": 0.57, "middle-x": 0.38, "woe_label": "New Hampshire, US, United States", "fips": "US33", "iso_a2": "US", "latitude": 43, "objectid_1": 3496, "postal": "NH", "type": "State", "id": "US.NH" }, "geometry": { "type": "MultiPolygon", "coordinates": [ [ [ [ 3023.0, 1050.0 ], [ 3005.0, 1072.0 ], [ 2995.0, 1189.0 ], [ 3007.0, 1238.0 ], [ 3005.0, 1328.0 ], [ 3042.0, 1368.0 ], [ 3036.0, 1471.0 ], [ 3039.0, 1513.0 ], [ 3073.0, 1535.0 ], [ 3076.0, 1526.0 ], [ 3079.0, 1517.0 ], [ 3082.0, 1508.0 ], [ 3088.0, 1490.0 ], [ 3110.0, 1427.0 ], [ 3125.0, 1382.0 ], [ 3140.0, 1337.0 ], [ 3143.0, 1328.0 ], [ 3146.0, 1319.0 ], [ 3152.0, 1301.0 ], [ 3161.0, 1275.0 ], [ 3167.0, 1257.0 ], [ 3170.0, 1248.0 ], [ 3172.0, 1243.0 ], [ 3179.0, 1212.0 ], [ 3227.0, 1167.0 ], [ 3170.0, 1084.0 ], [ 3023.0, 1050.0 ] ] ] ] } },
    { "type": "Feature", "properties": { "labelrank": 0, "code_hasc": "US.RI", "name": "Rhode Island", "admin": "United States of America", "type_en": "State", "region": "Northeast", "woe_id": 2347598, "woe_name": "Rhode Island", "longitude": -71, "middle-y": 0.78, "middle-x": 0.55, "woe_label": "Rhode Island, US, United States", "fips": "US44", "iso_a2": "US", "latitude": 41, "objectid_1": 2084, "postal": "RI", "type": "State", "id": "US.RI" }, "geometry": { "type": "MultiPolygon", "coordinates": [ [ [ [ 3226.0, 919.0 ], [ 3209.0, 851.0 ], [ 3196.0, 848.0 ], [ 3177.0, 836.0 ], [ 3168.0, 831.0 ], [ 3166.0, 830.0 ], [ 3166.0, 831.0 ], [ 3166.0, 835.0 ], [ 3165.0, 844.0 ], [ 3167.0, 849.0 ], [ 3165.0, 860.0 ], [ 3163.0, 867.0 ], [ 3162.0, 872.0 ], [ 3159.0, 882.0 ], [ 3154.0, 901.0 ], [ 3140.0, 950.0 ], [ 3192.0, 965.0 ], [ 3226.0, 919.0 ] ] ] ] } },
    { "type": "Feature", "properties": { "labelrank": 0, "code_hasc": "US.VT", "name": "Vermont", "admin": "United States of America", "type_en": "State", "region": "Northeast", "woe_id": 2347604, "woe_name": "Vermont", "longitude": -72, "middle-y": 0.43, "middle-x": 0.42, "woe_label": "Vermont, US, United States", "fips": "US50", "iso_a2": "US", "latitude": 44, "objectid_1": 3497, "postal": "VT", "type": "State", "id": "US.VT" }, "geometry": { "type": "MultiPolygon", "coordinates": [ [ [ [ 3023.0, 1050.0 ], [ 2967.0, 1037.0 ], [ 2956.0, 1034.0 ], [ 2943.0, 1031.0 ], [ 2937.0, 1030.0 ], [ 2930.0, 1028.0 ], [ 2922.0, 1026.0 ], [ 2921.0, 1026.0 ], [ 2917.0, 1034.0 ], [ 2917.0, 1037.0 ], [ 2917.0, 1046.0 ], [ 2889.0, 1165.0 ], [ 2865.0, 1194.0 ], [ 2860.0, 1207.0 ], [ 2859.0, 1209.0 ], [ 2859.0, 1212.0 ], [ 2859.0, 1214.0 ], [ 2859.0, 1216.0 ], [ 2858.0, 1217.0 ], [ 2854.0, 1223.0 ], [ 2851.0, 1230.0 ], [ 2850.0, 1232.0 ], [ 2849.0, 1237.0 ], [ 2849.0, 1239.0 ], [ 2847.0, 1240.0 ], [ 2844.0, 1243.0 ], [ 2844.0, 1244.0 ], [ 2843.0, 1247.0 ], [ 2844.0, 1249.0 ], [ 2845.0, 1264.0 ], [ 2845.0, 1267.0 ], [ 2844.0, 1270.0 ], [ 2845.0, 1273.0 ], [ 2846.0, 1275.0 ], [ 2847.0, 1276.0 ], [ 2848.0, 1277.0 ], [ 2849.0, 1279.0 ], [ 2847.0, 1291.0 ], [ 2844.0, 1298.0 ], [ 2843.0, 1300.0 ], [ 2843.0, 1301.0 ], [ 2844.0, 1308.0 ], [ 2845.0, 1313.0 ], [ 2844.0, 1316.0 ], [ 2844.0, 1318.0 ], [ 2843.0, 1319.0 ], [ 2843.0, 1320.0 ], [ 2813.0, 1410.0 ], [ 3036.0, 1471.0 ], [ 3042.0, 1368.0 ], [ 3005.0, 1328.0 ], [ 3007.0, 1238.0 ], [ 2995.0, 1189.0 ], [ 3005.0, 1072.0 ], [ 3023.0, 1050.0 ] ] ] ] } },
    { "type": "Feature", "properties": { "labelrank": 0, "code_hasc": "US.AL", "name": "Alabama", "admin": "United States of America", "type_en": "State", "region": "South", "woe_id": 2347559, "woe_name": "Alabama", "longitude": -86, "middle-y": 0.42, "middle-x": 0.47, "woe_label": "Alabama, US, United States", "fips": "US01", "iso_a2": "US", "latitude": 32, "objectid_1": 3460, "postal": "AL", "type": "State", "id": "US.AL" }, "geometry": { "type": "MultiPolygon", "coordinates": [ [ [ [ 1503.0, -620.0 ], [ 1503.0, -621.0 ], [ 1504.0, -624.0 ], [ 1506.0, -632.0 ], [ 1514.0, -660.0 ], [ 1538.0, -742.0 ], [ 1566.0, -838.0 ], [ 1604.0, -970.0 ], [ 1663.0, -1085.0 ], [ 1644.0, -1109.0 ], [ 1636.0, -1166.0 ], [ 1657.0, -1215.0 ], [ 1652.0, -1262.0 ], [ 1674.0, -1308.0 ], [ 1433.0, -1335.0 ], [ 1281.0, -1350.0 ], [ 1278.0, -1373.0 ], [ 1316.0, -1410.0 ], [ 1316.0, -1440.0 ], [ 1294.0, -1478.0 ], [ 1241.0, -1457.0 ], [ 1211.0, -1474.0 ], [ 1167.0, -1469.0 ], [ 1133.0, -1205.0 ], [ 1139.0, -966.0 ], [ 1146.0, -672.0 ], [ 1132.0, -655.0 ], [ 1131.0, -653.0 ], [ 1132.0, -653.0 ], [ 1137.0, -652.0 ], [ 1160.0, -651.0 ], [ 1183.0, -649.0 ], [ 1227.0, -645.0 ], [ 1341.0, -637.0 ], [ 1387.0, -632.0 ], [ 1432.0, -627.0 ], [ 1454.0, -625.0 ], [ 1477.0, -622.0 ], [ 1503.0, -620.0 ] ] ] ] } },
    { "type": "Feature", "properties": { "labelrank": 0, "code_hasc": "US.FL", "name": "Florida", "admin": "United States of America", "type_en": "State", "region": "South", "woe_id": 2347568, "woe_name": "Florida", "longitude": -81, "middle-y": 0.5, "middle-x": 0.77, "woe_label": "Florida, US, United States", "fips": "US12", "iso_a2": "US", "latitude": 28, "objectid_1": 3447, "postal": "FL", "type": "State", "id": "US.FL" }, "geometry": { "type": "MultiPolygon", "coordinates": [ [ [ [ 2212.0, -1284.0 ], [ 2275.0, -1439.0 ], [ 2348.0, -1557.0 ], [ 2410.0, -1630.0 ], [ 2397.0, -1675.0 ], [ 2474.0, -1790.0 ], [ 2554.0, -1931.0 ], [ 2569.0, -2097.0 ], [ 2549.0, -2149.0 ], [ 2541.0, -2223.0 ], [ 2438.0, -2259.0 ], [ 2380.0, -2148.0 ], [ 2295.0, -2104.0 ], [ 2276.0, -2043.0 ], [ 2192.0, -1984.0 ], [ 2119.0, -1873.0 ], [ 2118.0, -1840.0 ], [ 2083.0, -1823.0 ], [ 2082.0, -1757.0 ], [ 2095.0, -1709.0 ], [ 2086.0, -1629.0 ], [ 2047.0, -1584.0 ], [ 2020.0, -1589.0 ], [ 1952.0, -1535.0 ], [ 1901.0, -1472.0 ], [ 1844.0, -1446.0 ], [ 1806.0, -1454.0 ], [ 1720.0, -1530.0 ], [ 1655.0, -1544.0 ], [ 1644.0, -1510.0 ], [ 1591.0, -1475.0 ], [ 1480.0, -1441.0 ], [ 1316.0, -1440.0 ], [ 1316.0, -1410.0 ], [ 1278.0, -1373.0 ], [ 1281.0, -1350.0 ], [ 1433.0, -1335.0 ], [ 1674.0, -1308.0 ], [ 1701.0, -1355.0 ], [ 1984.0, -1337.0 ], [ 2104.0, -1327.0 ], [ 2147.0, -1275.0 ], [ 2212.0, -1284.0 ] ] ] ] } },
    { "type": "Feature", "properties": { "labelrank": 0, "code_hasc": "US.GA", "name": "Georgia", "admin": "United States of America", "type_en": "State", "region": "South", "woe_id": 2347569, "woe_name": "Georgia", "longitude": -83, "middle-y": 0.52, "middle-x": 0.43, "woe_label": "Georgia, US, United States", "fips": "US13", "iso_a2": "US", "latitude": 32, "objectid_1": 1924, "postal": "GA", "type": "State", "id": "US.GA" }, "geometry": { "type": "MultiPolygon", "coordinates": [ [ [ [ 2265.0, -1038.0 ], [ 2229.0, -1100.0 ], [ 2213.0, -1157.0 ], [ 2231.0, -1180.0 ], [ 2205.0, -1239.0 ], [ 2212.0, -1284.0 ], [ 2147.0, -1275.0 ], [ 2104.0, -1327.0 ], [ 1984.0, -1337.0 ], [ 1701.0, -1355.0 ], [ 1674.0, -1308.0 ], [ 1652.0, -1262.0 ], [ 1657.0, -1215.0 ], [ 1636.0, -1166.0 ], [ 1644.0, -1109.0 ], [ 1663.0, -1085.0 ], [ 1604.0, -970.0 ], [ 1566.0, -838.0 ], [ 1538.0, -742.0 ], [ 1514.0, -660.0 ], [ 1506.0, -632.0 ], [ 1504.0, -624.0 ], [ 1503.0, -621.0 ], [ 1503.0, -620.0 ], [ 1536.0, -616.0 ], [ 1554.0, -614.0 ], [ 1572.0, -611.0 ], [ 1609.0, -607.0 ], [ 1687.0, -597.0 ], [ 1860.0, -571.0 ], [ 1833.0, -627.0 ], [ 1911.0, -660.0 ], [ 1965.0, -740.0 ], [ 2073.0, -814.0 ], [ 2105.0, -863.0 ], [ 2144.0, -878.0 ], [ 2172.0, -947.0 ], [ 2206.0, -967.0 ], [ 2236.0, -1033.0 ], [ 2265.0, -1038.0 ] ] ] ] } },
    { "type": "Feature", "properties": { "labelrank": 0, "code_hasc": "US.MS", "name": "Mississippi", "admin": "United States of America", "type_en": "State", "region": "South", "woe_id": 2347583, "woe_name": "Mississippi", "longitude": -89, "middle-y": 0.48, "middle-x": 0.51, "woe_label": "Mississippi, US, United States", "fips": "US28", "iso_a2": "US", "latitude": 32, "objectid_1": 3459, "postal": "MS", "type": "State", "id": "US.MS" }, "geometry": { "type": "MultiPolygon", "coordinates": [ [ [ [ 1132.0, -655.0 ], [ 1146.0, -672.0 ], [ 1139.0, -966.0 ], [ 1133.0, -1205.0 ], [ 1167.0, -1469.0 ], [ 1116.0, -1479.0 ], [ 1086.0, -1466.0 ], [ 998.0, -1517.0 ], [ 942.0, -1434.0 ], [ 955.0, -1377.0 ], [ 663.0, -1394.0 ], [ 678.0, -1304.0 ], [ 695.0, -1261.0 ], [ 742.0, -1197.0 ], [ 762.0, -1151.0 ], [ 723.0, -1103.0 ], [ 718.0, -1034.0 ], [ 727.0, -1010.0 ], [ 725.0, -989.0 ], [ 722.0, -985.0 ], [ 716.0, -984.0 ], [ 713.0, -980.0 ], [ 706.0, -943.0 ], [ 708.0, -912.0 ], [ 720.0, -898.0 ], [ 727.0, -896.0 ], [ 729.0, -892.0 ], [ 721.0, -861.0 ], [ 747.0, -852.0 ], [ 749.0, -851.0 ], [ 751.0, -848.0 ], [ 750.0, -841.0 ], [ 757.0, -808.0 ], [ 767.0, -801.0 ], [ 764.0, -791.0 ], [ 765.0, -790.0 ], [ 768.0, -792.0 ], [ 776.0, -791.0 ], [ 789.0, -781.0 ], [ 786.0, -743.0 ], [ 825.0, -677.0 ], [ 843.0, -676.0 ], [ 862.0, -675.0 ], [ 900.0, -673.0 ], [ 975.0, -667.0 ], [ 1069.0, -660.0 ], [ 1106.0, -657.0 ], [ 1125.0, -656.0 ], [ 1132.0, -655.0 ] ] ] ] } },
    { "type": "Feature", "properties": { "labelrank": 0, "code_hasc": "US.SC", "name": "South Carolina", "admin": "United States of America", "type_en": "State", "region": "South", "woe_id": 2347599, "woe_name": "South Carolina", "longitude": -80, "middle-y": 0.35, "middle-x": 0.54, "woe_label": "South Carolina, US, United States", "fips": "US45", "iso_a2": "US", "latitude": 33, "objectid_1": 3498, "postal": "SC", "type": "State", "id": "US.SC" }, "geometry": { "type": "MultiPolygon", "coordinates": [ [ [ [ 2547.0, -655.0 ], [ 2502.0, -707.0 ], [ 2478.0, -792.0 ], [ 2379.0, -915.0 ], [ 2323.0, -948.0 ], [ 2322.0, -969.0 ], [ 2265.0, -1038.0 ], [ 2236.0, -1033.0 ], [ 2206.0, -967.0 ], [ 2172.0, -947.0 ], [ 2144.0, -878.0 ], [ 2105.0, -863.0 ], [ 2073.0, -814.0 ], [ 1965.0, -740.0 ], [ 1911.0, -660.0 ], [ 1833.0, -627.0 ], [ 1860.0, -571.0 ], [ 1974.0, -518.0 ], [ 2148.0, -499.0 ], [ 2194.0, -526.0 ], [ 2200.0, -549.0 ], [ 2362.0, -526.0 ], [ 2547.0, -655.0 ] ] ] ] } },
    { "type": "Feature", "properties": { "labelrank": 0, "code_hasc": "US.IL", "name": "Illinois", "admin": "United States of America", "type_en": "State", "region": "Midwest", "woe_id": 2347572, "woe_name": "Illinois", "longitude": -89, "middle-y": 0.45, "middle-x": 0.56, "woe_label": "Illinois, US, United States", "fips": "US17", "iso_a2": "US", "latitude": 39, "objectid_1": 3499, "postal": "IL", "type": "State", "id": "US.IL" }, "geometry": { "type": "MultiPolygon", "coordinates": [ [ [ [ 1039.757774928994195, 660.228147962861385 ], [ 1056.978204698535819, 596.266551675992105 ], [ 1092.073243367226723, 542.028764642560645 ], [ 1117.002438832515963, 525.409300999034485 ], [ 1132.0, 352.0 ], [ 1153.0, 117.0 ], [ 1139.0, 80.0 ], [ 1166.0, 13.0 ], [ 1152.0, -31.0 ], [ 1104.0, -118.0 ], [ 1108.0, -161.0 ], [ 1106.0, -171.0 ], [ 1097.0, -181.0 ], [ 1094.0, -188.0 ], [ 1094.0, -192.0 ], [ 1095.0, -195.0 ], [ 1098.0, -200.0 ], [ 1107.0, -212.0 ], [ 1102.0, -220.0 ], [ 1077.0, -227.0 ], [ 1069.0, -232.0 ], [ 1057.0, -234.0 ], [ 1055.0, -236.0 ], [ 1050.0, -248.0 ], [ 1052.0, -261.0 ], [ 1063.0, -278.0 ], [ 1061.0, -291.0 ], [ 1057.0, -295.0 ], [ 996.0, -274.0 ], [ 969.0, -318.0 ], [ 966.0, -317.0 ], [ 961.0, -319.0 ], [ 951.0, -308.0 ], [ 940.0, -314.0 ], [ 909.0, -272.0 ], [ 917.0, -241.0 ], [ 900.0, -197.0 ], [ 818.0, -146.0 ], [ 777.0, -99.0 ], [ 799.0, -38.0 ], [ 798.0, 5.0 ], [ 726.0, 20.0 ], [ 707.0, 76.0 ], [ 630.0, 141.0 ], [ 604.0, 221.0 ], [ 613.0, 258.0 ], [ 671.0, 361.0 ], [ 653.0, 403.0 ], [ 663.0, 446.0 ], [ 701.0, 451.0 ], [ 746.0, 481.0 ], [ 763.0, 519.0 ], [ 764.0, 573.0 ], [ 698.0, 638.0 ], [ 1039.757774928994195, 660.228147962861385 ] ] ] ] } },
    { "type": "Feature", "properties": { "labelrank": 0, "code_hasc": "US.IN", "name": "Indiana", "admin": "United States of America", "type_en": "State", "region": "Midwest", "woe_id": 2347573, "woe_name": "Indiana", "longitude": -86, "middle-y": 0.43, "middle-x": 0.49, "woe_label": "Indiana, US, United States", "fips": "US18", "iso_a2": "US", "latitude": 39, "objectid_1": 3500, "postal": "IN", "type": "State", "id": "US.IN" }, "geometry": { "type": "MultiPolygon", "coordinates": [ [ [ [ 1117.002438832515963, 525.409300999034485 ], [ 1139.930114279077998, 510.12418403465972 ], [ 1181.406069069349087, 526.076474338610296 ], [ 1196.890732486115667, 545.432303609568407 ], [ 1472.0, 576.0 ], [ 1473.0, 565.0 ], [ 1494.0, 395.0 ], [ 1527.0, 111.0 ], [ 1524.0, 109.0 ], [ 1521.0, 104.0 ], [ 1522.0, 98.0 ], [ 1528.0, 93.0 ], [ 1536.0, 76.0 ], [ 1537.0, 74.0 ], [ 1535.0, 70.0 ], [ 1533.0, 68.0 ], [ 1533.0, 64.0 ], [ 1534.0, 57.0 ], [ 1510.0, 51.0 ], [ 1491.0, 37.0 ], [ 1486.0, 35.0 ], [ 1408.0, -46.0 ], [ 1406.0, -48.0 ], [ 1404.0, -56.0 ], [ 1399.0, -62.0 ], [ 1398.0, -87.0 ], [ 1383.0, -101.0 ], [ 1348.0, -91.0 ], [ 1346.0, -79.0 ], [ 1337.0, -72.0 ], [ 1337.0, -82.0 ], [ 1331.0, -85.0 ], [ 1328.0, -85.0 ], [ 1323.0, -82.0 ], [ 1321.0, -84.0 ], [ 1322.0, -86.0 ], [ 1324.0, -88.0 ], [ 1325.0, -90.0 ], [ 1325.0, -94.0 ], [ 1315.0, -104.0 ], [ 1315.0, -120.0 ], [ 1287.0, -127.0 ], [ 1282.0, -124.0 ], [ 1279.0, -120.0 ], [ 1277.0, -115.0 ], [ 1275.0, -112.0 ], [ 1270.0, -115.0 ], [ 1260.0, -124.0 ], [ 1245.0, -133.0 ], [ 1241.0, -149.0 ], [ 1191.0, -129.0 ], [ 1141.0, -146.0 ], [ 1122.0, -163.0 ], [ 1108.0, -161.0 ], [ 1104.0, -118.0 ], [ 1152.0, -31.0 ], [ 1166.0, 13.0 ], [ 1139.0, 80.0 ], [ 1153.0, 117.0 ], [ 1132.0, 352.0 ], [ 1117.002438832515963, 525.409300999034485 ] ] ] ] } },
    { "type": "Feature", "properties": { "labelrank": 0, "code_hasc": "US.KY", "name": "Kentucky", "admin": "United States of America", "type_en": "State", "region": "South", "woe_id": 2347576, "woe_name": "Kentucky", "longitude": -85, "middle-y": 0.5, "middle-x": 0.65, "woe_label": "Kentucky, US, United States", "fips": "US21", "iso_a2": "US", "latitude": 37, "objectid_1": 3501, "postal": "KY", "type": "State", "id": "US.KY" }, "geometry": { "type": "MultiPolygon", "coordinates": [ [ [ [ 1956.0, -105.0 ], [ 1950.0, -113.0 ], [ 1939.0, -125.0 ], [ 1910.0, -159.0 ], [ 1874.0, -185.0 ], [ 1845.0, -237.0 ], [ 1814.0, -267.0 ], [ 1743.0, -303.0 ], [ 1739.0, -305.0 ], [ 1734.0, -307.0 ], [ 1608.0, -319.0 ], [ 1573.0, -322.0 ], [ 1538.0, -325.0 ], [ 1405.0, -339.0 ], [ 1348.0, -340.0 ], [ 1156.0, -362.0 ], [ 1128.0, -390.0 ], [ 1055.0, -396.0 ], [ 1006.0, -400.0 ], [ 957.0, -404.0 ], [ 933.0, -406.0 ], [ 935.0, -395.0 ], [ 935.0, -393.0 ], [ 937.0, -386.0 ], [ 938.0, -383.0 ], [ 940.0, -381.0 ], [ 944.0, -384.0 ], [ 951.0, -391.0 ], [ 956.0, -392.0 ], [ 960.0, -389.0 ], [ 962.0, -384.0 ], [ 970.0, -362.0 ], [ 970.0, -357.0 ], [ 970.0, -353.0 ], [ 967.0, -347.0 ], [ 967.0, -341.0 ], [ 969.0, -318.0 ], [ 964.0, -313.0 ], [ 961.0, -309.0 ], [ 960.0, -304.0 ], [ 996.0, -274.0 ], [ 1057.0, -295.0 ], [ 1061.0, -291.0 ], [ 1064.0, -283.0 ], [ 1063.0, -278.0 ], [ 1052.0, -261.0 ], [ 1055.0, -236.0 ], [ 1057.0, -234.0 ], [ 1069.0, -232.0 ], [ 1077.0, -227.0 ], [ 1102.0, -220.0 ], [ 1094.0, -192.0 ], [ 1094.0, -188.0 ], [ 1097.0, -181.0 ], [ 1106.0, -171.0 ], [ 1108.0, -161.0 ], [ 1128.0, -155.0 ], [ 1141.0, -146.0 ], [ 1191.0, -129.0 ], [ 1241.0, -149.0 ], [ 1245.0, -133.0 ], [ 1252.0, -125.0 ], [ 1260.0, -124.0 ], [ 1270.0, -115.0 ], [ 1275.0, -112.0 ], [ 1277.0, -115.0 ], [ 1279.0, -120.0 ], [ 1282.0, -124.0 ], [ 1287.0, -127.0 ], [ 1315.0, -120.0 ], [ 1315.0, -104.0 ], [ 1325.0, -94.0 ], [ 1325.0, -90.0 ], [ 1328.0, -85.0 ], [ 1331.0, -85.0 ], [ 1337.0, -82.0 ], [ 1337.0, -72.0 ], [ 1346.0, -79.0 ], [ 1383.0, -101.0 ], [ 1398.0, -87.0 ], [ 1399.0, -62.0 ], [ 1404.0, -56.0 ], [ 1406.0, -48.0 ], [ 1408.0, -46.0 ], [ 1486.0, 35.0 ], [ 1491.0, 37.0 ], [ 1510.0, 51.0 ], [ 1534.0, 57.0 ], [ 1533.0, 64.0 ], [ 1533.0, 68.0 ], [ 1535.0, 70.0 ], [ 1537.0, 74.0 ], [ 1536.0, 76.0 ], [ 1527.0, 76.0 ], [ 1523.0, 79.0 ], [ 1528.0, 93.0 ], [ 1522.0, 98.0 ], [ 1521.0, 104.0 ], [ 1524.0, 109.0 ], [ 1527.0, 111.0 ], [ 1534.0, 117.0 ], [ 1536.0, 119.0 ], [ 1537.0, 121.0 ], [ 1540.0, 121.0 ], [ 1578.0, 118.0 ], [ 1596.0, 108.0 ], [ 1609.0, 90.0 ], [ 1612.0, 84.0 ], [ 1613.0, 77.0 ], [ 1615.0, 74.0 ], [ 1618.0, 72.0 ], [ 1711.0, 66.0 ], [ 1714.0, 66.0 ], [ 1717.0, 65.0 ], [ 1724.0, 62.0 ], [ 1735.0, 61.0 ], [ 1745.0, 52.0 ], [ 1798.0, 85.0 ], [ 1811.0, 59.0 ], [ 1829.0, 52.0 ], [ 1841.0, 44.0 ], [ 1847.0, 35.0 ], [ 1847.0, 33.0 ], [ 1848.0, 32.0 ], [ 1848.0, 27.0 ], [ 1848.0, 26.0 ], [ 1848.0, 26.0 ], [ 1849.0, 25.0 ], [ 1852.0, 19.0 ], [ 1853.0, 17.0 ], [ 1853.0, 16.0 ], [ 1854.0, 5.0 ], [ 1851.0, 3.0 ], [ 1851.0, -4.0 ], [ 1850.0, -6.0 ], [ 1848.0, -8.0 ], [ 1847.0, -10.0 ], [ 1848.0, -13.0 ], [ 1861.0, -26.0 ], [ 1865.0, -32.0 ], [ 1874.0, -46.0 ], [ 1885.0, -54.0 ], [ 1886.0, -57.0 ], [ 1887.0, -62.0 ], [ 1889.0, -65.0 ], [ 1899.0, -73.0 ], [ 1902.0, -77.0 ], [ 1907.0, -86.0 ], [ 1956.0, -105.0 ] ] ] ] } },
    { "type": "Feature", "properties": { "labelrank": 0, "code_hasc": "US.NC", "name": "North Carolina", "admin": "United States of America", "type_en": "State", "region": "South", "woe_id": 2347592, "woe_name": "North Carolina", "longitude": -78, "middle-y": 0.5, "middle-x": 0.62, "woe_label": "North Carolina, US, United States", "fips": "US37", "iso_a2": "US", "latitude": 35, "objectid_1": 3303, "postal": "NC", "type": "State", "id": "US.NC" }, "geometry": { "type": "MultiPolygon", "coordinates": [ [ [ [ 2810.0, -121.0 ], [ 2832.0, -142.0 ], [ 2809.0, -221.0 ], [ 2857.0, -213.0 ], [ 2881.0, -235.0 ], [ 2839.0, -331.0 ], [ 2796.0, -330.0 ], [ 2791.0, -454.0 ], [ 2716.0, -483.0 ], [ 2675.0, -524.0 ], [ 2642.0, -578.0 ], [ 2639.0, -623.0 ], [ 2547.0, -655.0 ], [ 2362.0, -526.0 ], [ 2200.0, -549.0 ], [ 2194.0, -526.0 ], [ 2148.0, -499.0 ], [ 1974.0, -518.0 ], [ 1860.0, -571.0 ], [ 1687.0, -597.0 ], [ 1687.0, -589.0 ], [ 1686.0, -580.0 ], [ 1685.0, -558.0 ], [ 1759.0, -485.0 ], [ 1791.0, -480.0 ], [ 1870.0, -400.0 ], [ 1961.0, -350.0 ], [ 1978.0, -358.0 ], [ 2018.0, -297.0 ], [ 2019.0, -276.0 ], [ 2020.0, -272.0 ], [ 2024.0, -260.0 ], [ 2086.0, -257.0 ], [ 2246.0, -235.0 ], [ 2465.0, -194.0 ], [ 2810.0, -121.0 ] ] ] ] } },
    { "type": "Feature", "properties": { "labelrank": 0, "code_hasc": "US.OH", "name": "Ohio", "admin": "United States of America", "type_en": "State", "region": "Midwest", "woe_id": 2347594, "woe_name": "Ohio", "longitude": -82, "middle-y": 0.53, "middle-x": 0.45, "woe_label": "Ohio, US, United States", "fips": "US39", "iso_a2": "US", "latitude": 40, "objectid_1": 3502, "postal": "OH", "type": "State", "id": "US.OH" }, "geometry": { "type": "MultiPolygon", "coordinates": [ [ [ [ 2063.0, 466.0 ], [ 2062.0, 408.0 ], [ 2046.0, 281.0 ], [ 2006.0, 233.0 ], [ 1941.0, 187.0 ], [ 1943.0, 140.0 ], [ 1904.0, 147.0 ], [ 1882.0, 44.0 ], [ 1847.0, 35.0 ], [ 1811.0, 59.0 ], [ 1798.0, 85.0 ], [ 1745.0, 52.0 ], [ 1735.0, 61.0 ], [ 1724.0, 62.0 ], [ 1717.0, 65.0 ], [ 1714.0, 66.0 ], [ 1711.0, 66.0 ], [ 1665.0, 70.0 ], [ 1618.0, 72.0 ], [ 1615.0, 74.0 ], [ 1613.0, 77.0 ], [ 1609.0, 90.0 ], [ 1596.0, 108.0 ], [ 1578.0, 118.0 ], [ 1552.0, 111.0 ], [ 1540.0, 121.0 ], [ 1537.0, 121.0 ], [ 1536.0, 119.0 ], [ 1534.0, 117.0 ], [ 1527.0, 111.0 ], [ 1494.0, 395.0 ], [ 1473.0, 565.0 ], [ 1654.0, 596.0 ], [ 1686.0, 636.0 ], [ 1747.0, 599.0 ], [ 1785.0, 604.0 ], [ 1919.0, 720.0 ], [ 2013.0, 756.0 ], [ 2063.0, 466.0 ] ] ] ] } },
    { "type": "Feature", "properties": { "labelrank": 0, "code_hasc": "US.TN", "name": "Tennessee", "admin": "United States of America", "type_en": "State", "region": "South", "woe_id": 2347601, "woe_name": "Tennessee", "longitude": -86, "middle-y": 0.54, "middle-x": 0.43, "woe_label": "Tennessee, US, United States", "fips": "US47", "iso_a2": "US", "latitude": 35, "objectid_1": 3503, "postal": "TN", "type": "State", "id": "US.TN" }, "geometry": { "type": "MultiPolygon", "coordinates": [ [ [ [ 825.0, -677.0 ], [ 854.0, -642.0 ], [ 849.0, -608.0 ], [ 874.0, -578.0 ], [ 869.0, -545.0 ], [ 896.0, -496.0 ], [ 897.0, -453.0 ], [ 933.0, -406.0 ], [ 1128.0, -390.0 ], [ 1156.0, -362.0 ], [ 1348.0, -340.0 ], [ 1405.0, -339.0 ], [ 1538.0, -325.0 ], [ 1573.0, -322.0 ], [ 1608.0, -319.0 ], [ 1734.0, -307.0 ], [ 1739.0, -305.0 ], [ 1743.0, -303.0 ], [ 1984.0, -269.0 ], [ 1990.0, -264.0 ], [ 2011.0, -262.0 ], [ 2024.0, -260.0 ], [ 2018.0, -297.0 ], [ 1978.0, -358.0 ], [ 1961.0, -350.0 ], [ 1870.0, -400.0 ], [ 1791.0, -480.0 ], [ 1759.0, -485.0 ], [ 1685.0, -558.0 ], [ 1686.0, -580.0 ], [ 1687.0, -589.0 ], [ 1687.0, -597.0 ], [ 1609.0, -607.0 ], [ 1572.0, -611.0 ], [ 1554.0, -614.0 ], [ 1536.0, -616.0 ], [ 1518.0, -618.0 ], [ 1503.0, -620.0 ], [ 1477.0, -622.0 ], [ 1432.0, -627.0 ], [ 1387.0, -632.0 ], [ 1341.0, -637.0 ], [ 1227.0, -645.0 ], [ 1183.0, -649.0 ], [ 1160.0, -651.0 ], [ 1137.0, -652.0 ], [ 1132.0, -653.0 ], [ 1131.0, -653.0 ], [ 1132.0, -655.0 ], [ 1130.0, -655.0 ], [ 1125.0, -656.0 ], [ 1106.0, -657.0 ], [ 1069.0, -660.0 ], [ 975.0, -667.0 ], [ 900.0, -673.0 ], [ 862.0, -675.0 ], [ 843.0, -676.0 ], [ 825.0, -677.0 ] ] ] ] } },
    { "type": "Feature", "properties": { "labelrank": 0, "code_hasc": "US.VA", "name": "Virginia", "admin": "United States of America", "type_en": "State", "region": "South", "woe_id": 2347605, "woe_name": "Virginia", "longitude": -78, "middle-y": 0.54, "middle-x": 0.64, "woe_label": "Virginia, US, United States", "fips": "US51", "iso_a2": "US", "latitude": 37, "objectid_1": 3475, "postal": "VA", "type": "State", "id": "US.VA" }, "geometry": { "type": "MultiPolygon", "coordinates": [ [ [ [ 2476.0, 308.0 ], [ 2516.0, 279.0 ], [ 2573.0, 257.0 ], [ 2590.0, 221.0 ], [ 2568.0, 206.0 ], [ 2562.0, 168.0 ], [ 2633.0, 133.0 ], [ 2670.0, 137.0 ], [ 2729.0, 105.0 ], [ 2735.0, -7.0 ], [ 2762.0, -57.0 ], [ 2802.0, -57.0 ], [ 2819.0, -119.0 ], [ 2813.0, -120.0 ], [ 2810.0, -121.0 ], [ 2465.0, -194.0 ], [ 2246.0, -235.0 ], [ 2086.0, -257.0 ], [ 2024.0, -260.0 ], [ 1990.0, -264.0 ], [ 1984.0, -269.0 ], [ 1743.0, -303.0 ], [ 1814.0, -267.0 ], [ 1845.0, -237.0 ], [ 1874.0, -185.0 ], [ 1910.0, -159.0 ], [ 1939.0, -125.0 ], [ 1950.0, -113.0 ], [ 1956.0, -105.0 ], [ 1958.0, -106.0 ], [ 1958.0, -107.0 ], [ 1959.0, -108.0 ], [ 1959.0, -112.0 ], [ 1957.0, -119.0 ], [ 1965.0, -132.0 ], [ 1966.0, -133.0 ], [ 1967.0, -134.0 ], [ 1974.0, -138.0 ], [ 1983.0, -146.0 ], [ 2023.0, -153.0 ], [ 2104.0, -125.0 ], [ 2112.0, -118.0 ], [ 2113.0, -116.0 ], [ 2114.0, -114.0 ], [ 2157.0, -85.0 ], [ 2169.0, -90.0 ], [ 2169.0, -89.0 ], [ 2173.0, -85.0 ], [ 2188.0, -72.0 ], [ 2184.0, -42.0 ], [ 2233.0, 73.0 ], [ 2245.0, 131.0 ], [ 2266.0, 115.0 ], [ 2273.0, 114.0 ], [ 2287.0, 112.0 ], [ 2296.0, 111.0 ], [ 2297.0, 111.0 ], [ 2298.0, 112.0 ], [ 2306.0, 129.0 ], [ 2310.0, 151.0 ], [ 2324.0, 191.0 ], [ 2343.0, 185.0 ], [ 2365.0, 215.0 ], [ 2374.0, 226.0 ], [ 2377.0, 236.0 ], [ 2382.0, 248.0 ], [ 2387.0, 253.0 ], [ 2391.0, 261.0 ], [ 2394.0, 313.0 ], [ 2396.0, 311.0 ], [ 2413.0, 302.0 ], [ 2422.0, 298.0 ], [ 2469.0, 273.0 ], [ 2470.0, 275.0 ], [ 2470.0, 278.0 ], [ 2471.0, 283.0 ], [ 2474.0, 297.0 ], [ 2476.0, 305.0 ], [ 2476.0, 307.0 ], [ 2476.0, 308.0 ] ] ] ] } },
    { "type": "Feature", "properties": { "labelrank": 0, "code_hasc": "US.WI", "name": "Wisconsin", "admin": "United States of America", "type_en": "State", "region": "Midwest", "woe_id": 2347608, "woe_name": "Wisconsin", "longitude": -89, "middle-y": 0.38, "middle-x": 0.41, "woe_label": "Wisconsin, US, United States", "fips": "US55", "iso_a2": "US", "latitude": 44, "objectid_1": 3504, "postal": "WI", "type": "State", "id": "US.WI" }, "geometry": { "type": "MultiPolygon", "coordinates": [ [ [ [ 1055.20320304237589, 1159.104568983805166 ], [ 1037.835456333795264, 1132.263505888726286 ], [ 1037.835456333795264, 1100.358925280825588 ], [ 1002.74041766510436, 1081.216176916085033 ], [ 980.407211239573826, 1030.168847943443552 ], [ 1002.74041766510436, 1020.597473761073388 ], [ 1037.835456333795264, 1065.263886612134456 ], [ 1069.740036941696189, 1084.406634976875011 ], [ 1108.0255336711773, 1148.215796192676862 ], [ 1127.168282035917855, 1154.59671231425682 ], [ 1098.454159488806908, 1074.835260794504848 ], [ 1063.359120820116004, 995.073809274752648 ], [ 1066.549578880906211, 953.597854484481559 ], [ 1044.216372455375449, 928.074189998160819 ], [ 1050.597288576955634, 873.836402964729359 ], [ 1028.2640821514251, 816.408157870507921 ], [ 1037.835456333795264, 746.218080533126113 ], [ 1034.644998273005285, 679.218461256534283 ], [ 1039.757774928994195, 660.228147962861385 ], [ 698.0, 638.0 ], [ 688.0, 663.0 ], [ 643.0, 676.0 ], [ 610.0, 808.0 ], [ 600.0, 881.0 ], [ 552.0, 906.0 ], [ 493.0, 968.0 ], [ 401.0, 1021.0 ], [ 401.0, 1078.0 ], [ 415.0, 1143.0 ], [ 388.0, 1165.0 ], [ 408.0, 1226.0 ], [ 457.0, 1258.0 ], [ 453.0, 1360.0 ], [ 482.0302605465277, 1375.403811718565748 ], [ 492.267127938690919, 1365.166944326402472 ], [ 610.314076187924002, 1428.976105542204095 ], [ 594.361785883973653, 1371.547860447982657 ], [ 632.647282613454536, 1387.500150751933234 ], [ 674.123237403725625, 1361.976486265612493 ], [ 687.232245911259042, 1367.802712268960704 ], [ 684.0, 1359.0 ], [ 722.0, 1318.0 ], [ 847.0, 1292.0 ], [ 884.0, 1275.0 ], [ 974.0, 1263.0 ], [ 1016.0, 1224.0 ], [ 1018.0, 1189.0 ], [ 1055.20320304237589, 1159.104568983805166 ] ] ] ] } },
    { "type": "Feature", "properties": { "labelrank": 0, "code_hasc": "US.WV", "name": "West Virginia", "admin": "United States of America", "type_en": "State", "region": "South", "woe_id": 2347607, "woe_name": "West Virginia", "longitude": -80, "middle-y": 0.56, "middle-x": 0.35, "woe_label": "West Virginia, US, United States", "fips": "US54", "iso_a2": "US", "latitude": 38, "objectid_1": 3505, "postal": "WV", "type": "State", "id": "US.WV" }, "geometry": { "type": "MultiPolygon", "coordinates": [ [ [ [ 2230.0, 330.0 ], [ 2245.0, 241.0 ], [ 2333.0, 323.0 ], [ 2410.0, 361.0 ], [ 2463.0, 333.0 ], [ 2464.0, 331.0 ], [ 2465.0, 329.0 ], [ 2465.0, 325.0 ], [ 2471.0, 323.0 ], [ 2473.0, 321.0 ], [ 2476.0, 308.0 ], [ 2476.0, 307.0 ], [ 2476.0, 305.0 ], [ 2474.0, 297.0 ], [ 2471.0, 283.0 ], [ 2470.0, 278.0 ], [ 2470.0, 275.0 ], [ 2469.0, 273.0 ], [ 2422.0, 298.0 ], [ 2413.0, 302.0 ], [ 2396.0, 311.0 ], [ 2394.0, 313.0 ], [ 2391.0, 261.0 ], [ 2387.0, 253.0 ], [ 2382.0, 248.0 ], [ 2377.0, 236.0 ], [ 2374.0, 226.0 ], [ 2365.0, 215.0 ], [ 2343.0, 185.0 ], [ 2324.0, 191.0 ], [ 2310.0, 151.0 ], [ 2306.0, 129.0 ], [ 2298.0, 112.0 ], [ 2297.0, 111.0 ], [ 2296.0, 111.0 ], [ 2287.0, 112.0 ], [ 2273.0, 114.0 ], [ 2266.0, 115.0 ], [ 2245.0, 131.0 ], [ 2233.0, 73.0 ], [ 2184.0, -42.0 ], [ 2194.0, -53.0 ], [ 2188.0, -72.0 ], [ 2173.0, -85.0 ], [ 2169.0, -89.0 ], [ 2169.0, -90.0 ], [ 2157.0, -85.0 ], [ 2114.0, -114.0 ], [ 2113.0, -116.0 ], [ 2112.0, -118.0 ], [ 2104.0, -125.0 ], [ 2023.0, -153.0 ], [ 1983.0, -146.0 ], [ 1974.0, -138.0 ], [ 1967.0, -134.0 ], [ 1966.0, -133.0 ], [ 1965.0, -132.0 ], [ 1959.0, -108.0 ], [ 1958.0, -107.0 ], [ 1958.0, -106.0 ], [ 1956.0, -105.0 ], [ 1954.0, -104.0 ], [ 1952.0, -104.0 ], [ 1935.0, -104.0 ], [ 1907.0, -86.0 ], [ 1902.0, -77.0 ], [ 1899.0, -73.0 ], [ 1889.0, -65.0 ], [ 1887.0, -62.0 ], [ 1886.0, -57.0 ], [ 1885.0, -54.0 ], [ 1874.0, -46.0 ], [ 1848.0, -13.0 ], [ 1847.0, -11.0 ], [ 1847.0, -10.0 ], [ 1847.0, -10.0 ], [ 1848.0, -8.0 ], [ 1850.0, -6.0 ], [ 1851.0, -4.0 ], [ 1851.0, 3.0 ], [ 1854.0, 5.0 ], [ 1853.0, 10.0 ], [ 1853.0, 14.0 ], [ 1853.0, 16.0 ], [ 1853.0, 17.0 ], [ 1852.0, 19.0 ], [ 1849.0, 25.0 ], [ 1848.0, 26.0 ], [ 1848.0, 26.0 ], [ 1848.0, 27.0 ], [ 1848.0, 32.0 ], [ 1847.0, 33.0 ], [ 1847.0, 35.0 ], [ 1882.0, 44.0 ], [ 1904.0, 147.0 ], [ 1943.0, 140.0 ], [ 1941.0, 187.0 ], [ 2006.0, 233.0 ], [ 2046.0, 281.0 ], [ 2062.0, 408.0 ], [ 2063.0, 466.0 ], [ 2091.0, 305.0 ], [ 2230.0, 330.0 ] ] ] ] } },
    { "type": "Feature", "properties": { "labelrank": 0, "code_hasc": "US.DE", "name": "Delaware", "admin": "United States of America", "type_en": "State", "region": "South", "woe_id": 2347566, "woe_name": "Delaware", "longitude": -75, "middle-y": 0.77, "middle-x": 0.91, "woe_label": "Delaware, US, United States", "fips": "US10", "iso_a2": "US", "latitude": 38, "objectid_1": 3506, "postal": "DE", "type": "State", "id": "US.DE" }, "geometry": { "type": "MultiPolygon", "coordinates": [ [ [ [ 2766.0, 456.0 ], [ 2749.0, 418.0 ], [ 2799.0, 329.0 ], [ 2840.0, 291.0 ], [ 2870.0, 236.0 ], [ 2867.0, 237.0 ], [ 2865.0, 235.0 ], [ 2854.0, 233.0 ], [ 2812.0, 223.0 ], [ 2782.0, 217.0 ], [ 2756.0, 307.0 ], [ 2724.0, 418.0 ], [ 2721.0, 431.0 ], [ 2766.0, 456.0 ] ] ] ] } },
    { "type": "Feature", "properties": { "labelrank": 0, "code_hasc": "US.MD", "name": "Maryland", "admin": "United States of America", "type_en": "State", "region": "South", "woe_id": 2347579, "woe_name": "Maryland", "longitude": -77, "middle-y": 0.27, "middle-x": 0.61, "woe_label": "Maryland, US, United States", "fips": "US24", "iso_a2": "US", "latitude": 39, "objectid_1": 3508, "postal": "MD", "type": "State", "id": "US.MD" }, "geometry": { "type": "MultiPolygon", "coordinates": [ [ [ [ 2843.0, 151.0 ], [ 2808.0, 134.0 ], [ 2779.0, 158.0 ], [ 2716.0, 181.0 ], [ 2714.0, 239.0 ], [ 2685.0, 350.0 ], [ 2651.0, 344.0 ], [ 2667.0, 291.0 ], [ 2655.0, 246.0 ], [ 2670.0, 204.0 ], [ 2710.0, 143.0 ], [ 2623.0, 152.0 ], [ 2603.0, 178.0 ], [ 2569.0, 177.0 ], [ 2591.0, 219.0 ], [ 2603.0, 256.0 ], [ 2573.0, 257.0 ], [ 2516.0, 279.0 ], [ 2476.0, 308.0 ], [ 2476.0, 308.0 ], [ 2473.0, 311.0 ], [ 2473.0, 314.0 ], [ 2473.0, 317.0 ], [ 2473.0, 321.0 ], [ 2471.0, 323.0 ], [ 2465.0, 325.0 ], [ 2463.0, 326.0 ], [ 2465.0, 329.0 ], [ 2463.0, 333.0 ], [ 2410.0, 361.0 ], [ 2333.0, 323.0 ], [ 2245.0, 241.0 ], [ 2230.0, 330.0 ], [ 2276.0, 339.0 ], [ 2323.0, 347.0 ], [ 2338.0, 350.0 ], [ 2353.0, 353.0 ], [ 2369.0, 356.0 ], [ 2492.0, 381.0 ], [ 2553.0, 394.0 ], [ 2599.0, 404.0 ], [ 2614.0, 407.0 ], [ 2630.0, 410.0 ], [ 2645.0, 414.0 ], [ 2721.0, 431.0 ], [ 2756.0, 307.0 ], [ 2782.0, 217.0 ], [ 2812.0, 223.0 ], [ 2865.0, 235.0 ], [ 2865.0, 234.0 ], [ 2865.0, 231.0 ], [ 2864.0, 225.0 ], [ 2868.0, 211.0 ], [ 2843.0, 151.0 ] ] ] ] } },
    { "type": "Feature", "properties": { "labelrank": 0, "code_hasc": "US.NJ", "name": "New Jersey", "admin": "United States of America", "type_en": "State", "region": "Northeast", "woe_id": 2347589, "woe_name": "New Jersey", "longitude": -74, "middle-y": 0.64, "middle-x": 0.68, "woe_label": "New Jersey, US, United States", "fips": "US34", "iso_a2": "US", "latitude": 40, "objectid_1": 3478, "postal": "NJ", "type": "State", "id": "US.NJ" }, "geometry": { "type": "MultiPolygon", "coordinates": [ [ [ [ 2798.0, 744.0 ], [ 2916.0, 706.0 ], [ 2911.0, 655.0 ], [ 2887.0, 610.0 ], [ 2935.0, 591.0 ], [ 2936.0, 477.0 ], [ 2917.0, 446.0 ], [ 2886.0, 349.0 ], [ 2825.0, 360.0 ], [ 2764.0, 397.0 ], [ 2765.0, 451.0 ], [ 2800.0, 476.0 ], [ 2810.0, 504.0 ], [ 2831.0, 527.0 ], [ 2839.0, 532.0 ], [ 2843.0, 539.0 ], [ 2841.0, 542.0 ], [ 2814.0, 561.0 ], [ 2787.0, 578.0 ], [ 2783.0, 591.0 ], [ 2780.0, 595.0 ], [ 2767.0, 594.0 ], [ 2759.0, 626.0 ], [ 2757.0, 665.0 ], [ 2781.0, 708.0 ], [ 2783.0, 725.0 ], [ 2789.0, 736.0 ], [ 2793.0, 740.0 ], [ 2796.0, 741.0 ], [ 2798.0, 743.0 ], [ 2798.0, 744.0 ] ] ] ] } },
    { "type": "Feature", "properties": { "labelrank": 0, "code_hasc": "US.NY", "name": "New York", "admin": "United States of America", "type_en": "State", "region": "Northeast", "woe_id": 2347591, "woe_name": "New York", "longitude": -75, "middle-y": 0.49, "middle-x": 0.54, "woe_label": "New York, US, United States", "fips": "US36", "iso_a2": "US", "latitude": 43, "objectid_1": 2056, "postal": "NY", "type": "State", "id": "US.NY" }, "geometry": { "type": "MultiPolygon", "coordinates": [ [ [ [ 3123.0, 786.0 ], [ 3115.0, 734.0 ], [ 3015.0, 681.0 ], [ 2959.0, 643.0 ], [ 2924.0, 672.0 ], [ 2972.0, 712.0 ], [ 3084.0, 749.0 ], [ 3123.0, 786.0 ] ] ], [ [ [ 2922.0, 1026.0 ], [ 2925.0, 901.0 ], [ 2940.0, 821.0 ], [ 2946.0, 789.0 ], [ 2947.0, 781.0 ], [ 2949.0, 770.0 ], [ 2960.0, 759.0 ], [ 2959.0, 756.0 ], [ 2936.0, 733.0 ], [ 2935.0, 731.0 ], [ 2916.0, 706.0 ], [ 2798.0, 744.0 ], [ 2797.0, 747.0 ], [ 2788.0, 756.0 ], [ 2780.0, 756.0 ], [ 2773.0, 754.0 ], [ 2770.0, 754.0 ], [ 2768.0, 755.0 ], [ 2766.0, 757.0 ], [ 2764.0, 758.0 ], [ 2753.0, 762.0 ], [ 2741.0, 777.0 ], [ 2730.0, 813.0 ], [ 2690.0, 834.0 ], [ 2529.0, 798.0 ], [ 2459.0, 783.0 ], [ 2441.0, 780.0 ], [ 2424.0, 776.0 ], [ 2389.0, 769.0 ], [ 2336.0, 758.0 ], [ 2121.0, 718.0 ], [ 2112.0, 770.0 ], [ 2104.0, 811.0 ], [ 2191.0, 874.0 ], [ 2171.0, 953.0 ], [ 2149.0, 985.0 ], [ 2205.0, 1026.0 ], [ 2437.0, 1072.0 ], [ 2469.0, 1161.0 ], [ 2584.0, 1329.0 ], [ 2628.0, 1366.0 ], [ 2813.0, 1410.0 ], [ 2830.0, 1336.0 ], [ 2843.0, 1320.0 ], [ 2843.0, 1319.0 ], [ 2844.0, 1318.0 ], [ 2844.0, 1316.0 ], [ 2845.0, 1313.0 ], [ 2843.0, 1301.0 ], [ 2843.0, 1300.0 ], [ 2844.0, 1298.0 ], [ 2847.0, 1291.0 ], [ 2849.0, 1286.0 ], [ 2849.0, 1282.0 ], [ 2849.0, 1279.0 ], [ 2848.0, 1277.0 ], [ 2847.0, 1276.0 ], [ 2846.0, 1275.0 ], [ 2845.0, 1273.0 ], [ 2844.0, 1271.0 ], [ 2844.0, 1270.0 ], [ 2845.0, 1267.0 ], [ 2845.0, 1264.0 ], [ 2844.0, 1249.0 ], [ 2843.0, 1247.0 ], [ 2843.0, 1245.0 ], [ 2844.0, 1244.0 ], [ 2844.0, 1243.0 ], [ 2847.0, 1240.0 ], [ 2849.0, 1239.0 ], [ 2849.0, 1237.0 ], [ 2851.0, 1230.0 ], [ 2854.0, 1223.0 ], [ 2858.0, 1217.0 ], [ 2859.0, 1216.0 ], [ 2859.0, 1214.0 ], [ 2859.0, 1212.0 ], [ 2859.0, 1209.0 ], [ 2859.0, 1208.0 ], [ 2860.0, 1207.0 ], [ 2864.0, 1203.0 ], [ 2865.0, 1194.0 ], [ 2889.0, 1165.0 ], [ 2917.0, 1046.0 ], [ 2917.0, 1037.0 ], [ 2917.0, 1034.0 ], [ 2921.0, 1026.0 ], [ 2922.0, 1026.0 ] ] ] ] } },
    { "type": "Feature", "properties": { "labelrank": 0, "code_hasc": "US.PA", "name": "Pennsylvania", "admin": "United States of America", "type_en": "State", "region": "Northeast", "woe_id": 2347597, "woe_name": "Pennsylvania", "longitude": -77, "middle-y": 0.49, "middle-x": 0.5, "woe_label": "Pennsylvania, US, United States", "fips": "US42", "iso_a2": "US", "latitude": 40, "objectid_1": 3509, "postal": "PA", "type": "State", "id": "US.PA" }, "geometry": { "type": "MultiPolygon", "coordinates": [ [ [ [ 2766.0, 456.0 ], [ 2721.0, 431.0 ], [ 2645.0, 414.0 ], [ 2630.0, 410.0 ], [ 2614.0, 407.0 ], [ 2599.0, 404.0 ], [ 2553.0, 394.0 ], [ 2492.0, 381.0 ], [ 2369.0, 356.0 ], [ 2353.0, 353.0 ], [ 2338.0, 350.0 ], [ 2323.0, 347.0 ], [ 2276.0, 339.0 ], [ 2230.0, 330.0 ], [ 2091.0, 305.0 ], [ 2063.0, 466.0 ], [ 2013.0, 756.0 ], [ 2104.0, 811.0 ], [ 2112.0, 770.0 ], [ 2113.0, 759.0 ], [ 2115.0, 749.0 ], [ 2121.0, 718.0 ], [ 2336.0, 758.0 ], [ 2389.0, 769.0 ], [ 2424.0, 776.0 ], [ 2441.0, 780.0 ], [ 2459.0, 783.0 ], [ 2529.0, 798.0 ], [ 2690.0, 834.0 ], [ 2730.0, 813.0 ], [ 2735.0, 805.0 ], [ 2741.0, 777.0 ], [ 2753.0, 762.0 ], [ 2764.0, 758.0 ], [ 2766.0, 757.0 ], [ 2768.0, 755.0 ], [ 2770.0, 754.0 ], [ 2773.0, 754.0 ], [ 2780.0, 756.0 ], [ 2788.0, 756.0 ], [ 2797.0, 747.0 ], [ 2798.0, 744.0 ], [ 2798.0, 743.0 ], [ 2783.0, 725.0 ], [ 2781.0, 708.0 ], [ 2757.0, 665.0 ], [ 2767.0, 594.0 ], [ 2780.0, 595.0 ], [ 2783.0, 591.0 ], [ 2787.0, 578.0 ], [ 2814.0, 561.0 ], [ 2828.0, 549.0 ], [ 2841.0, 542.0 ], [ 2832.0, 528.0 ], [ 2831.0, 527.0 ], [ 2819.0, 516.0 ], [ 2799.0, 494.0 ], [ 2766.0, 456.0 ] ] ] ] } },
    { "type": "Feature", "properties": { "labelrank": 0, "code_hasc": "US.ME", "name": "Maine", "admin": "United States of America", "type_en": "State", "region": "Northeast", "woe_id": 2347578, "woe_name": "Maine", "longitude": -69, "middle-y": 0.4, "middle-x": 0.43, "woe_label": "Maine, US, United States", "fips": "US23", "iso_a2": "US", "latitude": 45, "objectid_1": 397, "postal": "ME", "type": "State", "id": "US.ME" }, "geometry": { "type": "MultiPolygon", "coordinates": [ [ [ [ 3217.0, 1936.0 ], [ 3236.0, 1931.0 ], [ 3310.0, 1982.0 ], [ 3372.0, 1945.0 ], [ 3441.0, 1742.0 ], [ 3491.0, 1718.0 ], [ 3506.0, 1662.0 ], [ 3543.0, 1656.0 ], [ 3591.0, 1603.0 ], [ 3571.0, 1564.0 ], [ 3502.0, 1500.0 ], [ 3454.0, 1497.0 ], [ 3403.0, 1453.0 ], [ 3370.0, 1459.0 ], [ 3374.0, 1390.0 ], [ 3362.0, 1366.0 ], [ 3277.0, 1328.0 ], [ 3254.0, 1292.0 ], [ 3232.0, 1174.0 ], [ 3179.0, 1212.0 ], [ 3174.0, 1230.0 ], [ 3174.0, 1235.0 ], [ 3173.0, 1237.0 ], [ 3172.0, 1243.0 ], [ 3170.0, 1248.0 ], [ 3167.0, 1257.0 ], [ 3161.0, 1275.0 ], [ 3152.0, 1301.0 ], [ 3146.0, 1319.0 ], [ 3143.0, 1328.0 ], [ 3140.0, 1337.0 ], [ 3125.0, 1382.0 ], [ 3110.0, 1427.0 ], [ 3088.0, 1490.0 ], [ 3082.0, 1508.0 ], [ 3079.0, 1517.0 ], [ 3076.0, 1526.0 ], [ 3073.0, 1535.0 ], [ 3109.0, 1575.0 ], [ 3141.0, 1668.0 ], [ 3128.0, 1692.0 ], [ 3139.0, 1759.0 ], [ 3132.0, 1810.0 ], [ 3181.0, 1961.0 ], [ 3217.0, 1936.0 ] ] ] ] } },
    { "type": "Feature", "properties": { "labelrank": 0, "code_hasc": "US.MI", "name": "Michigan", "admin": "United States of America", "type_en": "State", "region": "Midwest", "woe_id": 2347581, "woe_name": "Michigan", "longitude": -84, "middle-y": 0.67, "middle-x": 0.71, "woe_label": "Michigan, US, United States", "fips": "US26", "iso_a2": "US", "latitude": 43, "objectid_1": 3202, "postal": "MI", "type": "State", "id": "US.MI" }, "geometry": { "type": "MultiPolygon", "coordinates": [ [ [ [ 1614.457339371982471, 1269.352293612452286 ], [ 1519.594623513098213, 1282.215034745860294 ], [ 1436.642713932556035, 1282.215034745860294 ], [ 1427.071339750185871, 1253.500912198749575 ], [ 1369.643094655964433, 1285.4054928066505 ], [ 1321.786223744113158, 1294.976866989020664 ], [ 1309.024391500952788, 1275.834118624280109 ], [ 1242.024772224360731, 1272.64366056349013 ], [ 1187.786985190929272, 1227.977247712428834 ], [ 1171.834694886978923, 1218.40587353005867 ], [ 1171.834694886978923, 1253.500912198749575 ], [ 1136.739656218288019, 1253.500912198749575 ], [ 1123.977823975127649, 1227.977247712428834 ], [ 1117.596907853547464, 1247.11999607716939 ], [ 1072.930495002486396, 1186.501292922157745 ], [ 1055.20320304237589, 1159.104568983805166 ], [ 1018.0, 1189.0 ], [ 1016.0, 1224.0 ], [ 974.0, 1263.0 ], [ 884.0, 1275.0 ], [ 847.0, 1292.0 ], [ 722.0, 1318.0 ], [ 684.0, 1359.0 ], [ 687.232245911259042, 1367.802712268960704 ], [ 760.26560504505801, 1400.261982995093604 ], [ 808.122475956909284, 1409.833357177463768 ], [ 843.217514625600188, 1435.357021663784508 ], [ 868.741179111920928, 1473.642518393265391 ], [ 907.026675841401811, 1492.785266758005946 ], [ 954.883546753253086, 1521.499389305116665 ], [ 999.549959604314381, 1534.261221548277035 ], [ 1009.121333786684545, 1534.261221548277035 ], [ 958.074004814043292, 1480.023434514845576 ], [ 926.169424206142367, 1432.166563602994302 ], [ 926.169424206142367, 1406.642899116673561 ], [ 958.074004814043292, 1435.357021663784508 ], [ 999.549959604314381, 1432.166563602994302 ], [ 1047.406830516165655, 1403.452441055883583 ], [ 1076.120953063276374, 1352.405112083242102 ], [ 1104.835075610387094, 1368.357402387192678 ], [ 1152.691946522238368, 1355.595570144032308 ], [ 1194.167901312509457, 1365.166944326402472 ], [ 1245.215230285150938, 1406.642899116673561 ], [ 1305.833933440162582, 1400.261982995093604 ], [ 1385.595384959914554, 1416.214273299043953 ], [ 1388.3101630210042, 1416.642922466584423 ], [ 1395.0, 1406.0 ], [ 1449.0, 1405.0 ], [ 1483.0, 1343.0 ], [ 1523.0, 1358.0 ], [ 1532.0, 1306.0 ], [ 1614.457339371982471, 1269.352293612452286 ] ] ], [ [ [ 1196.890732486115667, 545.432303609568407 ], [ 1206.929733555669827, 557.981054946510994 ], [ 1235.643856102780774, 612.218841979942454 ], [ 1257.977062528311308, 682.408919317324262 ], [ 1254.786604467521101, 758.979912776286483 ], [ 1200.548817434089642, 867.455486843149174 ], [ 1219.691565798830197, 896.169609390260121 ], [ 1200.548817434089642, 937.64556418053121 ], [ 1222.882023859620404, 1001.454725396332833 ], [ 1229.262939981200361, 1058.882970490554271 ], [ 1261.167520589101514, 1087.597093037665218 ], [ 1299.45301731858217, 1132.263505888726286 ], [ 1302.643475379372376, 1065.263886612134456 ], [ 1318.595765683322952, 1068.454344672924663 ], [ 1340.928972108853486, 1157.787170375047026 ], [ 1391.976301081494967, 1170.549002618207396 ], [ 1379.214468838334597, 1192.88220904373793 ], [ 1401.547675263865131, 1234.358163834009019 ], [ 1439.833171993346241, 1227.977247712428834 ], [ 1503.642333209147637, 1202.453583226108094 ], [ 1506.832791269937843, 1180.12037680057756 ], [ 1548.30874606020916, 1180.12037680057756 ], [ 1602.546533093640392, 1157.787170375047026 ], [ 1624.879739519170926, 1100.358925280825588 ], [ 1592.975158911270228, 1116.311215584775937 ], [ 1608.927449215220804, 1071.644802733714641 ], [ 1608.927449215220804, 995.073809274752648 ], [ 1589.784700850480021, 979.121518970802299 ], [ 1583.403784728900064, 931.264648058951025 ], [ 1541.927829938628747, 931.264648058951025 ], [ 1522.785081573888419, 892.979151329469914 ], [ 1577.022868607319651, 861.074570721569216 ], [ 1628.070197579961132, 918.502815815790655 ], [ 1650.403404005491666, 931.264648058951025 ], [ 1707.831649099713104, 928.074189998160819 ], [ 1720.593481342873474, 806.836783688137757 ], [ 1733.355313586033844, 755.789454715496277 ], [ 1735.84566370893026, 756.555716291772114 ], [ 1679.0, 689.0 ], [ 1686.0, 636.0 ], [ 1654.0, 596.0 ], [ 1473.0, 565.0 ], [ 1472.0, 576.0 ], [ 1196.890732486115667, 545.432303609568407 ] ] ] ] } },
    { "type": "Feature", "properties": { "labelrank": 0, "code_hasc": "US.AK", "name": "Alaska", "admin": "United States of America", "type_en": "State", "region": "West", "woe_id": 2347560, "woe_name": "Alaska", "longitude": -151, "middle-y": 0.33, "middle-x": 0.53, "woe_label": "Alaska, US, United States", "fips": "US02", "iso_a2": "US", "latitude": 65, "objectid_1": 500, "postal": "AK", "type": "State", "id": "US.AK" }, "geometry": { "type": "MultiPolygon", "coordinates": [ [ [ [ -3499.853661101904891, -2568.663466378487101 ], [ -3497.819350822815977, -2585.19500553874559 ], [ -3521.752355839349093, -2588.096586681132976 ], [ -3536.98572751832944, -2599.734062411979721 ], [ -3545.010094633989411, -2583.847932752843008 ], [ -3509.107576804274686, -2567.447872922506122 ], [ -3499.853661101904891, -2568.663466378487101 ] ] ], [ [ [ -3431.947047644475333, -2559.592707197768959 ], [ -3421.368215828508255, -2570.262061444204846 ], [ -3418.761830227525024, -2588.86882240485329 ], [ -3494.058139508737895, -2599.033382368834737 ], [ -3479.713082948407646, -2587.761579072975564 ], [ -3464.183645127704949, -2589.998207064511917 ], [ -3431.947047644475333, -2559.592707197768959 ] ] ], [ [ [ -3271.935061202977977, -2523.518527544718381 ], [ -3261.986326438791366, -2551.405337588316797 ], [ -3277.007242234887599, -2559.282640031211486 ], [ -3299.317253750570217, -2551.342981538093682 ], [ -3315.834703105338576, -2561.29923416996462 ], [ -3335.551946684348877, -2555.917470885179682 ], [ -3310.659943915741678, -2525.444770784573393 ], [ -3271.935061202977977, -2523.518527544718381 ] ] ], [ [ [ -1836.442571099347788, -2570.999588663235954 ], [ -1823.067332211554458, -2588.184558049727912 ], [ -1819.6353324328486, -2609.445528558669594 ], [ -1826.435448841158404, -2629.457490061436602 ], [ -1857.235007340560514, -2611.273366350416836 ], [ -1851.975217578101365, -2576.421894021822936 ], [ -1836.442571099347788, -2570.999588663235954 ] ] ], [ [ [ -1943.928759441216243, -2553.64382391620893 ], [ -1925.98936589964751, -2553.274159154677363 ], [ -1918.010305857821322, -2574.08057473043209 ], [ -1903.224307537545883, -2576.579804047305061 ], [ -1882.341418718974182, -2601.590910358513156 ], [ -1883.662421464946419, -2611.77387094033611 ], [ -1862.770512289403541, -2628.472227175754597 ], [ -1855.566284020088915, -2665.351879024114623 ], [ -1885.652648341747408, -2656.525150537228001 ], [ -1888.682208422544591, -2643.965351324201038 ], [ -1916.781659695670214, -2634.972030833026565 ], [ -1913.83400773095218, -2607.555254714316106 ], [ -1928.6352763448524, -2602.555645101524078 ], [ -1924.071467573238351, -2587.041105396313469 ], [ -1928.998586560901458, -2566.365989653158522 ], [ -1943.928759441216243, -2553.64382391620893 ] ] ], [ [ [ -1965.696345259051668, -2516.151906726951438 ], [ -1957.00218407764396, -2521.743161762745785 ], [ -1955.616645732167854, -2548.817671859691927 ], [ -1979.992650130597667, -2532.430872060759157 ], [ -1965.696345259051668, -2516.151906726951438 ] ] ], [ [ [ -1958.128377281853091, -2498.473557822658677 ], [ -1923.724637236530725, -2505.331773990209058 ], [ -1918.633301260770168, -2527.774808417497752 ], [ -1925.816634162503078, -2542.860798160232207 ], [ -1947.724931516726429, -2545.603507845263721 ], [ -1958.128377281853091, -2498.473557822658677 ] ] ], [ [ [ -2030.596204946705484, -2477.081362358187107 ], [ -2008.775436668348675, -2483.657446361401981 ], [ -1991.294078949011691, -2529.826805343202977 ], [ -1989.583220984622585, -2560.081770869408501 ], [ -2008.453292109498307, -2546.26876112773607 ], [ -2024.177322195679153, -2525.284446167739588 ], [ -2023.283026010278718, -2507.737560617963027 ], [ -2040.87104247595471, -2486.012517006683538 ], [ -2030.596204946705484, -2477.081362358187107 ] ] ], [ [ [ -2762.630665029017564, -2415.957931725255548 ], [ -2741.131044129781912, -2420.601373636754943 ], [ -2743.696752392475901, -2440.62147912640512 ], [ -2757.682975199045359, -2467.845283521971396 ], [ -2781.725899363547796, -2467.696194348528479 ], [ -2818.079557046581613, -2500.450247827401654 ], [ -2838.578508620583307, -2477.20153320586769 ], [ -2845.216733764927994, -2447.608716398985052 ], [ -2834.43698698937169, -2435.263632169107041 ], [ -2801.925162544157956, -2418.709411536237894 ], [ -2771.607847928790306, -2424.187922607919973 ], [ -2762.630665029017564, -2415.957931725255548 ] ] ], [ [ [ -2048.958106933536328, -2417.777720817130557 ], [ -2015.101694678114654, -2430.198650712814924 ], [ -2006.095532521501582, -2470.909334643424245 ], [ -2053.187920066272454, -2478.202198603488796 ], [ -2074.840708807213559, -2446.880771689314315 ], [ -2076.807335862778928, -2427.798038988485587 ], [ -2048.958106933536328, -2417.777720817130557 ] ] ], [ [ [ -2017.552096072588483, -2403.148101501285055 ], [ -2006.811236480742537, -2418.046783937657437 ], [ -1989.45802497858358, -2430.996413036780723 ], [ -1970.53429879644591, -2457.131341851622892 ], [ -1964.945098763104397, -2477.169257674154323 ], [ -1988.81862561247749, -2505.935868842504078 ], [ -1990.645457437839468, -2477.326256491165623 ], [ -2000.156373992220097, -2462.063481768205747 ], [ -2017.552096072588483, -2403.148101501285055 ] ] ], [ [ [ -2739.340304311981527, -2376.773885246456757 ], [ -2719.772675703648929, -2387.901177273673056 ], [ -2716.195641093551785, -2398.691042856497461 ], [ -2753.289608308886272, -2412.214459238803101 ], [ -2768.414286451065891, -2395.969891614450262 ], [ -2749.201785239154106, -2389.632619596201494 ], [ -2739.340304311981527, -2376.773885246456757 ] ] ], [ [ [ -2504.648698416940078, -2256.282785952234008 ], [ -2521.943951381849274, -2287.574686167982236 ], [ -2529.745231547336516, -2282.409827266150842 ], [ -2504.648698416940078, -2256.282785952234008 ] ] ], [ [ [ -3222.717505349387011, -2089.934014031389324 ], [ -3210.068981419233296, -2102.665900994816184 ], [ -3215.364326664983309, -2131.700814785907369 ], [ -3245.145879697853616, -2131.209855556868661 ], [ -3273.792583870325871, -2101.011665329487187 ], [ -3236.041995281615527, -2085.158263970353801 ], [ -3222.717505349387011, -2089.934014031389324 ] ] ], [ [ [ -3301.686785936975866, -1756.915974453558647 ], [ -3301.565457343068829, -1769.860955863624895 ], [ -3286.691489205946709, -1785.029012277605034 ], [ -3261.656784724180397, -1785.833607428060077 ], [ -3246.241275108969603, -1837.693732825151073 ], [ -3265.919403402976059, -1843.234381363705324 ], [ -3278.342288186619953, -1807.909252707772566 ], [ -3287.961435411457842, -1794.203215630427167 ], [ -3311.60471009377261, -1794.954587006960082 ], [ -3317.471554286776154, -1773.694009136998375 ], [ -3301.686785936975866, -1756.915974453558647 ] ] ], [ [ [ -2663.748486284245701, -1358.652521566013775 ], [ -2666.391546515053051, -1369.279273602816147 ], [ -2635.993385094593577, -1385.707560973168256 ], [ -2626.968657993847046, -1413.639896382996994 ], [ -2594.377006526035075, -1411.816332401887166 ], [ -2575.98420575595992, -1418.580229114035546 ], [ -2577.988594806087804, -1444.38206169467594 ], [ -2567.273185236399058, -1454.894135822724593 ], [ -2498.45187843681515, -1460.082228787522808 ], [ -2475.015449290001015, -1478.278904025390148 ], [ -2442.840180864264767, -1492.377921262448581 ], [ -2410.1031787707484, -1494.548891054487285 ], [ -2386.081909248180182, -1511.076527314880423 ], [ -2340.248056529469068, -1501.658137013092528 ], [ -2314.6403024008805, -1522.539564010370214 ], [ -2280.179943237032148, -1538.5348008177466 ], [ -2277.770238173149664, -1686.371580811496187 ], [ -2274.954148386768338, -1856.975710394320231 ], [ -2273.620136850580366, -1936.630923606091983 ], [ -2271.610844815400469, -2084.334313762657985 ], [ -2270.044480978287083, -2186.71167681060524 ], [ -2268.674788161361903, -2266.529995744031112 ], [ -2230.180893258616379, -2275.808822891926866 ], [ -2215.79567511469304, -2263.907943385237104 ], [ -2195.233661510210823, -2262.075244172859584 ], [ -2197.538697026113368, -2283.61769915893683 ], [ -2131.830743741902552, -2345.339788779431728 ], [ -2122.545804479737853, -2370.477265866537437 ], [ -2086.487641270561653, -2338.072655683104131 ], [ -2080.674936735906158, -2311.31292739068067 ], [ -2051.564636014747066, -2295.162911295501544 ], [ -2031.164415668094534, -2312.715381899497515 ], [ -2033.414502732748588, -2322.659346499804087 ], [ -2002.335234895066151, -2348.367607820983267 ], [ -1993.238635312418182, -2363.655768847203944 ], [ -1978.265400933100182, -2370.163399279774694 ], [ -1958.936601433257238, -2389.551912112167429 ], [ -1911.494748866618011, -2458.858693122640943 ], [ -1884.380023134427347, -2492.47837713418312 ], [ -1885.576342710831341, -2505.967590123337231 ], [ -1837.32398443039051, -2534.434834306603989 ], [ -1788.95250074128171, -2552.045426485239204 ], [ -1788.827212303551732, -2578.310885989252256 ], [ -1774.655065684139117, -2613.009946844824299 ], [ -1786.174336867581133, -2644.960906652877838 ], [ -1810.582460138859688, -2655.73475661510156 ], [ -1820.672673738657522, -2627.471439089277737 ], [ -1814.217071543153907, -2615.115271172571283 ], [ -1819.580059208301464, -2586.56842127151458 ], [ -1834.553877227363046, -2570.847242934641145 ], [ -1846.042929970886235, -2567.399603049190773 ], [ -1858.436459438208885, -2578.831998299355746 ], [ -1864.153427288139028, -2610.475165251439194 ], [ -1879.718637922774178, -2593.595692015385794 ], [ -1869.121676642974762, -2570.931772295175961 ], [ -1874.088033039755373, -2543.825188385416368 ], [ -1898.406969534378732, -2527.932858754416429 ], [ -1900.35969015366345, -2517.315982554591301 ], [ -1929.832374764356018, -2494.303273520894436 ], [ -1949.967579932202625, -2489.222241577969726 ], [ -1944.902815918633905, -2476.440603376363924 ], [ -1956.244889095722101, -2447.645482922934661 ], [ -2000.237356359047226, -2403.037417724597162 ], [ -2011.408864449226712, -2400.480821864704012 ], [ -2030.394354521365813, -2368.35776132633373 ], [ -2022.366456560467668, -2408.88552739660463 ], [ -2056.271419600854642, -2394.634348276907986 ], [ -2062.73141200945247, -2406.590731564279849 ], [ -2085.418363194485664, -2421.269263660431079 ], [ -2124.621951939661813, -2397.480404196702239 ], [ -2153.868453806423076, -2363.267583245995411 ], [ -2222.322574425716084, -2325.504901591792986 ], [ -2207.963425023522177, -2311.702276600741243 ], [ -2213.977232580785767, -2298.613549978394531 ], [ -2241.106211342686947, -2313.948261144336357 ], [ -2296.700913959560239, -2294.334087846246348 ], [ -2338.207808475907768, -2282.686879026808128 ], [ -2382.213788869025848, -2290.905358366113887 ], [ -2419.630113102876749, -2259.56821216501794 ], [ -2459.106537618403763, -2251.554726648707856 ], [ -2448.559368522928253, -2236.686523195397058 ], [ -2478.973688982379372, -2221.97635361455832 ], [ -2489.190235555341587, -2204.391683522504536 ], [ -2510.803001748864517, -2213.930702202292196 ], [ -2546.706475620832407, -2210.200426688939388 ], [ -2535.887347657025657, -2246.842689560479812 ], [ -2557.285397041728174, -2280.143995118127805 ], [ -2593.316187594659823, -2273.869137786929969 ], [ -2610.100932832191575, -2282.502798963235819 ], [ -2637.043893971582293, -2312.017775278761746 ], [ -2696.40047194326371, -2328.256422056803785 ], [ -2699.599919527827751, -2308.123317813343419 ], [ -2673.433004082145089, -2300.467168296293494 ], [ -2694.684021637285696, -2279.356613164477494 ], [ -2674.178191815007267, -2250.647187022442267 ], [ -2652.384437899619115, -2206.680543258426042 ], [ -2626.42096013570108, -2190.337831603930681 ], [ -2612.147061765537728, -2201.335484821542195 ], [ -2595.441563263744229, -2197.362872627732941 ], [ -2630.358117174054769, -2169.101432670233862 ], [ -2652.645113651571137, -2184.458034211811537 ], [ -2676.300611425058833, -2192.69893270397597 ], [ -2681.945788110373542, -2205.105487601975256 ], [ -2704.066785029096991, -2223.012464838393043 ], [ -2726.518261226655795, -2264.450780642370773 ], [ -2741.467942449526618, -2277.858085096006107 ], [ -2762.68480921515993, -2279.618021982456412 ], [ -2785.87727484017887, -2296.111986214121771 ], [ -2795.10389190552678, -2318.65159150858517 ], [ -2775.840964925911976, -2323.024434423528874 ], [ -2762.533017628306879, -2335.871483128101772 ], [ -2769.446187875103533, -2350.894530036547167 ], [ -2789.741028443420419, -2356.771904984997946 ], [ -2805.90677706815859, -2385.220193082981496 ], [ -2825.783544679447914, -2396.886839380899801 ], [ -2843.725580626699411, -2393.579825941296804 ], [ -2863.76089407552945, -2413.656152075135196 ], [ -2907.540628888747506, -2429.374344871410358 ], [ -2911.896065447833735, -2447.419732021584423 ], [ -2954.153733824173287, -2470.711140714779958 ], [ -2986.987191014987729, -2472.875982073265277 ], [ -3008.80336315624163, -2482.388009623921334 ], [ -3012.812032931259637, -2505.542255441644102 ], [ -3075.892442007495902, -2519.080167969791546 ], [ -3084.199132008543529, -2513.546032890409151 ], [ -3119.352471021859401, -2533.479186867344197 ], [ -3157.068788484500601, -2534.105639707838691 ], [ -3166.254276262847725, -2510.378102824041889 ], [ -3191.832955874484469, -2543.214508786697479 ], [ -3212.390750250051042, -2538.961797940870383 ], [ -3236.372532038784357, -2544.829267496960256 ], [ -3239.611514234493825, -2530.59010938273741 ], [ -3190.469336420202126, -2496.011931131630718 ], [ -3168.867805013154793, -2487.426873464780329 ], [ -3137.280081502842677, -2490.233379392963798 ], [ -3129.174531981444943, -2510.58567003133976 ], [ -3111.826987957290385, -2499.125697065765962 ], [ -3098.219813254079327, -2474.782406576577159 ], [ -3065.605116090750016, -2458.971348686628517 ], [ -3026.760126756144018, -2447.657255078491289 ], [ -2991.124541852986113, -2418.069163209908766 ], [ -2961.437724678913582, -2404.843204359194715 ], [ -2936.929221568665071, -2338.248339390051569 ], [ -2914.579955281537423, -2322.028059921776276 ], [ -2912.676848799933396, -2309.566647711321366 ], [ -2960.318282916894532, -2320.180920713299201 ], [ -2981.67850011710334, -2298.357194420922951 ], [ -2986.55757608552085, -2321.44184017880707 ], [ -2999.78974490984865, -2325.798870924041239 ], [ -3006.331930139262113, -2296.955241139696227 ], [ -3026.722054019658572, -2289.813510460844554 ], [ -3038.022876075977365, -2262.324472909947872 ], [ -3085.188715476317157, -2277.000226425353503 ], [ -3098.66761376796012, -2270.677975152714225 ], [ -3099.682126202731979, -2238.92972573003135 ], [ -3092.730691034936171, -2219.746646431096906 ], [ -3081.104955879638055, -2214.051275101697229 ], [ -3090.149760047585914, -2155.190167614686743 ], [ -3099.971848964061792, -2166.833783699404648 ], [ -3146.277853558029619, -2168.18285184621709 ], [ -3163.39086820520788, -2159.279448546034473 ], [ -3161.962313367662773, -2142.732977462890631 ], [ -3183.232820340034323, -2109.294668172528418 ], [ -3188.633370955217288, -2087.191532160640236 ], [ -3153.479438309010675, -2076.630852962612607 ], [ -3165.690821294262605, -2054.430443349198868 ], [ -3183.930452284280818, -2041.084287525652144 ], [ -3179.761321899144605, -2030.804231679471741 ], [ -3191.557131231698804, -1999.555091985999752 ], [ -3163.201094770843156, -1988.555274793187664 ], [ -3159.066726678519899, -1967.718264401484475 ], [ -3127.995201318903128, -1945.817172877880694 ], [ -3114.091172934900442, -1942.159756034596739 ], [ -3110.048868365472117, -1924.596593977472821 ], [ -3091.825820562595254, -1906.372684139345438 ], [ -3073.68966426825682, -1902.640689669519816 ], [ -3043.896816656190822, -1930.250323483140164 ], [ -3000.016309435085986, -1912.105809574821251 ], [ -2968.172034211653227, -1917.841619875120159 ], [ -2949.421138613146468, -1903.870827466041646 ], [ -2939.756266604802477, -1843.980546164111047 ], [ -2928.919909228458891, -1836.191566093404845 ], [ -2945.960977108331008, -1819.935759990752786 ], [ -2968.283489970038318, -1817.13380068528113 ], [ -2990.518273506368587, -1827.576551772152698 ], [ -3043.82648940545505, -1801.48437857066574 ], [ -3069.999751366955024, -1803.782695632581181 ], [ -3102.826439659314474, -1779.416262704573001 ], [ -3099.574151345285372, -1753.656686294370502 ], [ -3105.881623193232372, -1736.978525023254178 ], [ -3084.642378636387093, -1724.151413440125225 ], [ -3115.341409914144606, -1703.738799967848763 ], [ -3129.802570161417862, -1681.059567004727569 ], [ -3098.007904473719918, -1668.528596946567177 ], [ -3044.474270000050637, -1661.423779563303924 ], [ -3000.541505045327085, -1651.922169687244377 ], [ -2977.572760909989029, -1655.841583340275747 ], [ -2986.906673209633936, -1689.966427139379903 ], [ -2982.798707152219777, -1698.794640581838621 ], [ -2930.257822896563539, -1720.051839248802025 ], [ -2914.726768233686926, -1707.03010493421516 ], [ -2910.939434113953212, -1692.331629940186986 ], [ -2888.138860187455975, -1706.059956469969848 ], [ -2867.38900288392324, -1699.517854686026112 ], [ -2883.955067758865425, -1682.770008223736568 ], [ -2900.189900005173513, -1688.960122169894248 ], [ -2912.621987149994766, -1670.787460291865955 ], [ -2903.157354532097997, -1644.992994223121514 ], [ -2922.007049365681723, -1643.833249827721147 ], [ -2955.384593196421974, -1622.847675684684646 ], [ -2954.665786862765344, -1579.486101000361259 ], [ -2977.516058527987298, -1533.341809233805407 ], [ -2998.538647851743917, -1498.906892486774495 ], [ -2983.973706490998666, -1487.486746325256945 ], [ -2974.583532513967839, -1465.196297857450418 ], [ -2923.120946317159905, -1480.909749160672391 ], [ -2898.830707036941021, -1474.219558489704241 ], [ -2880.174519352422521, -1460.909619230283852 ], [ -2863.264495523884307, -1431.11513082776014 ], [ -2826.766803942396109, -1403.227007700343165 ], [ -2795.970099796813429, -1407.66539838151175 ], [ -2748.965338660390898, -1388.231772431021682 ], [ -2714.662360045279001, -1391.721866163716641 ], [ -2689.910882629251773, -1379.102776654486206 ], [ -2663.748486284245701, -1358.652521566013775 ] ] ] ] } },
    { "type": "Feature", "properties": { "labelrank": 0, "code_hasc": "US.DC", "name": "District of Columbia", "admin": "United States of America", "type_en": "Federal District", "region": "South", "woe_id": 2347567, "woe_name": "District of Columbia", "longitude": -77, "middle-y": null, "middle-x": null, "woe_label": "District of Columbia, US, United States", "fips": "US11", "iso_a2": "US", "latitude": 38, "objectid_1": 3556, "postal": "DC", "type": "Federal District", "id": "US.DC" }, "geometry": { "type": "MultiPolygon", "coordinates": [ [ [ [ 2574.046484375000546, 256.191845703125068 ], [ 2590.86875, 220.958544921875017 ], [ 2602.083593750000546, 255.35073242187508 ], [ 2574.046484375000546, 256.191845703125068 ] ] ] ] } }
  ], "ac-tx": {"default": {"crs": "+proj=lcc +lat_1=33 +lat_2=45 +lat_0=39 +lon_0=-96 +x_0=0 +y_0=0 +datum=NAD83 +units=m +no_defs", "scale": 0.001591646002453476, "xoffset": 0, "yoffset": 0}, "US.AK": {"crs": "+proj=tmerc +lat_0=54 +lon_0=-142 +k=0.9999 +x_0=500000 +y_0=0 +ellps=GRS80 +towgs84=0,0,0,0,0,0,0 +units=m +no_defs", "scale": 0.0007, "yoffset": -2759.337600948428, "crs_name": "urn:ogc:def:crs:EPSG:26932", "heatZone": {"width": 1770.3550289498503, "top": -1358.6525215660138, "height": 1306.6993574581008, "left": -3545.0100946339894}, "xoffset": -2657.2470347872886}, "US.HI": {"crs_name": "urn:ogc:def:crs:EPSG:102007", "crs": "+proj=aea +lat_1=8 +lat_2=18 +lat_0=13 +lon_0=-157 +x_0=0 +y_0=0 +datum=NAD83 +units=m +no_defs", "heatZone": {"width": 823.6167899705433, "top": -2245.5002241286047, "height": 579.3071036846254, "left": -1516.7674552436124}, "xoffset": -1059.1766580551757, "yoffset": -3872.021339875486}}
}
