{"crs": {"type": "name", "properties": {"name": "urn:ogc:def:crs:EPSG:4326"}}, "type": "FeatureCollection", "features": [{"geometry": {"type": "Polygon", "coordinates": [[[-9229, 4742], [-9212, 4742], [-9190, 4743], [-9189, 4721], [-9188, 4694], [-9226, 4693], [-9240, 4693], [-9252, 4692], [-9254, 4712], [-9255, 4731], [-9255, 4741], [-9229, 4742], [-9229, 4742]]]}, "type": "Feature", "properties": {"name": "Oakland County", "stateAbbrev": "MI", "state": "Michigan", "fips": "125", "incits": "26125", "id": "US.MI.125", "population": 1231640}}, {"geometry": {"type": "Polygon", "coordinates": [[[-9190, 4743], [-9177, 4743], [-9155, 4744], [-9150, 4744], [-9149, 4723], [-9146, 4720], [-9148, 4714], [-9148, 4697], [-9151, 4695], [-9164, 4695], [-9188, 4694], [-9189, 4721], [-9190, 4743]]]}, "type": "Feature", "properties": {"name": "Macomb County", "stateAbbrev": "MI", "state": "Michigan", "fips": "099", "incits": "26099", "id": "US.MI.099", "population": 854769}}, {"geometry": {"type": "Polygon", "coordinates": [[[-9192, 4791], [-9192, 4787], [-9179, 4787], [-9178, 4772], [-9178, 4761], [-9177, 4743], [-9190, 4743], [-9212, 4742], [-9229, 4742], [-9230, 4761], [-9230, 4780], [-9230, 4781], [-9218, 4781], [-9218, 4791], [-9192, 4791]]]}, "type": "Feature", "properties": {"name": "Lapeer County", "stateAbbrev": "MI", "state": "Michigan", "fips": "087", "incits": "26087", "id": "US.MI.087", "population": 88389}}, {"geometry": {"type": "Polygon", "coordinates": [[[-9256, 4780], [-9230, 4780], [-9230, 4761], [-9229, 4742], [-9229, 4742], [-9255, 4741], [-9255, 4731], [-9268, 4731], [-9281, 4731], [-9282, 4750], [-9281, 4760], [-9281, 4770], [-9282, 4780], [-9256, 4780]]]}, "type": "Feature", "properties": {"name": "Genesee County", "stateAbbrev": "MI", "state": "Michigan", "fips": "049", "incits": "26049", "id": "US.MI.049", "population": 415376}}, {"geometry": {"type": "Polygon", "coordinates": [[[-9307, 4731], [-9285, 4731], [-9283, 4731], [-9281, 4731], [-9268, 4731], [-9255, 4731], [-9254, 4712], [-9252, 4692], [-9283, 4692], [-9304, 4692], [-9305, 4692], [-9305, 4705], [-9306, 4723], [-9307, 4731]]]}, "type": "Feature", "properties": {"name": "Livingston County", "stateAbbrev": "MI", "state": "Michigan", "fips": "093", "incits": "26093", "id": "US.MI.093", "population": 184443}}, {"geometry": {"type": "Polygon", "coordinates": [[[-9304, 4692], [-9283, 4692], [-9252, 4692], [-9240, 4693], [-9239, 4678], [-9238, 4654], [-9264, 4654], [-9290, 4653], [-9290, 4653], [-9304, 4653], [-9304, 4663], [-9304, 4672], [-9304, 4692]]]}, "type": "Feature", "properties": {"name": "Washtenaw County", "stateAbbrev": "MI", "state": "Michigan", "fips": "161", "incits": "26161", "id": "US.MI.161", "population": 354240}}, {"geometry": {"type": "Polygon", "coordinates": [[[-9240, 4693], [-9226, 4693], [-9188, 4694], [-9164, 4695], [-9151, 4695], [-9160, 4686], [-9173, 4683], [-9178, 4681], [-9182, 4681], [-9186, 4680], [-9190, 4676], [-9193, 4671], [-9194, 4664], [-9192, 4659], [-9195, 4649], [-9195, 4648], [-9200, 4648], [-9209, 4653], [-9210, 4655], [-9210, 4655], [-9211, 4655], [-9225, 4655], [-9225, 4654], [-9238, 4654], [-9239, 4678], [-9240, 4693]]]}, "type": "Feature", "properties": {"name": "Wayne County", "stateAbbrev": "MI", "state": "Michigan", "fips": "163", "incits": "26163", "id": "US.MI.163", "population": 1775273}}, {"geometry": {"type": "Polygon", "coordinates": [[[-9264, 4654], [-9238, 4654], [-9225, 4654], [-9225, 4655], [-9211, 4655], [-9210, 4655], [-9210, 4655], [-9209, 4653], [-9200, 4648], [-9201, 4647], [-9202, 4645], [-9206, 4642], [-9208, 4638], [-9211, 4639], [-9213, 4638], [-9215, 4636], [-9215, 4633], [-9221, 4630], [-9224, 4625], [-9227, 4624], [-9228, 4623], [-9226, 4618], [-9230, 4618], [-9229, 4615], [-9263, 4614], [-9264, 4634], [-9264, 4654]]]}, "type": "Feature", "properties": {"name": "Monroe County", "stateAbbrev": "MI", "state": "Michigan", "fips": "115", "incits": "26115", "id": "US.MI.115", "population": 150376}}, {"geometry": {"type": "Polygon", "coordinates": [[[-9551, 4672], [-9535, 4672], [-9535, 4653], [-9535, 4643], [-9535, 4618], [-9572, 4618], [-9602, 4618], [-9595, 4622], [-9586, 4627], [-9579, 4633], [-9575, 4639], [-9572, 4645], [-9568, 4651], [-9565, 4656], [-9565, 4658], [-9561, 4661], [-9554, 4668], [-9551, 4672]]]}, "type": "Feature", "properties": {"name": "Berrien County", "stateAbbrev": "MI", "state": "Michigan", "fips": "021", "incits": "26021", "id": "US.MI.021", "population": 155252}}, {"geometry": {"type": "Polygon", "coordinates": [[[-9308, 4818], [-9308, 4832], [-9308, 4847], [-9308, 4865], [-9294, 4866], [-9294, 4856], [-9279, 4856], [-9280, 4851], [-9281, 4850], [-9280, 4847], [-9281, 4842], [-9283, 4840], [-9285, 4840], [-9283, 4835], [-9279, 4830], [-9273, 4827], [-9270, 4827], [-9262, 4825], [-9256, 4822], [-9256, 4808], [-9269, 4808], [-9269, 4813], [-9295, 4813], [-9295, 4818], [-9308, 4818]]]}, "type": "Feature", "properties": {"name": "Bay County", "stateAbbrev": "MI", "state": "Michigan", "fips": "017", "incits": "26017", "id": "US.MI.017", "population": 106832}}, {"geometry": {"type": "Polygon", "coordinates": [[[-9256, 4822], [-9253, 4821], [-9250, 4823], [-9241, 4831], [-9239, 4833], [-9236, 4835], [-9233, 4833], [-9231, 4836], [-9230, 4829], [-9205, 4830], [-9192, 4830], [-9190, 4791], [-9192, 4791], [-9218, 4791], [-9218, 4781], [-9230, 4781], [-9230, 4780], [-9256, 4780], [-9256, 4791], [-9256, 4791], [-9256, 4808], [-9256, 4822]]]}, "type": "Feature", "properties": {"name": "Tuscola County", "stateAbbrev": "MI", "state": "Michigan", "fips": "157", "incits": "26157", "id": "US.MI.157", "population": 54263}}, {"geometry": {"type": "Polygon", "coordinates": [[[-9308, 4884], [-9276, 4884], [-9261, 4884], [-9241, 4884], [-9242, 4877], [-9244, 4874], [-9243, 4871], [-9247, 4872], [-9250, 4872], [-9253, 4871], [-9254, 4868], [-9254, 4865], [-9259, 4866], [-9261, 4865], [-9264, 4864], [-9271, 4864], [-9276, 4860], [-9279, 4856], [-9294, 4856], [-9294, 4866], [-9308, 4865], [-9308, 4884]]]}, "type": "Feature", "properties": {"name": "Arenac County", "stateAbbrev": "MI", "state": "Michigan", "fips": "011", "incits": "26011", "id": "US.MI.011", "population": 15487}}, {"geometry": {"type": "MultiPolygon", "coordinates": [[[[-9135, 4832], [-9192, 4830], [-9205, 4830], [-9230, 4829], [-9231, 4836], [-9227, 4842], [-9226, 4844], [-9223, 4847], [-9222, 4849], [-9219, 4850], [-9216, 4853], [-9215, 4856], [-9211, 4858], [-9208, 4863], [-9204, 4864], [-9195, 4865], [-9191, 4866], [-9187, 4866], [-9184, 4868], [-9181, 4871], [-9178, 4871], [-9175, 4873], [-9173, 4873], [-9170, 4873], [-9165, 4871], [-9160, 4870], [-9153, 4867], [-9150, 4865], [-9145, 4858], [-9144, 4856], [-9143, 4853], [-9140, 4851], [-9140, 4848], [-9138, 4846], [-9136, 4842], [-9136, 4838], [-9135, 4834], [-9135, 4832]]], [[[-9230, 4844], [-9230, 4846], [-9227, 4849], [-9224, 4847], [-9224, 4845], [-9227, 4846], [-9230, 4844]]]]}, "type": "Feature", "properties": {"name": "Huron County", "stateAbbrev": "MI", "state": "Michigan", "fips": "063", "incits": "26063", "id": "US.MI.063", "population": 32224}}, {"geometry": {"type": "Polygon", "coordinates": [[[-9178, 4772], [-9157, 4773], [-9124, 4774], [-9122, 4767], [-9115, 4757], [-9115, 4754], [-9114, 4753], [-9116, 4750], [-9119, 4747], [-9120, 4743], [-9120, 4740], [-9122, 4734], [-9120, 4729], [-9122, 4726], [-9122, 4724], [-9125, 4718], [-9125, 4715], [-9126, 4712], [-9135, 4705], [-9139, 4706], [-9142, 4704], [-9148, 4697], [-9148, 4714], [-9146, 4720], [-9149, 4723], [-9150, 4744], [-9155, 4744], [-9177, 4743], [-9178, 4761], [-9178, 4772]]]}, "type": "Feature", "properties": {"name": "St. Clair County", "stateAbbrev": "MI", "state": "Michigan", "fips": "147", "incits": "26147", "id": "US.MI.147", "population": 160469}}, {"geometry": {"type": "Polygon", "coordinates": [[[-9357, 4883], [-9330, 4884], [-9308, 4884], [-9308, 4865], [-9308, 4847], [-9330, 4847], [-9330, 4845], [-9357, 4845], [-9356, 4874], [-9357, 4883]]]}, "type": "Feature", "properties": {"name": "Gladwin County", "stateAbbrev": "MI", "state": "Michigan", "fips": "051", "incits": "26051", "id": "US.MI.051", "population": 25493}}, {"geometry": {"type": "Polygon", "coordinates": [[[-9192, 4791], [-9190, 4791], [-9192, 4830], [-9135, 4832], [-9135, 4828], [-9134, 4823], [-9135, 4822], [-9131, 4810], [-9129, 4808], [-9129, 4805], [-9128, 4803], [-9128, 4800], [-9127, 4798], [-9128, 4794], [-9127, 4793], [-9127, 4789], [-9126, 4785], [-9126, 4784], [-9125, 4778], [-9124, 4774], [-9157, 4773], [-9178, 4772], [-9179, 4787], [-9192, 4787], [-9192, 4791]]]}, "type": "Feature", "properties": {"name": "Sanilac County", "stateAbbrev": "MI", "state": "Michigan", "fips": "151", "incits": "26151", "id": "US.MI.151", "population": 41823}}, {"geometry": {"type": "Polygon", "coordinates": [[[-9330, 4770], [-9321, 4769], [-9281, 4770], [-9281, 4760], [-9282, 4750], [-9281, 4731], [-9283, 4731], [-9285, 4731], [-9307, 4731], [-9329, 4730], [-9330, 4739], [-9330, 4768], [-9330, 4770]]]}, "type": "Feature", "properties": {"name": "Shiawassee County", "stateAbbrev": "MI", "state": "Michigan", "fips": "155", "incits": "26155", "id": "US.MI.155", "population": 68900}}, {"geometry": {"type": "Polygon", "coordinates": [[[-9330, 4807], [-9330, 4809], [-9308, 4809], [-9308, 4818], [-9295, 4818], [-9295, 4813], [-9269, 4813], [-9269, 4808], [-9256, 4808], [-9256, 4791], [-9256, 4791], [-9256, 4780], [-9282, 4780], [-9281, 4770], [-9321, 4769], [-9330, 4770], [-9330, 4807]]]}, "type": "Feature", "properties": {"name": "Saginaw County", "stateAbbrev": "MI", "state": "Michigan", "fips": "145", "incits": "26145", "id": "US.MI.145", "population": 196542}}, {"geometry": {"type": "Polygon", "coordinates": [[[-9277, 4922], [-9248, 4922], [-9214, 4922], [-9214, 4921], [-9215, 4915], [-9214, 4911], [-9216, 4907], [-9216, 4903], [-9220, 4902], [-9225, 4898], [-9226, 4896], [-9231, 4897], [-9235, 4896], [-9238, 4894], [-9240, 4890], [-9240, 4888], [-9241, 4884], [-9261, 4884], [-9276, 4884], [-9276, 4909], [-9277, 4922]]]}, "type": "Feature", "properties": {"name": "Iosco County", "stateAbbrev": "MI", "state": "Michigan", "fips": "069", "incits": "26069", "id": "US.MI.069", "population": 25429}}, {"geometry": {"type": "Polygon", "coordinates": [[[-9356, 4730], [-9330, 4730], [-9329, 4730], [-9307, 4731], [-9306, 4723], [-9305, 4705], [-9305, 4692], [-9330, 4691], [-9356, 4691], [-9356, 4701], [-9356, 4730]]]}, "type": "Feature", "properties": {"name": "Ingham County", "stateAbbrev": "MI", "state": "Michigan", "fips": "065", "incits": "26065", "id": "US.MI.065", "population": 282234}}, {"geometry": {"type": "Polygon", "coordinates": [[[-9369, 4691], [-9356, 4691], [-9330, 4691], [-9305, 4692], [-9304, 4692], [-9304, 4672], [-9304, 4663], [-9304, 4653], [-9330, 4653], [-9368, 4652], [-9369, 4672], [-9369, 4691]]]}, "type": "Feature", "properties": {"name": "Jackson County", "stateAbbrev": "MI", "state": "Michigan", "fips": "075", "incits": "26075", "id": "US.MI.075", "population": 160369}}, {"geometry": {"type": "MultiPolygon", "coordinates": [[[[-9788, 5229], [-9784, 5232], [-9783, 5235], [-9779, 5238], [-9773, 5241], [-9767, 5242], [-9763, 5244], [-9759, 5245], [-9756, 5247], [-9752, 5248], [-9737, 5250], [-9729, 5251], [-9721, 5250], [-9718, 5249], [-9715, 5250], [-9710, 5250], [-9706, 5249], [-9700, 5246], [-9701, 5242], [-9703, 5242], [-9707, 5241], [-9711, 5240], [-9715, 5241], [-9718, 5241], [-9727, 5240], [-9728, 5238], [-9725, 5236], [-9733, 5231], [-9738, 5230], [-9742, 5226], [-9745, 5225], [-9746, 5224], [-9751, 5221], [-9755, 5221], [-9757, 5220], [-9765, 5220], [-9765, 5229], [-9788, 5229]]], [[[-9693, 5244], [-9690, 5245], [-9689, 5243], [-9693, 5244]]], [[[-9882, 5306], [-9880, 5305], [-9856, 5315], [-9807, 5335], [-9773, 5342], [-9756, 5336], [-9766, 5326], [-9766, 5313], [-9784, 5308], [-9821, 5295], [-9841, 5288], [-9856, 5283], [-9882, 5283], [-9882, 5306]]]]}, "type": "Feature", "properties": {"name": "Keweenaw County", "stateAbbrev": "MI", "state": "Michigan", "fips": "083", "incits": "26083", "id": "US.MI.083", "population": 2191}}, {"geometry": {"type": "Polygon", "coordinates": [[[-9382, 4769], [-9330, 4768], [-9330, 4739], [-9329, 4730], [-9330, 4730], [-9356, 4730], [-9382, 4730], [-9382, 4739], [-9382, 4749], [-9382, 4769]]]}, "type": "Feature", "properties": {"name": "Clinton County", "stateAbbrev": "MI", "state": "Michigan", "fips": "037", "incits": "26037", "id": "US.MI.037", "population": 76739}}, {"geometry": {"type": "Polygon", "coordinates": [[[-9408, 4730], [-9382, 4730], [-9356, 4730], [-9356, 4701], [-9356, 4691], [-9369, 4691], [-9395, 4691], [-9408, 4691], [-9408, 4730]]]}, "type": "Feature", "properties": {"name": "Eaton County", "stateAbbrev": "MI", "state": "Michigan", "fips": "045", "incits": "26045", "id": "US.MI.045", "population": 108348}}, {"geometry": {"type": "Polygon", "coordinates": [[[-9491, 4922], [-9490, 4951], [-9471, 4951], [-9466, 4951], [-9464, 4956], [-9462, 4958], [-9461, 4961], [-9459, 4962], [-9458, 4965], [-9461, 4965], [-9458, 4969], [-9458, 4973], [-9452, 4975], [-9451, 4972], [-9454, 4972], [-9454, 4966], [-9455, 4960], [-9460, 4958], [-9462, 4956], [-9462, 4953], [-9464, 4950], [-9461, 4949], [-9458, 4949], [-9456, 4951], [-9456, 4954], [-9452, 4956], [-9449, 4961], [-9442, 4961], [-9440, 4957], [-9437, 4956], [-9437, 4922], [-9464, 4922], [-9491, 4922]]]}, "type": "Feature", "properties": {"name": "Grand Traverse County", "stateAbbrev": "MI", "state": "Michigan", "fips": "055", "incits": "26055", "id": "US.MI.055", "population": 89987}}, {"geometry": {"type": "MultiPolygon", "coordinates": [[[[-9471, 4951], [-9490, 4951], [-9519, 4952], [-9519, 4954], [-9518, 4957], [-9518, 4964], [-9518, 4966], [-9515, 4967], [-9511, 4965], [-9508, 4966], [-9507, 4969], [-9504, 4972], [-9501, 4973], [-9499, 4972], [-9497, 4970], [-9495, 4970], [-9489, 4971], [-9486, 4974], [-9486, 4978], [-9484, 4979], [-9482, 4982], [-9478, 4984], [-9475, 4987], [-9475, 4989], [-9472, 4993], [-9468, 4997], [-9464, 4997], [-9460, 5000], [-9458, 4997], [-9459, 4996], [-9462, 4994], [-9465, 4993], [-9468, 4990], [-9466, 4986], [-9462, 4983], [-9465, 4983], [-9466, 4979], [-9470, 4976], [-9472, 4974], [-9470, 4973], [-9467, 4974], [-9466, 4968], [-9469, 4968], [-9472, 4962], [-9472, 4958], [-9470, 4954], [-9471, 4951]]], [[[-9518, 4992], [-9516, 4994], [-9511, 4994], [-9508, 4992], [-9509, 4986], [-9507, 4984], [-9510, 4982], [-9515, 4986], [-9517, 4988], [-9518, 4992]]], [[[-9528, 4978], [-9526, 4981], [-9523, 4982], [-9520, 4981], [-9522, 4979], [-9521, 4977], [-9525, 4976], [-9528, 4978]]], [[[-9498, 5026], [-9495, 5025], [-9492, 5023], [-9491, 5021], [-9492, 5018], [-9497, 5024], [-9498, 5026]]]]}, "type": "Feature", "properties": {"name": "Leelanau County", "stateAbbrev": "MI", "state": "Michigan", "fips": "089", "incits": "26089", "id": "US.MI.089", "population": 21747}}, {"geometry": {"type": "Polygon", "coordinates": [[[-9745, 5078], [-9745, 5100], [-9745, 5114], [-9703, 5114], [-9690, 5114], [-9690, 5085], [-9690, 5076], [-9698, 5076], [-9698, 5056], [-9715, 5056], [-9718, 5060], [-9724, 5061], [-9728, 5060], [-9731, 5064], [-9736, 5064], [-9737, 5063], [-9742, 5063], [-9743, 5065], [-9746, 5066], [-9746, 5068], [-9741, 5071], [-9739, 5073], [-9743, 5074], [-9745, 5078]]]}, "type": "Feature", "properties": {"name": "Dickinson County", "stateAbbrev": "MI", "state": "Michigan", "fips": "043", "incits": "26043", "id": "US.MI.043", "population": 26098}}, {"geometry": {"type": "Polygon", "coordinates": [[[-9940, 5172], [-9938, 5172], [-9938, 5153], [-9924, 5152], [-9924, 5143], [-9883, 5143], [-9883, 5124], [-9841, 5124], [-9841, 5114], [-9841, 5098], [-9852, 5102], [-9894, 5110], [-9944, 5120], [-9966, 5124], [-9966, 5127], [-9968, 5128], [-9970, 5132], [-9971, 5135], [-9972, 5136], [-9977, 5142], [-9978, 5143], [-9982, 5143], [-9983, 5144], [-9988, 5144], [-9987, 5146], [-9990, 5148], [-9992, 5147], [-9997, 5146], [-9999, 5150], [-9990, 5154], [-9987, 5154], [-9982, 5156], [-9971, 5159], [-9966, 5159], [-9958, 5161], [-9955, 5162], [-9950, 5165], [-9944, 5169], [-9940, 5172]]]}, "type": "Feature", "properties": {"name": "Gogebic County", "stateAbbrev": "MI", "state": "Michigan", "fips": "053", "incits": "26053", "id": "US.MI.053", "population": 15916}}, {"geometry": {"type": "Polygon", "coordinates": [[[-9841, 5133], [-9807, 5133], [-9745, 5133], [-9745, 5114], [-9745, 5100], [-9745, 5078], [-9752, 5081], [-9757, 5081], [-9760, 5083], [-9761, 5082], [-9765, 5082], [-9768, 5083], [-9774, 5086], [-9775, 5085], [-9779, 5085], [-9783, 5087], [-9787, 5087], [-9788, 5089], [-9794, 5089], [-9797, 5088], [-9798, 5089], [-9800, 5086], [-9805, 5086], [-9807, 5089], [-9810, 5089], [-9813, 5090], [-9818, 5089], [-9824, 5090], [-9826, 5091], [-9841, 5098], [-9841, 5114], [-9841, 5124], [-9841, 5133]]]}, "type": "Feature", "properties": {"name": "Iron County", "stateAbbrev": "MI", "state": "Michigan", "fips": "071", "incits": "26071", "id": "US.MI.071", "population": 11516}}, {"geometry": {"type": "Polygon", "coordinates": [[[-9737, 5188], [-9731, 5187], [-9727, 5188], [-9720, 5188], [-9715, 5185], [-9711, 5186], [-9707, 5184], [-9706, 5182], [-9703, 5183], [-9702, 5179], [-9699, 5178], [-9696, 5180], [-9695, 5178], [-9691, 5177], [-9687, 5173], [-9686, 5168], [-9685, 5167], [-9680, 5164], [-9679, 5162], [-9677, 5159], [-9673, 5157], [-9672, 5155], [-9669, 5152], [-9664, 5151], [-9665, 5150], [-9663, 5147], [-9665, 5146], [-9662, 5143], [-9657, 5142], [-9648, 5141], [-9643, 5141], [-9640, 5143], [-9636, 5142], [-9634, 5142], [-9634, 5105], [-9648, 5104], [-9648, 5085], [-9662, 5085], [-9690, 5085], [-9690, 5114], [-9703, 5114], [-9745, 5114], [-9745, 5133], [-9745, 5162], [-9731, 5162], [-9731, 5172], [-9737, 5172], [-9737, 5188]]]}, "type": "Feature", "properties": {"name": "Marquette County", "stateAbbrev": "MI", "state": "Michigan", "fips": "103", "incits": "26103", "id": "US.MI.103", "population": 67700}}, {"geometry": {"type": "Polygon", "coordinates": [[[-9715, 5056], [-9698, 5056], [-9698, 5076], [-9690, 5076], [-9690, 5085], [-9662, 5085], [-9662, 5076], [-9657, 5076], [-9658, 5037], [-9650, 5037], [-9653, 5032], [-9658, 5026], [-9658, 5023], [-9661, 5021], [-9661, 5019], [-9664, 5017], [-9666, 5013], [-9669, 5012], [-9669, 5009], [-9672, 5007], [-9681, 4998], [-9684, 4996], [-9687, 4993], [-9689, 4989], [-9687, 4987], [-9694, 4988], [-9697, 4992], [-9700, 4994], [-9702, 4996], [-9703, 4998], [-9702, 4999], [-9701, 5002], [-9700, 5003], [-9697, 5009], [-9693, 5014], [-9694, 5017], [-9698, 5020], [-9701, 5018], [-9704, 5015], [-9708, 5016], [-9715, 5015], [-9719, 5017], [-9716, 5019], [-9715, 5022], [-9716, 5024], [-9711, 5028], [-9709, 5032], [-9710, 5033], [-9710, 5037], [-9707, 5043], [-9711, 5047], [-9712, 5050], [-9707, 5051], [-9710, 5053], [-9711, 5055], [-9715, 5056]]]}, "type": "Feature", "properties": {"name": "Menominee County", "stateAbbrev": "MI", "state": "Michigan", "fips": "109", "incits": "26109", "id": "US.MI.109", "population": 23791}}, {"geometry": {"type": "Polygon", "coordinates": [[[-9940, 5172], [-9936, 5175], [-9931, 5177], [-9922, 5179], [-9916, 5179], [-9911, 5178], [-9903, 5180], [-9899, 5180], [-9894, 5180], [-9888, 5180], [-9881, 5182], [-9866, 5189], [-9861, 5194], [-9856, 5197], [-9851, 5196], [-9847, 5198], [-9842, 5197], [-9837, 5199], [-9835, 5201], [-9835, 5172], [-9827, 5172], [-9827, 5162], [-9841, 5162], [-9841, 5133], [-9841, 5124], [-9883, 5124], [-9883, 5143], [-9924, 5143], [-9924, 5152], [-9938, 5153], [-9938, 5172], [-9940, 5172]]]}, "type": "Feature", "properties": {"name": "Ontonagon County", "stateAbbrev": "MI", "state": "Michigan", "fips": "131", "incits": "26131", "id": "US.MI.131", "population": 6322}}, {"geometry": {"type": "Polygon", "coordinates": [[[-9432, 4653], [-9419, 4653], [-9381, 4653], [-9380, 4618], [-9397, 4618], [-9432, 4618], [-9432, 4633], [-9432, 4653]]]}, "type": "Feature", "properties": {"name": "Branch County", "stateAbbrev": "MI", "state": "Michigan", "fips": "023", "incits": "26023", "id": "US.MI.023", "population": 43649}}, {"geometry": {"type": "Polygon", "coordinates": [[[-9535, 4618], [-9535, 4643], [-9535, 4653], [-9510, 4652], [-9484, 4652], [-9484, 4634], [-9484, 4622], [-9487, 4620], [-9487, 4618], [-9515, 4618], [-9535, 4618]]]}, "type": "Feature", "properties": {"name": "Cass County", "stateAbbrev": "MI", "state": "Michigan", "fips": "027", "incits": "26027", "id": "US.MI.027", "population": 51910}}, {"geometry": {"type": "Polygon", "coordinates": [[[-9381, 4653], [-9368, 4652], [-9330, 4653], [-9329, 4612], [-9372, 4611], [-9378, 4611], [-9378, 4618], [-9380, 4618], [-9381, 4653]]]}, "type": "Feature", "properties": {"name": "Hillsdale County", "stateAbbrev": "MI", "state": "Michigan", "fips": "059", "incits": "26059", "id": "US.MI.059", "population": 46101}}, {"geometry": {"type": "Polygon", "coordinates": [[[-9330, 4653], [-9304, 4653], [-9290, 4653], [-9290, 4653], [-9264, 4654], [-9264, 4634], [-9263, 4614], [-9315, 4613], [-9329, 4612], [-9330, 4653]]]}, "type": "Feature", "properties": {"name": "Lenawee County", "stateAbbrev": "MI", "state": "Michigan", "fips": "091", "incits": "26091", "id": "US.MI.091", "population": 99188}}, {"geometry": {"type": "Polygon", "coordinates": [[[-9484, 4652], [-9459, 4653], [-9432, 4653], [-9432, 4633], [-9432, 4618], [-9467, 4618], [-9487, 4618], [-9487, 4620], [-9484, 4622], [-9484, 4634], [-9484, 4652]]]}, "type": "Feature", "properties": {"name": "St. Joseph County", "stateAbbrev": "MI", "state": "Michigan", "fips": "149", "incits": "26149", "id": "US.MI.149", "population": 60964}}, {"geometry": {"type": "MultiPolygon", "coordinates": [[[[-9634, 5142], [-9630, 5144], [-9624, 5145], [-9623, 5146], [-9619, 5145], [-9617, 5144], [-9613, 5138], [-9609, 5138], [-9607, 5135], [-9603, 5135], [-9601, 5135], [-9600, 5138], [-9598, 5140], [-9594, 5140], [-9591, 5139], [-9588, 5136], [-9583, 5136], [-9584, 5133], [-9581, 5132], [-9571, 5142], [-9569, 5142], [-9568, 5144], [-9565, 5145], [-9562, 5148], [-9559, 5148], [-9552, 5150], [-9547, 5152], [-9531, 5160], [-9526, 5161], [-9524, 5160], [-9518, 5160], [-9515, 5161], [-9508, 5162], [-9505, 5162], [-9500, 5163], [-9495, 5163], [-9495, 5143], [-9537, 5143], [-9551, 5143], [-9551, 5124], [-9579, 5124], [-9579, 5105], [-9607, 5104], [-9634, 5105], [-9634, 5142]]], [[[-9589, 5147], [-9587, 5149], [-9583, 5149], [-9580, 5146], [-9580, 5143], [-9582, 5141], [-9578, 5139], [-9581, 5137], [-9583, 5139], [-9586, 5137], [-9586, 5142], [-9588, 5144], [-9589, 5147]]]]}, "type": "Feature", "properties": {"name": "Alger County", "stateAbbrev": "MI", "state": "Michigan", "fips": "003", "incits": "26003", "id": "US.MI.003", "population": 9522}}, {"geometry": {"type": "Polygon", "coordinates": [[[-9782, 5191], [-9784, 5185], [-9785, 5179], [-9783, 5174], [-9785, 5174], [-9787, 5171], [-9784, 5170], [-9780, 5175], [-9774, 5180], [-9775, 5183], [-9771, 5182], [-9766, 5185], [-9761, 5188], [-9759, 5190], [-9754, 5191], [-9749, 5194], [-9748, 5192], [-9752, 5189], [-9757, 5186], [-9759, 5184], [-9762, 5180], [-9760, 5180], [-9758, 5183], [-9752, 5187], [-9746, 5188], [-9741, 5189], [-9737, 5188], [-9737, 5172], [-9731, 5172], [-9731, 5162], [-9745, 5162], [-9745, 5133], [-9807, 5133], [-9807, 5152], [-9807, 5172], [-9807, 5181], [-9793, 5181], [-9793, 5191], [-9782, 5191]]]}, "type": "Feature", "properties": {"name": "Baraga County", "stateAbbrev": "MI", "state": "Michigan", "fips": "013", "incits": "26013", "id": "US.MI.013", "population": 8695}}, {"geometry": {"type": "MultiPolygon", "coordinates": [[[[-9427, 5171], [-9416, 5172], [-9411, 5171], [-9404, 5171], [-9397, 5173], [-9395, 5172], [-9401, 5167], [-9403, 5164], [-9404, 5153], [-9403, 5147], [-9406, 5145], [-9405, 5143], [-9404, 5141], [-9401, 5140], [-9396, 5140], [-9393, 5141], [-9389, 5139], [-9385, 5139], [-9382, 5136], [-9381, 5136], [-9374, 5137], [-9364, 5141], [-9359, 5141], [-9355, 5136], [-9356, 5133], [-9354, 5133], [-9351, 5133], [-9345, 5136], [-9342, 5135], [-9340, 5136], [-9340, 5139], [-9335, 5141], [-9333, 5141], [-9328, 5143], [-9323, 5141], [-9323, 5139], [-9318, 5135], [-9317, 5131], [-9314, 5126], [-9314, 5119], [-9311, 5117], [-9309, 5114], [-9313, 5114], [-9314, 5110], [-9317, 5107], [-9314, 5105], [-9311, 5106], [-9309, 5108], [-9308, 5106], [-9302, 5105], [-9299, 5103], [-9296, 5103], [-9292, 5102], [-9296, 5100], [-9297, 5097], [-9293, 5094], [-9292, 5093], [-9290, 5092], [-9287, 5090], [-9283, 5090], [-9279, 5088], [-9278, 5086], [-9280, 5083], [-9287, 5084], [-9291, 5082], [-9299, 5084], [-9302, 5085], [-9302, 5085], [-9316, 5086], [-9316, 5095], [-9329, 5095], [-9330, 5104], [-9362, 5104], [-9413, 5104], [-9413, 5114], [-9426, 5114], [-9426, 5143], [-9427, 5171]]], [[[-9276, 5084], [-9274, 5088], [-9272, 5090], [-9271, 5088], [-9268, 5085], [-9265, 5087], [-9263, 5090], [-9260, 5090], [-9258, 5091], [-9256, 5091], [-9253, 5093], [-9253, 5095], [-9257, 5096], [-9259, 5097], [-9258, 5098], [-9248, 5098], [-9244, 5097], [-9240, 5094], [-9239, 5089], [-9233, 5087], [-9231, 5085], [-9234, 5083], [-9237, 5078], [-9238, 5078], [-9245, 5079], [-9248, 5080], [-9251, 5081], [-9258, 5080], [-9261, 5080], [-9263, 5082], [-9266, 5080], [-9268, 5080], [-9268, 5083], [-9272, 5082], [-9272, 5084], [-9276, 5084]]], [[[-9321, 5140], [-9320, 5141], [-9317, 5142], [-9313, 5146], [-9309, 5145], [-9305, 5146], [-9304, 5143], [-9306, 5141], [-9306, 5139], [-9308, 5138], [-9311, 5134], [-9311, 5133], [-9306, 5130], [-9306, 5128], [-9304, 5126], [-9302, 5123], [-9309, 5124], [-9310, 5128], [-9315, 5130], [-9316, 5136], [-9320, 5138], [-9321, 5140]]], [[[-9313, 5119], [-9313, 5123], [-9309, 5123], [-9304, 5122], [-9303, 5117], [-9301, 5116], [-9303, 5112], [-9306, 5112], [-9309, 5114], [-9309, 5116], [-9313, 5119]]]]}, "type": "Feature", "properties": {"name": "Chippewa County", "stateAbbrev": "MI", "state": "Michigan", "fips": "033", "incits": "26033", "id": "US.MI.033", "population": 38696}}, {"geometry": {"type": "MultiPolygon", "coordinates": [[[[-9662, 5085], [-9648, 5085], [-9648, 5104], [-9634, 5105], [-9607, 5104], [-9579, 5105], [-9565, 5105], [-9565, 5075], [-9562, 5075], [-9562, 5060], [-9564, 5059], [-9566, 5060], [-9570, 5059], [-9569, 5055], [-9574, 5056], [-9575, 5054], [-9575, 5052], [-9576, 5050], [-9580, 5049], [-9579, 5045], [-9582, 5045], [-9586, 5047], [-9590, 5050], [-9590, 5052], [-9587, 5052], [-9584, 5054], [-9585, 5056], [-9579, 5059], [-9581, 5061], [-9580, 5063], [-9575, 5063], [-9574, 5065], [-9572, 5066], [-9572, 5068], [-9569, 5071], [-9570, 5074], [-9574, 5076], [-9578, 5073], [-9581, 5072], [-9581, 5070], [-9584, 5069], [-9591, 5070], [-9594, 5072], [-9597, 5071], [-9596, 5066], [-9598, 5064], [-9600, 5064], [-9600, 5062], [-9604, 5058], [-9603, 5056], [-9607, 5055], [-9610, 5055], [-9615, 5054], [-9617, 5052], [-9619, 5055], [-9618, 5060], [-9620, 5066], [-9621, 5067], [-9619, 5070], [-9615, 5073], [-9615, 5076], [-9619, 5076], [-9621, 5074], [-9624, 5071], [-9621, 5070], [-9625, 5069], [-9627, 5066], [-9628, 5060], [-9626, 5059], [-9629, 5056], [-9628, 5055], [-9632, 5054], [-9632, 5052], [-9635, 5052], [-9640, 5050], [-9641, 5048], [-9643, 5047], [-9648, 5040], [-9650, 5037], [-9658, 5037], [-9657, 5076], [-9662, 5076], [-9662, 5085]]], [[[-9584, 5040], [-9583, 5041], [-9579, 5039], [-9580, 5037], [-9582, 5037], [-9584, 5040]]]]}, "type": "Feature", "properties": {"name": "Delta County", "stateAbbrev": "MI", "state": "Michigan", "fips": "041", "incits": "26041", "id": "US.MI.041", "population": 36905}}, {"geometry": {"type": "MultiPolygon", "coordinates": [[[[-9788, 5229], [-9765, 5229], [-9765, 5220], [-9757, 5220], [-9758, 5217], [-9758, 5214], [-9762, 5214], [-9764, 5212], [-9765, 5208], [-9770, 5206], [-9772, 5200], [-9777, 5196], [-9778, 5195], [-9782, 5199], [-9784, 5200], [-9784, 5204], [-9783, 5205], [-9778, 5208], [-9776, 5210], [-9777, 5215], [-9775, 5217], [-9777, 5218], [-9781, 5215], [-9777, 5214], [-9777, 5211], [-9780, 5208], [-9786, 5207], [-9787, 5210], [-9792, 5211], [-9797, 5211], [-9800, 5212], [-9802, 5217], [-9800, 5219], [-9800, 5221], [-9801, 5223], [-9799, 5224], [-9796, 5225], [-9788, 5229]]], [[[-9835, 5201], [-9833, 5204], [-9832, 5207], [-9830, 5209], [-9824, 5211], [-9822, 5213], [-9819, 5214], [-9817, 5214], [-9811, 5219], [-9806, 5222], [-9802, 5223], [-9800, 5222], [-9800, 5220], [-9803, 5217], [-9801, 5212], [-9797, 5211], [-9792, 5211], [-9788, 5210], [-9789, 5202], [-9785, 5201], [-9783, 5199], [-9780, 5197], [-9782, 5191], [-9793, 5191], [-9793, 5181], [-9807, 5181], [-9807, 5172], [-9807, 5152], [-9807, 5133], [-9841, 5133], [-9841, 5162], [-9827, 5162], [-9827, 5172], [-9835, 5172], [-9835, 5201]]]]}, "type": "Feature", "properties": {"name": "Houghton County", "stateAbbrev": "MI", "state": "Michigan", "fips": "061", "incits": "26061", "id": "US.MI.061", "population": 36225}}, {"geometry": {"type": "Polygon", "coordinates": [[[-9496, 5114], [-9495, 5143], [-9495, 5163], [-9484, 5162], [-9474, 5162], [-9464, 5162], [-9456, 5162], [-9439, 5167], [-9434, 5169], [-9427, 5171], [-9426, 5143], [-9426, 5114], [-9468, 5114], [-9496, 5114]]]}, "type": "Feature", "properties": {"name": "Luce County", "stateAbbrev": "MI", "state": "Michigan", "fips": "095", "incits": "26095", "id": "US.MI.095", "population": 6502}}, {"geometry": {"type": "MultiPolygon", "coordinates": [[[[-9496, 5114], [-9468, 5114], [-9426, 5114], [-9413, 5114], [-9413, 5104], [-9362, 5104], [-9330, 5104], [-9329, 5095], [-9316, 5095], [-9316, 5086], [-9302, 5085], [-9302, 5085], [-9307, 5085], [-9311, 5084], [-9313, 5085], [-9315, 5084], [-9319, 5086], [-9322, 5085], [-9326, 5087], [-9329, 5087], [-9329, 5084], [-9333, 5086], [-9338, 5088], [-9343, 5087], [-9348, 5086], [-9350, 5090], [-9352, 5091], [-9356, 5090], [-9361, 5093], [-9364, 5092], [-9366, 5090], [-9365, 5088], [-9365, 5084], [-9370, 5083], [-9371, 5081], [-9369, 5079], [-9370, 5078], [-9369, 5072], [-9367, 5070], [-9371, 5070], [-9373, 5069], [-9377, 5072], [-9380, 5072], [-9382, 5074], [-9382, 5076], [-9385, 5077], [-9388, 5079], [-9391, 5079], [-9394, 5083], [-9400, 5088], [-9405, 5089], [-9411, 5090], [-9416, 5093], [-9422, 5093], [-9423, 5093], [-9429, 5094], [-9436, 5097], [-9440, 5097], [-9447, 5098], [-9450, 5097], [-9453, 5098], [-9458, 5097], [-9463, 5094], [-9466, 5090], [-9470, 5086], [-9471, 5085], [-9473, 5083], [-9482, 5083], [-9490, 5085], [-9493, 5083], [-9496, 5083], [-9496, 5114]]], [[[-9355, 5066], [-9353, 5067], [-9350, 5066], [-9345, 5066], [-9337, 5063], [-9334, 5064], [-9329, 5062], [-9330, 5059], [-9336, 5056], [-9344, 5058], [-9350, 5064], [-9355, 5066]]], [[[-9361, 5072], [-9359, 5074], [-9357, 5072], [-9358, 5070], [-9361, 5072]]], [[[-9338, 5083], [-9336, 5082], [-9335, 5085], [-9332, 5086], [-9328, 5081], [-9329, 5080], [-9334, 5081], [-9338, 5083]]]]}, "type": "Feature", "properties": {"name": "Mackinac County", "stateAbbrev": "MI", "state": "Michigan", "fips": "097", "incits": "26097", "id": "US.MI.097", "population": 11061}}, {"geometry": {"type": "Polygon", "coordinates": [[[-9579, 5105], [-9579, 5124], [-9551, 5124], [-9551, 5143], [-9537, 5143], [-9495, 5143], [-9496, 5114], [-9496, 5083], [-9499, 5083], [-9502, 5082], [-9502, 5078], [-9505, 5080], [-9512, 5082], [-9517, 5083], [-9524, 5083], [-9529, 5082], [-9533, 5083], [-9536, 5081], [-9541, 5081], [-9541, 5080], [-9545, 5078], [-9548, 5072], [-9547, 5071], [-9549, 5069], [-9549, 5067], [-9552, 5064], [-9554, 5064], [-9556, 5064], [-9559, 5060], [-9562, 5060], [-9562, 5075], [-9565, 5075], [-9565, 5105], [-9579, 5105]]]}, "type": "Feature", "properties": {"name": "Schoolcraft County", "stateAbbrev": "MI", "state": "Michigan", "fips": "153", "incits": "26153", "id": "US.MI.153", "population": 8247}}, {"geometry": {"type": "Polygon", "coordinates": [[[-9277, 4961], [-9266, 4961], [-9237, 4961], [-9214, 4961], [-9212, 4958], [-9211, 4955], [-9212, 4950], [-9211, 4947], [-9209, 4945], [-9211, 4938], [-9212, 4936], [-9214, 4932], [-9213, 4926], [-9214, 4922], [-9248, 4922], [-9277, 4922], [-9277, 4941], [-9277, 4961]]]}, "type": "Feature", "properties": {"name": "Alcona County", "stateAbbrev": "MI", "state": "Michigan", "fips": "001", "incits": "26001", "id": "US.MI.001", "population": 10578}}, {"geometry": {"type": "Polygon", "coordinates": [[[-9541, 4691], [-9540, 4693], [-9538, 4699], [-9537, 4704], [-9535, 4711], [-9536, 4715], [-9535, 4718], [-9533, 4723], [-9534, 4730], [-9509, 4730], [-9500, 4730], [-9486, 4730], [-9460, 4730], [-9460, 4710], [-9460, 4691], [-9484, 4691], [-9510, 4691], [-9541, 4691]]]}, "type": "Feature", "properties": {"name": "Allegan County", "stateAbbrev": "MI", "state": "Michigan", "fips": "005", "incits": "26005", "id": "US.MI.005", "population": 112531}}, {"geometry": {"type": "Polygon", "coordinates": [[[-9277, 4961], [-9277, 4971], [-9277, 4980], [-9276, 4980], [-9276, 4999], [-9249, 4999], [-9236, 4999], [-9222, 4999], [-9220, 4997], [-9219, 4996], [-9217, 4994], [-9213, 4990], [-9214, 4990], [-9212, 4987], [-9213, 4985], [-9212, 4982], [-9210, 4982], [-9208, 4979], [-9217, 4981], [-9221, 4985], [-9227, 4983], [-9228, 4981], [-9229, 4979], [-9227, 4978], [-9229, 4976], [-9228, 4972], [-9226, 4969], [-9223, 4966], [-9218, 4964], [-9213, 4963], [-9214, 4961], [-9237, 4961], [-9266, 4961], [-9277, 4961]]]}, "type": "Feature", "properties": {"name": "Alpena County", "stateAbbrev": "MI", "state": "Michigan", "fips": "007", "incits": "26007", "id": "US.MI.007", "population": 29091}}, {"geometry": {"type": "Polygon", "coordinates": [[[-9443, 4999], [-9425, 4999], [-9425, 4989], [-9398, 4990], [-9385, 4989], [-9384, 4980], [-9383, 4980], [-9383, 4970], [-9383, 4966], [-9383, 4961], [-9410, 4961], [-9432, 4961], [-9436, 4961], [-9436, 4960], [-9435, 4959], [-9435, 4956], [-9437, 4956], [-9440, 4957], [-9442, 4961], [-9449, 4961], [-9445, 4966], [-9442, 4973], [-9441, 4977], [-9442, 4982], [-9440, 4984], [-9440, 4989], [-9441, 4990], [-9442, 4996], [-9443, 4999]]]}, "type": "Feature", "properties": {"name": "Antrim County", "stateAbbrev": "MI", "state": "Michigan", "fips": "009", "incits": "26009", "id": "US.MI.009", "population": 23370}}, {"geometry": {"type": "Polygon", "coordinates": [[[-9460, 4730], [-9434, 4730], [-9408, 4730], [-9408, 4691], [-9433, 4691], [-9460, 4691], [-9460, 4710], [-9460, 4730]]]}, "type": "Feature", "properties": {"name": "Barry County", "stateAbbrev": "MI", "state": "Michigan", "fips": "015", "incits": "26015", "id": "US.MI.015", "population": 59097}}, {"geometry": {"type": "Polygon", "coordinates": [[[-9519, 4952], [-9490, 4951], [-9491, 4922], [-9517, 4923], [-9536, 4923], [-9535, 4929], [-9536, 4933], [-9539, 4939], [-9539, 4942], [-9537, 4944], [-9530, 4945], [-9528, 4947], [-9522, 4947], [-9520, 4948], [-9519, 4952]]]}, "type": "Feature", "properties": {"name": "Benzie County", "stateAbbrev": "MI", "state": "Michigan", "fips": "019", "incits": "26019", "id": "US.MI.019", "population": 17428}}, {"geometry": {"type": "Polygon", "coordinates": [[[-9433, 4691], [-9408, 4691], [-9395, 4691], [-9369, 4691], [-9369, 4672], [-9368, 4652], [-9381, 4653], [-9419, 4653], [-9432, 4653], [-9433, 4675], [-9433, 4691]]]}, "type": "Feature", "properties": {"name": "Calhoun County", "stateAbbrev": "MI", "state": "Michigan", "fips": "025", "incits": "26025", "id": "US.MI.025", "population": 135012}}, {"geometry": {"type": "MultiPolygon", "coordinates": [[[[-9470, 5042], [-9468, 5046], [-9467, 5047], [-9467, 5052], [-9463, 5055], [-9462, 5058], [-9460, 5060], [-9455, 5060], [-9457, 5058], [-9455, 5057], [-9454, 5054], [-9456, 5051], [-9454, 5048], [-9454, 5045], [-9454, 5044], [-9458, 5042], [-9459, 5040], [-9462, 5040], [-9465, 5041], [-9468, 5041], [-9470, 5042]]], [[[-9459, 5065], [-9459, 5067], [-9457, 5068], [-9453, 5066], [-9451, 5064], [-9454, 5063], [-9455, 5064], [-9459, 5065]]], [[[-9447, 5063], [-9444, 5062], [-9442, 5064], [-9442, 5066], [-9439, 5065], [-9439, 5062], [-9441, 5061], [-9447, 5063]]], [[[-9411, 5017], [-9411, 5014], [-9405, 5013], [-9402, 5009], [-9401, 5007], [-9397, 5006], [-9397, 5009], [-9370, 5008], [-9371, 4999], [-9371, 4989], [-9385, 4989], [-9398, 4990], [-9425, 4989], [-9425, 4999], [-9443, 4999], [-9443, 5002], [-9441, 5006], [-9438, 5008], [-9436, 5010], [-9430, 5011], [-9422, 5016], [-9420, 5016], [-9415, 5018], [-9411, 5017]]], [[[-9478, 5058], [-9475, 5059], [-9472, 5058], [-9472, 5056], [-9474, 5054], [-9477, 5053], [-9476, 5056], [-9478, 5058]]]]}, "type": "Feature", "properties": {"name": "Charlevoix County", "stateAbbrev": "MI", "state": "Michigan", "fips": "029", "incits": "26029", "id": "US.MI.029", "population": 26129}}, {"geometry": {"type": "Polygon", "coordinates": [[[-9371, 4999], [-9370, 5008], [-9370, 5037], [-9370, 5064], [-9369, 5062], [-9361, 5058], [-9359, 5058], [-9353, 5055], [-9344, 5051], [-9343, 5050], [-9337, 5048], [-9335, 5050], [-9331, 5049], [-9326, 5050], [-9317, 5047], [-9317, 5024], [-9317, 5008], [-9317, 4998], [-9330, 4998], [-9357, 4999], [-9371, 4999]]]}, "type": "Feature", "properties": {"name": "Cheboygan County", "stateAbbrev": "MI", "state": "Michigan", "fips": "031", "incits": "26031", "id": "US.MI.031", "population": 25726}}, {"geometry": {"type": "Polygon", "coordinates": [[[-9409, 4884], [-9384, 4884], [-9357, 4883], [-9356, 4874], [-9357, 4845], [-9370, 4845], [-9397, 4845], [-9410, 4845], [-9410, 4864], [-9409, 4884]]]}, "type": "Feature", "properties": {"name": "Clare County", "stateAbbrev": "MI", "state": "Michigan", "fips": "035", "incits": "26035", "id": "US.MI.035", "population": 30569}}, {"geometry": {"type": "MultiPolygon", "coordinates": [[[[-9370, 5064], [-9370, 5037], [-9370, 5008], [-9397, 5009], [-9397, 5006], [-9401, 5007], [-9402, 5009], [-9405, 5013], [-9411, 5014], [-9411, 5017], [-9404, 5016], [-9401, 5017], [-9399, 5017], [-9396, 5018], [-9391, 5020], [-9391, 5023], [-9395, 5024], [-9400, 5024], [-9404, 5025], [-9407, 5026], [-9410, 5029], [-9413, 5036], [-9413, 5040], [-9410, 5043], [-9407, 5047], [-9402, 5049], [-9399, 5052], [-9397, 5052], [-9394, 5055], [-9393, 5057], [-9396, 5060], [-9393, 5060], [-9390, 5059], [-9387, 5060], [-9383, 5059], [-9381, 5060], [-9377, 5059], [-9375, 5064], [-9372, 5063], [-9370, 5064]]], [[[-9409, 5061], [-9403, 5061], [-9403, 5060], [-9409, 5061]]]]}, "type": "Feature", "properties": {"name": "Emmet County", "stateAbbrev": "MI", "state": "Michigan", "fips": "047", "incits": "26047", "id": "US.MI.047", "population": 33140}}, {"geometry": {"type": "Polygon", "coordinates": [[[-9383, 4807], [-9357, 4807], [-9330, 4807], [-9330, 4770], [-9330, 4768], [-9382, 4769], [-9382, 4788], [-9383, 4788], [-9383, 4807]]]}, "type": "Feature", "properties": {"name": "Gratiot County", "stateAbbrev": "MI", "state": "Michigan", "fips": "057", "incits": "26057", "id": "US.MI.057", "population": 41968}}, {"geometry": {"type": "Polygon", "coordinates": [[[-9434, 4768], [-9408, 4769], [-9382, 4769], [-9382, 4749], [-9382, 4739], [-9382, 4730], [-9408, 4730], [-9434, 4730], [-9434, 4739], [-9435, 4749], [-9434, 4768]]]}, "type": "Feature", "properties": {"name": "Ionia County", "stateAbbrev": "MI", "state": "Michigan", "fips": "067", "incits": "26067", "id": "US.MI.067", "population": 64073}}, {"geometry": {"type": "Polygon", "coordinates": [[[-9410, 4845], [-9397, 4845], [-9370, 4845], [-9357, 4845], [-9356, 4826], [-9357, 4807], [-9383, 4807], [-9409, 4807], [-9409, 4816], [-9410, 4836], [-9410, 4845]]]}, "type": "Feature", "properties": {"name": "Isabella County", "stateAbbrev": "MI", "state": "Michigan", "fips": "073", "incits": "26073", "id": "US.MI.073", "population": 70436}}, {"geometry": {"type": "Polygon", "coordinates": [[[-9484, 4691], [-9460, 4691], [-9433, 4691], [-9433, 4675], [-9432, 4653], [-9459, 4653], [-9484, 4652], [-9485, 4662], [-9484, 4691]]]}, "type": "Feature", "properties": {"name": "Kalamazoo County", "stateAbbrev": "MI", "state": "Michigan", "fips": "077", "incits": "26077", "id": "US.MI.077", "population": 256725}}, {"geometry": {"type": "Polygon", "coordinates": [[[-9437, 4922], [-9437, 4956], [-9435, 4956], [-9435, 4959], [-9436, 4960], [-9436, 4961], [-9432, 4961], [-9410, 4961], [-9396, 4961], [-9383, 4961], [-9383, 4951], [-9383, 4932], [-9384, 4922], [-9397, 4922], [-9437, 4922]]]}, "type": "Feature", "properties": {"name": "Kalkaska County", "stateAbbrev": "MI", "state": "Michigan", "fips": "079", "incits": "26079", "id": "US.MI.079", "population": 17196}}, {"geometry": {"type": "Polygon", "coordinates": [[[-9487, 4778], [-9487, 4788], [-9462, 4788], [-9434, 4788], [-9434, 4768], [-9435, 4749], [-9434, 4739], [-9434, 4730], [-9460, 4730], [-9486, 4730], [-9486, 4746], [-9487, 4759], [-9487, 4778]]]}, "type": "Feature", "properties": {"name": "Kent County", "stateAbbrev": "MI", "state": "Michigan", "fips": "081", "incits": "26081", "id": "US.MI.081", "population": 621700}}, {"geometry": {"type": "Polygon", "coordinates": [[[-9515, 4884], [-9504, 4884], [-9491, 4884], [-9462, 4884], [-9462, 4864], [-9462, 4845], [-9476, 4845], [-9515, 4845], [-9515, 4855], [-9515, 4884]]]}, "type": "Feature", "properties": {"name": "Lake County", "stateAbbrev": "MI", "state": "Michigan", "fips": "085", "incits": "26085", "id": "US.MI.085", "population": 11386}}, {"geometry": {"type": "Polygon", "coordinates": [[[-9553, 4886], [-9549, 4891], [-9548, 4894], [-9546, 4895], [-9544, 4899], [-9540, 4905], [-9538, 4911], [-9538, 4919], [-9536, 4923], [-9517, 4923], [-9491, 4922], [-9491, 4884], [-9504, 4884], [-9515, 4884], [-9553, 4886]]]}, "type": "Feature", "properties": {"name": "Manistee County", "stateAbbrev": "MI", "state": "Michigan", "fips": "101", "incits": "26101", "id": "US.MI.101", "population": 24450}}, {"geometry": {"type": "Polygon", "coordinates": [[[-9553, 4886], [-9515, 4884], [-9515, 4855], [-9515, 4845], [-9541, 4846], [-9558, 4846], [-9559, 4850], [-9560, 4854], [-9560, 4857], [-9562, 4860], [-9562, 4863], [-9567, 4870], [-9567, 4872], [-9566, 4874], [-9560, 4878], [-9558, 4879], [-9555, 4883], [-9553, 4886]]]}, "type": "Feature", "properties": {"name": "Mason County", "stateAbbrev": "MI", "state": "Michigan", "fips": "105", "incits": "26105", "id": "US.MI.105", "population": 28605}}, {"geometry": {"type": "Polygon", "coordinates": [[[-9462, 4845], [-9436, 4845], [-9423, 4845], [-9410, 4845], [-9410, 4836], [-9409, 4816], [-9409, 4807], [-9449, 4807], [-9462, 4807], [-9462, 4826], [-9462, 4845]]]}, "type": "Feature", "properties": {"name": "Mecosta County", "stateAbbrev": "MI", "state": "Michigan", "fips": "107", "incits": "26107", "id": "US.MI.107", "population": 43108}}, {"geometry": {"type": "Polygon", "coordinates": [[[-9357, 4807], [-9356, 4826], [-9357, 4845], [-9330, 4845], [-9330, 4847], [-9308, 4847], [-9308, 4832], [-9308, 4818], [-9308, 4809], [-9330, 4809], [-9330, 4807], [-9357, 4807]]]}, "type": "Feature", "properties": {"name": "Midland County", "stateAbbrev": "MI", "state": "Michigan", "fips": "111", "incits": "26111", "id": "US.MI.111", "population": 83919}}, {"geometry": {"type": "Polygon", "coordinates": [[[-9437, 4922], [-9397, 4922], [-9384, 4922], [-9384, 4893], [-9384, 4884], [-9409, 4884], [-9437, 4884], [-9437, 4894], [-9437, 4913], [-9437, 4922]]]}, "type": "Feature", "properties": {"name": "Missaukee County", "stateAbbrev": "MI", "state": "Michigan", "fips": "113", "incits": "26113", "id": "US.MI.113", "population": 15051}}, {"geometry": {"type": "Polygon", "coordinates": [[[-9462, 4807], [-9449, 4807], [-9409, 4807], [-9383, 4807], [-9383, 4788], [-9382, 4788], [-9382, 4769], [-9408, 4769], [-9434, 4768], [-9434, 4788], [-9462, 4788], [-9462, 4807]]]}, "type": "Feature", "properties": {"name": "Montcalm County", "stateAbbrev": "MI", "state": "Michigan", "fips": "117", "incits": "26117", "id": "US.MI.117", "population": 63105}}, {"geometry": {"type": "Polygon", "coordinates": [[[-9331, 4961], [-9330, 4998], [-9317, 4998], [-9290, 4998], [-9276, 4999], [-9276, 4980], [-9277, 4980], [-9277, 4971], [-9277, 4961], [-9304, 4960], [-9331, 4961]]]}, "type": "Feature", "properties": {"name": "Montmorency County", "stateAbbrev": "MI", "state": "Michigan", "fips": "119", "incits": "26119", "id": "US.MI.119", "population": 9350}}, {"geometry": {"type": "Polygon", "coordinates": [[[-9562, 4807], [-9554, 4808], [-9537, 4807], [-9515, 4807], [-9515, 4788], [-9500, 4787], [-9487, 4788], [-9487, 4778], [-9500, 4778], [-9500, 4768], [-9528, 4768], [-9541, 4768], [-9546, 4778], [-9555, 4791], [-9557, 4796], [-9560, 4803], [-9562, 4807]]]}, "type": "Feature", "properties": {"name": "Muskegon County", "stateAbbrev": "MI", "state": "Michigan", "fips": "121", "incits": "26121", "id": "US.MI.121", "population": 171008}}, {"geometry": {"type": "Polygon", "coordinates": [[[-9515, 4845], [-9476, 4845], [-9462, 4845], [-9462, 4826], [-9462, 4807], [-9462, 4788], [-9487, 4788], [-9500, 4787], [-9515, 4788], [-9515, 4807], [-9515, 4816], [-9515, 4826], [-9515, 4845]]]}, "type": "Feature", "properties": {"name": "Newaygo County", "stateAbbrev": "MI", "state": "Michigan", "fips": "123", "incits": "26123", "id": "US.MI.123", "population": 48001}}, {"geometry": {"type": "Polygon", "coordinates": [[[-9558, 4846], [-9541, 4846], [-9515, 4845], [-9515, 4826], [-9515, 4816], [-9515, 4807], [-9537, 4807], [-9554, 4808], [-9562, 4807], [-9563, 4811], [-9569, 4820], [-9570, 4825], [-9570, 4829], [-9567, 4833], [-9562, 4838], [-9559, 4843], [-9558, 4846]]]}, "type": "Feature", "properties": {"name": "Oceana County", "stateAbbrev": "MI", "state": "Michigan", "fips": "127", "incits": "26127", "id": "US.MI.127", "population": 26245}}, {"geometry": {"type": "Polygon", "coordinates": [[[-9331, 4922], [-9317, 4922], [-9290, 4922], [-9277, 4922], [-9276, 4909], [-9276, 4884], [-9308, 4884], [-9330, 4884], [-9331, 4922]]]}, "type": "Feature", "properties": {"name": "Ogemaw County", "stateAbbrev": "MI", "state": "Michigan", "fips": "129", "incits": "26129", "id": "US.MI.129", "population": 21234}}, {"geometry": {"type": "Polygon", "coordinates": [[[-9462, 4845], [-9462, 4864], [-9462, 4884], [-9437, 4884], [-9409, 4884], [-9410, 4864], [-9410, 4845], [-9423, 4845], [-9436, 4845], [-9462, 4845]]]}, "type": "Feature", "properties": {"name": "Osceola County", "stateAbbrev": "MI", "state": "Michigan", "fips": "133", "incits": "26133", "id": "US.MI.133", "population": 23259}}, {"geometry": {"type": "Polygon", "coordinates": [[[-9384, 4922], [-9383, 4932], [-9383, 4951], [-9383, 4961], [-9369, 4961], [-9356, 4961], [-9331, 4961], [-9331, 4922], [-9343, 4922], [-9370, 4922], [-9384, 4922]]]}, "type": "Feature", "properties": {"name": "Crawford County", "stateAbbrev": "MI", "state": "Michigan", "fips": "039", "incits": "26039", "id": "US.MI.039", "population": 13904}}, {"geometry": {"type": "Polygon", "coordinates": [[[-9331, 4961], [-9304, 4960], [-9277, 4961], [-9277, 4941], [-9277, 4922], [-9290, 4922], [-9317, 4922], [-9331, 4922], [-9331, 4961]]]}, "type": "Feature", "properties": {"name": "Oscoda County", "stateAbbrev": "MI", "state": "Michigan", "fips": "135", "incits": "26135", "id": "US.MI.135", "population": 8379}}, {"geometry": {"type": "Polygon", "coordinates": [[[-9385, 4989], [-9371, 4989], [-9371, 4999], [-9357, 4999], [-9330, 4998], [-9331, 4961], [-9356, 4961], [-9369, 4961], [-9383, 4961], [-9383, 4966], [-9383, 4970], [-9383, 4980], [-9384, 4980], [-9385, 4989]]]}, "type": "Feature", "properties": {"name": "Otsego County", "stateAbbrev": "MI", "state": "Michigan", "fips": "137", "incits": "26137", "id": "US.MI.137", "population": 24129}}, {"geometry": {"type": "Polygon", "coordinates": [[[-9541, 4768], [-9528, 4768], [-9500, 4768], [-9500, 4778], [-9487, 4778], [-9487, 4759], [-9486, 4746], [-9486, 4730], [-9500, 4730], [-9509, 4730], [-9534, 4730], [-9534, 4739], [-9535, 4752], [-9536, 4757], [-9538, 4762], [-9539, 4764], [-9541, 4768]]]}, "type": "Feature", "properties": {"name": "Ottawa County", "stateAbbrev": "MI", "state": "Michigan", "fips": "139", "incits": "26139", "id": "US.MI.139", "population": 272701}}, {"geometry": {"type": "Polygon", "coordinates": [[[-9317, 5047], [-9313, 5047], [-9308, 5042], [-9305, 5040], [-9303, 5038], [-9303, 5034], [-9300, 5032], [-9298, 5031], [-9291, 5031], [-9283, 5031], [-9279, 5030], [-9274, 5026], [-9270, 5024], [-9264, 5021], [-9258, 5022], [-9256, 5020], [-9252, 5019], [-9245, 5015], [-9240, 5015], [-9238, 5016], [-9233, 5014], [-9231, 5014], [-9227, 5010], [-9221, 5006], [-9222, 5004], [-9224, 5003], [-9222, 4999], [-9236, 4999], [-9249, 4999], [-9276, 4999], [-9290, 4998], [-9317, 4998], [-9317, 5008], [-9317, 5024], [-9317, 5047]]]}, "type": "Feature", "properties": {"name": "Presque Isle County", "stateAbbrev": "MI", "state": "Michigan", "fips": "141", "incits": "26141", "id": "US.MI.141", "population": 13062}}, {"geometry": {"type": "Polygon", "coordinates": [[[-9384, 4884], [-9384, 4893], [-9384, 4922], [-9370, 4922], [-9343, 4922], [-9331, 4922], [-9330, 4884], [-9357, 4883], [-9384, 4884]]]}, "type": "Feature", "properties": {"name": "Roscommon County", "stateAbbrev": "MI", "state": "Michigan", "fips": "143", "incits": "26143", "id": "US.MI.143", "population": 24014}}, {"geometry": {"type": "Polygon", "coordinates": [[[-9551, 4672], [-9548, 4676], [-9544, 4684], [-9541, 4691], [-9510, 4691], [-9484, 4691], [-9485, 4662], [-9484, 4652], [-9510, 4652], [-9535, 4653], [-9535, 4672], [-9551, 4672]]]}, "type": "Feature", "properties": {"name": "Van Buren County", "stateAbbrev": "MI", "state": "Michigan", "fips": "159", "incits": "26159", "id": "US.MI.159", "population": 75455}}, {"geometry": {"type": "Polygon", "coordinates": [[[-9491, 4922], [-9464, 4922], [-9437, 4922], [-9437, 4913], [-9437, 4894], [-9437, 4884], [-9462, 4884], [-9491, 4884], [-9491, 4922]]]}, "type": "Feature", "properties": {"name": "Wexford County", "stateAbbrev": "MI", "state": "Michigan", "fips": "165", "incits": "26165", "id": "US.MI.165", "population": 32645}}], "ac-tx": {"default": {"crs": "wsg84", "scale": 110.58717911216355, "xoffset": 0, "yoffset": 0}}}